[0.000000] (-) TimerEvent: {}
[0.000609] (rotor_tm_config) JobQueued: {'identifier': 'rotor_tm_config', 'dependencies': OrderedDict()}
[0.000774] (rotor_tm_keyboard2wrench) JobQueued: {'identifier': 'rotor_tm_keyboard2wrench', 'dependencies': OrderedDict()}
[0.000811] (rotor_tm_msgs) JobQueued: {'identifier': 'rotor_tm_msgs', 'dependencies': OrderedDict()}
[0.000916] (rotor_tm_traj) JobQueued: {'identifier': 'rotor_tm_traj', 'dependencies': OrderedDict()}
[0.000941] (rotor_tm_utils) JobQueued: {'identifier': 'rotor_tm_utils', 'dependencies': OrderedDict()}
[0.000970] (rotor_tm_control) JobQueued: {'identifier': 'rotor_tm_control', 'dependencies': OrderedDict([('rotor_tm_msgs', '/home/swati/Quad_DR/RotorTM/install/rotor_tm_msgs'), ('rotor_tm_utils', '/home/swati/Quad_DR/RotorTM/install/rotor_tm_utils')])}
[0.001193] (rotor_tm_sim) JobQueued: {'identifier': 'rotor_tm_sim', 'dependencies': OrderedDict([('rotor_tm_config', '/home/swati/Quad_DR/RotorTM/install/rotor_tm_config'), ('rotor_tm_msgs', '/home/swati/Quad_DR/RotorTM/install/rotor_tm_msgs'), ('rotor_tm_utils', '/home/swati/Quad_DR/RotorTM/install/rotor_tm_utils')])}
[0.001223] (rotor_tm_msgs) JobStarted: {'identifier': 'rotor_tm_msgs'}
[0.004567] (rotor_tm_utils) JobStarted: {'identifier': 'rotor_tm_utils'}
[0.014161] (rotor_tm_config) JobStarted: {'identifier': 'rotor_tm_config'}
[0.017788] (rotor_tm_keyboard2wrench) JobStarted: {'identifier': 'rotor_tm_keyboard2wrench'}
[0.021281] (rotor_tm_traj) JobStarted: {'identifier': 'rotor_tm_traj'}
[0.025731] (rotor_tm_msgs) JobProgress: {'identifier': 'rotor_tm_msgs', 'progress': 'cmake'}
[0.026607] (rotor_tm_msgs) JobProgress: {'identifier': 'rotor_tm_msgs', 'progress': 'build'}
[0.026741] (rotor_tm_msgs) Command: {'cmd': ['/opt/cmake-3.28.3-linux-x86_64/bin/cmake', '--build', '/home/swati/Quad_DR/RotorTM/build/rotor_tm_msgs', '--', '-j20', '-l20'], 'cwd': '/home/swati/Quad_DR/RotorTM/build/rotor_tm_msgs', 'env': OrderedDict([('LESSOPEN', '| /usr/bin/lesspipe %s'), ('USER', 'swati'), ('XDG_SESSION_TYPE', 'x11'), ('SHLVL', '1'), ('LD_LIBRARY_PATH', '/home/swati/Quad_DR/RotorTM/install/rotor_tm_msgs/lib:/opt/hsl/ma27:/usr/lib/x86_64-linux-gnu/gazebo-11/plugins:/opt/ros/humble/opt/rviz_ogre_vendor/lib:/opt/ros/humble/lib/x86_64-linux-gnu:/opt/ros/humble/lib::/usr/share/gazebo/../../lib/x86_64-linux-gnu/gazebo-11/plugins::/home/swati/acados/lib:/home/swati/acados/mpcenv/lib:/home/swati/.casadi_cpp/lib:/opt/hsl/lib'), ('ACADOS_SOURCE_DIR', '/home/swati/acados'), ('HOME', '/home/swati'), ('OLDPWD', '/home/swati/Quad_DR/RotorTM/src'), ('DESKTOP_SESSION', 'ubuntu'), ('GAZEBO_MASTER_URI', 'http://localhost:11345'), ('ROS_PYTHON_VERSION', '3'), ('GNOME_SHELL_SESSION_MODE', 'ubuntu'), ('GTK_MODULES', 'gail:atk-bridge'), ('SYSTEMD_EXEC_PID', '3446'), ('DBUS_SESSION_BUS_ADDRESS', 'unix:path=/run/user/1000/bus'), ('COLORTERM', 'truecolor'), ('CARLA_ROOT', '/home/swati/carla_sim/'), ('COLCON_PREFIX_PATH', '/home/swati/Quad_DR/RotorTM/install'), ('ROS_DISTRO', 'humble'), ('GTK_IM_MODULE', 'ibus'), ('LOGNAME', 'swati'), ('_', '/usr/bin/colcon'), ('ROS_VERSION', '2'), ('XDG_SESSION_CLASS', 'user'), ('USERNAME', 'swati'), ('TERM', 'xterm-256color'), ('GAZEBO_MODEL_PATH', '/usr/share/gazebo/../../share/gazebo-11/models:'), ('GNOME_DESKTOP_SESSION_ID', 'this-is-deprecated'), ('ROS_LOCALHOST_ONLY', '0'), ('WINDOWPATH', '2'), ('OGRE_RESOURCE_PATH', '/usr/lib/x86_64-linux-gnu/OGRE-1.9.0'), ('PATH', '/opt/cmake-3.28.3-linux-x86_64/bin:/opt/ros/humble/bin:/home/swati/miniconda3/bin:/home/swati/.cargo/bin:/home/swati/.local/bin:/usr/local/sbin:/usr/local/bin:/usr/sbin:/usr/bin:/sbin:/bin:/usr/games:/usr/local/games:/snap/bin:/snap/bin'), ('SESSION_MANAGER', 'local/swati-Legion-Slim-5-16IRH8:@/tmp/.ICE-unix/3157,unix/swati-Legion-Slim-5-16IRH8:/tmp/.ICE-unix/3157'), ('XDG_MENU_PREFIX', 'gnome-'), ('GNOME_TERMINAL_SCREEN', '/org/gnome/Terminal/screen/4377c507_a8f8_440a_80a2_e0efbbdc9216'), ('XDG_RUNTIME_DIR', '/run/user/1000'), ('DISPLAY', ':1'), ('LANG', 'en_US.UTF-8'), ('XDG_CURRENT_DESKTOP', 'ubuntu:GNOME'), ('XMODIFIERS', '@im=ibus'), ('XDG_SESSION_DESKTOP', 'ubuntu'), ('XAUTHORITY', '/run/user/1000/gdm/Xauthority'), ('LS_COLORS', 'rs=0:di=01;34:ln=01;36:mh=00:pi=40;33:so=01;35:do=01;35:bd=40;33;01:cd=40;33;01:or=40;31;01:mi=00:su=37;41:sg=30;43:ca=30;41:tw=30;42:ow=34;42:st=37;44:ex=01;32:*.tar=01;31:*.tgz=01;31:*.arc=01;31:*.arj=01;31:*.taz=01;31:*.lha=01;31:*.lz4=01;31:*.lzh=01;31:*.lzma=01;31:*.tlz=01;31:*.txz=01;31:*.tzo=01;31:*.t7z=01;31:*.zip=01;31:*.z=01;31:*.dz=01;31:*.gz=01;31:*.lrz=01;31:*.lz=01;31:*.lzo=01;31:*.xz=01;31:*.zst=01;31:*.tzst=01;31:*.bz2=01;31:*.bz=01;31:*.tbz=01;31:*.tbz2=01;31:*.tz=01;31:*.deb=01;31:*.rpm=01;31:*.jar=01;31:*.war=01;31:*.ear=01;31:*.sar=01;31:*.rar=01;31:*.alz=01;31:*.ace=01;31:*.zoo=01;31:*.cpio=01;31:*.7z=01;31:*.rz=01;31:*.cab=01;31:*.wim=01;31:*.swm=01;31:*.dwm=01;31:*.esd=01;31:*.jpg=01;35:*.jpeg=01;35:*.mjpg=01;35:*.mjpeg=01;35:*.gif=01;35:*.bmp=01;35:*.pbm=01;35:*.pgm=01;35:*.ppm=01;35:*.tga=01;35:*.xbm=01;35:*.xpm=01;35:*.tif=01;35:*.tiff=01;35:*.png=01;35:*.svg=01;35:*.svgz=01;35:*.mng=01;35:*.pcx=01;35:*.mov=01;35:*.mpg=01;35:*.mpeg=01;35:*.m2v=01;35:*.mkv=01;35:*.webm=01;35:*.webp=01;35:*.ogm=01;35:*.mp4=01;35:*.m4v=01;35:*.mp4v=01;35:*.vob=01;35:*.qt=01;35:*.nuv=01;35:*.wmv=01;35:*.asf=01;35:*.rm=01;35:*.rmvb=01;35:*.flc=01;35:*.avi=01;35:*.fli=01;35:*.flv=01;35:*.gl=01;35:*.dl=01;35:*.xcf=01;35:*.xwd=01;35:*.yuv=01;35:*.cgm=01;35:*.emf=01;35:*.ogv=01;35:*.ogx=01;35:*.aac=00;36:*.au=00;36:*.flac=00;36:*.m4a=00;36:*.mid=00;36:*.midi=00;36:*.mka=00;36:*.mp3=00;36:*.mpc=00;36:*.ogg=00;36:*.ra=00;36:*.wav=00;36:*.oga=00;36:*.opus=00;36:*.spx=00;36:*.xspf=00;36:'), ('GNOME_TERMINAL_SERVICE', ':1.135'), ('SSH_AGENT_LAUNCHER', 'gnome-keyring'), ('SSH_AUTH_SOCK', '/run/user/1000/keyring/ssh'), ('AMENT_PREFIX_PATH', '/home/swati/Quad_DR/RotorTM/install/rotor_tm_sim:/home/swati/Quad_DR/RotorTM/install/rotor_tm_control:/home/swati/Quad_DR/RotorTM/install/rotor_tm_utils:/home/swati/Quad_DR/RotorTM/install/rotor_tm_traj:/home/swati/Quad_DR/RotorTM/install/rotor_tm_msgs:/home/swati/Quad_DR/RotorTM/install/rotor_tm_keyboard2wrench:/home/swati/Quad_DR/RotorTM/install/rotor_tm_config:/opt/ros/humble'), ('SHELL', '/bin/bash'), ('QT_ACCESSIBILITY', '1'), ('GDMSESSION', 'ubuntu'), ('LESSCLOSE', '/usr/bin/lesspipe %s %s'), ('GPG_AGENT_INFO', '/run/user/1000/gnupg/S.gpg-agent:0:1'), ('GAZEBO_RESOURCE_PATH', '/usr/share/gazebo/../../share/gazebo-11:'), ('GAZEBO_MODEL_DATABASE_URI', 'http://models.gazebosim.org'), ('QT_IM_MODULE', 'ibus'), ('PWD', '/home/swati/Quad_DR/RotorTM/build/rotor_tm_msgs'), ('LC_ALL', 'en_US.UTF-8'), ('XDG_CONFIG_DIRS', '/etc/xdg/xdg-ubuntu:/etc/xdg'), ('GAZEBO_PLUGIN_PATH', '/usr/share/gazebo/../../lib/x86_64-linux-gnu/gazebo-11/plugins:'), ('XDG_DATA_DIRS', '/usr/share/ubuntu:/usr/share/gnome:/usr/local/share/:/usr/share/:/var/lib/snapd/desktop'), ('PYTHONPATH', '/home/swati/Quad_DR/RotorTM/install/rotor_tm_sim/lib/python3.10/site-packages:/home/swati/Quad_DR/RotorTM/install/rotor_tm_control/lib/python3.10/site-packages:/home/swati/Quad_DR/RotorTM/install/rotor_tm_utils/lib/python3.10/site-packages:/home/swati/Quad_DR/RotorTM/install/rotor_tm_traj/lib/python3.10/site-packages:/home/swati/Quad_DR/RotorTM/install/rotor_tm_msgs/local/lib/python3.10/dist-packages:/home/swati/Quad_DR/RotorTM/install/rotor_tm_keyboard2wrench/lib/python3.10/site-packages:/home/swati/Quad_DR/RotorTM/install/rotor_tm_config/lib/python3.10/site-packages:/opt/ros/humble/lib/python3.10/site-packages:/opt/ros/humble/local/lib/python3.10/dist-packages:/PythonAPI/carla/dist/carla-0.9.14-py3.10-linux-x86_64.egg:/home/swati/carla_sim10/Carla-0.10.0-Linux-Shipping/PythonAPI/carla'), ('CPATH', '/home/swati/.local/lib/python3.10/site-packages/casadi/include:'), ('COLCON', '1'), ('VTE_VERSION', '6800'), ('CMAKE_PREFIX_PATH', '/home/swati/Quad_DR/RotorTM/install/rotor_tm_msgs:/home/swati/Quad_DR/RotorTM/install/rotor_tm_sim:/home/swati/Quad_DR/RotorTM/install/rotor_tm_control:/home/swati/Quad_DR/RotorTM/install/rotor_tm_utils:/home/swati/Quad_DR/RotorTM/install/rotor_tm_traj:/home/swati/Quad_DR/RotorTM/install/rotor_tm_keyboard2wrench:/home/swati/Quad_DR/RotorTM/install/rotor_tm_config:/opt/ros/humble')]), 'shell': False}
[0.099856] (-) TimerEvent: {}
[0.200170] (-) TimerEvent: {}
[0.300423] (-) TimerEvent: {}
[0.400679] (-) TimerEvent: {}
[0.500980] (-) TimerEvent: {}
[0.574311] (rotor_tm_msgs) StdoutLine: {'line': b'[  0%] Built target rotor_tm_msgs__cpp\n'}
[0.574778] (rotor_tm_msgs) StdoutLine: {'line': b'[  0%] Built target ament_cmake_python_copy_rotor_tm_msgs\n'}
[0.574873] (rotor_tm_msgs) StdoutLine: {'line': b'[ 12%] Built target rotor_tm_msgs__rosidl_generator_c\n'}
[0.574911] (rotor_tm_msgs) StdoutLine: {'line': b'[ 24%] Built target rotor_tm_msgs__rosidl_typesupport_c\n'}
[0.574946] (rotor_tm_msgs) StdoutLine: {'line': b'[ 36%] Built target rotor_tm_msgs__rosidl_typesupport_introspection_c\n'}
[0.574981] (rotor_tm_msgs) StdoutLine: {'line': b'[ 48%] Built target rotor_tm_msgs__rosidl_typesupport_introspection_cpp\n'}
[0.575014] (rotor_tm_msgs) StdoutLine: {'line': b'[ 67%] Built target rotor_tm_msgs__rosidl_typesupport_fastrtps_cpp\n'}
[0.575046] (rotor_tm_msgs) StdoutLine: {'line': b'[ 72%] Built target rotor_tm_msgs__rosidl_typesupport_cpp\n'}
[0.575083] (rotor_tm_msgs) StdoutLine: {'line': b'[ 84%] Built target rotor_tm_msgs__rosidl_typesupport_fastrtps_c\n'}
[0.575118] (rotor_tm_msgs) StdoutLine: {'line': b'[ 84%] Built target rotor_tm_msgs\n'}
[0.575150] (rotor_tm_msgs) StdoutLine: {'line': b'[ 85%] Built target rotor_tm_msgs__py\n'}
[0.575182] (rotor_tm_msgs) StdoutLine: {'line': b'[ 96%] Built target rotor_tm_msgs__rosidl_generator_py\n'}
[0.575214] (rotor_tm_msgs) StdoutLine: {'line': b'[ 99%] Built target rotor_tm_msgs__rosidl_typesupport_fastrtps_c__pyext\n'}
[0.575246] (rotor_tm_msgs) StdoutLine: {'line': b'[ 99%] Built target rotor_tm_msgs__rosidl_typesupport_introspection_c__pyext\n'}
[0.575278] (rotor_tm_msgs) StdoutLine: {'line': b'[100%] Built target rotor_tm_msgs__rosidl_typesupport_c__pyext\n'}
[0.575310] (rotor_tm_msgs) StdoutLine: {'line': b'running egg_info\n'}
[0.575342] (rotor_tm_msgs) StdoutLine: {'line': b'writing rotor_tm_msgs.egg-info/PKG-INFO\n'}
[0.575373] (rotor_tm_msgs) StdoutLine: {'line': b'writing dependency_links to rotor_tm_msgs.egg-info/dependency_links.txt\n'}
[0.575403] (rotor_tm_msgs) StdoutLine: {'line': b'writing top-level names to rotor_tm_msgs.egg-info/top_level.txt\n'}
[0.575433] (rotor_tm_msgs) StdoutLine: {'line': b"reading manifest file 'rotor_tm_msgs.egg-info/SOURCES.txt'\n"}
[0.575464] (rotor_tm_msgs) StdoutLine: {'line': b"writing manifest file 'rotor_tm_msgs.egg-info/SOURCES.txt'\n"}
[0.575493] (rotor_tm_msgs) StdoutLine: {'line': b'[100%] Built target ament_cmake_python_build_rotor_tm_msgs_egg\n'}
[0.575808] (rotor_tm_msgs) CommandEnded: {'returncode': 0}
[0.601083] (-) TimerEvent: {}
[0.701288] (-) TimerEvent: {}
[0.801547] (-) TimerEvent: {}
[0.850395] (rotor_tm_msgs) JobProgress: {'identifier': 'rotor_tm_msgs', 'progress': 'install'}
[0.852859] (rotor_tm_msgs) Command: {'cmd': ['/opt/cmake-3.28.3-linux-x86_64/bin/cmake', '--install', '/home/swati/Quad_DR/RotorTM/build/rotor_tm_msgs'], 'cwd': '/home/swati/Quad_DR/RotorTM/build/rotor_tm_msgs', 'env': OrderedDict([('LESSOPEN', '| /usr/bin/lesspipe %s'), ('USER', 'swati'), ('XDG_SESSION_TYPE', 'x11'), ('SHLVL', '1'), ('LD_LIBRARY_PATH', '/home/swati/Quad_DR/RotorTM/install/rotor_tm_msgs/lib:/opt/hsl/ma27:/usr/lib/x86_64-linux-gnu/gazebo-11/plugins:/opt/ros/humble/opt/rviz_ogre_vendor/lib:/opt/ros/humble/lib/x86_64-linux-gnu:/opt/ros/humble/lib::/usr/share/gazebo/../../lib/x86_64-linux-gnu/gazebo-11/plugins::/home/swati/acados/lib:/home/swati/acados/mpcenv/lib:/home/swati/.casadi_cpp/lib:/opt/hsl/lib'), ('ACADOS_SOURCE_DIR', '/home/swati/acados'), ('HOME', '/home/swati'), ('OLDPWD', '/home/swati/Quad_DR/RotorTM/src'), ('DESKTOP_SESSION', 'ubuntu'), ('GAZEBO_MASTER_URI', 'http://localhost:11345'), ('ROS_PYTHON_VERSION', '3'), ('GNOME_SHELL_SESSION_MODE', 'ubuntu'), ('GTK_MODULES', 'gail:atk-bridge'), ('SYSTEMD_EXEC_PID', '3446'), ('DBUS_SESSION_BUS_ADDRESS', 'unix:path=/run/user/1000/bus'), ('COLORTERM', 'truecolor'), ('CARLA_ROOT', '/home/swati/carla_sim/'), ('COLCON_PREFIX_PATH', '/home/swati/Quad_DR/RotorTM/install'), ('ROS_DISTRO', 'humble'), ('GTK_IM_MODULE', 'ibus'), ('LOGNAME', 'swati'), ('_', '/usr/bin/colcon'), ('ROS_VERSION', '2'), ('XDG_SESSION_CLASS', 'user'), ('USERNAME', 'swati'), ('TERM', 'xterm-256color'), ('GAZEBO_MODEL_PATH', '/usr/share/gazebo/../../share/gazebo-11/models:'), ('GNOME_DESKTOP_SESSION_ID', 'this-is-deprecated'), ('ROS_LOCALHOST_ONLY', '0'), ('WINDOWPATH', '2'), ('OGRE_RESOURCE_PATH', '/usr/lib/x86_64-linux-gnu/OGRE-1.9.0'), ('PATH', '/opt/cmake-3.28.3-linux-x86_64/bin:/opt/ros/humble/bin:/home/swati/miniconda3/bin:/home/swati/.cargo/bin:/home/swati/.local/bin:/usr/local/sbin:/usr/local/bin:/usr/sbin:/usr/bin:/sbin:/bin:/usr/games:/usr/local/games:/snap/bin:/snap/bin'), ('SESSION_MANAGER', 'local/swati-Legion-Slim-5-16IRH8:@/tmp/.ICE-unix/3157,unix/swati-Legion-Slim-5-16IRH8:/tmp/.ICE-unix/3157'), ('XDG_MENU_PREFIX', 'gnome-'), ('GNOME_TERMINAL_SCREEN', '/org/gnome/Terminal/screen/4377c507_a8f8_440a_80a2_e0efbbdc9216'), ('XDG_RUNTIME_DIR', '/run/user/1000'), ('DISPLAY', ':1'), ('LANG', 'en_US.UTF-8'), ('XDG_CURRENT_DESKTOP', 'ubuntu:GNOME'), ('XMODIFIERS', '@im=ibus'), ('XDG_SESSION_DESKTOP', 'ubuntu'), ('XAUTHORITY', '/run/user/1000/gdm/Xauthority'), ('LS_COLORS', 'rs=0:di=01;34:ln=01;36:mh=00:pi=40;33:so=01;35:do=01;35:bd=40;33;01:cd=40;33;01:or=40;31;01:mi=00:su=37;41:sg=30;43:ca=30;41:tw=30;42:ow=34;42:st=37;44:ex=01;32:*.tar=01;31:*.tgz=01;31:*.arc=01;31:*.arj=01;31:*.taz=01;31:*.lha=01;31:*.lz4=01;31:*.lzh=01;31:*.lzma=01;31:*.tlz=01;31:*.txz=01;31:*.tzo=01;31:*.t7z=01;31:*.zip=01;31:*.z=01;31:*.dz=01;31:*.gz=01;31:*.lrz=01;31:*.lz=01;31:*.lzo=01;31:*.xz=01;31:*.zst=01;31:*.tzst=01;31:*.bz2=01;31:*.bz=01;31:*.tbz=01;31:*.tbz2=01;31:*.tz=01;31:*.deb=01;31:*.rpm=01;31:*.jar=01;31:*.war=01;31:*.ear=01;31:*.sar=01;31:*.rar=01;31:*.alz=01;31:*.ace=01;31:*.zoo=01;31:*.cpio=01;31:*.7z=01;31:*.rz=01;31:*.cab=01;31:*.wim=01;31:*.swm=01;31:*.dwm=01;31:*.esd=01;31:*.jpg=01;35:*.jpeg=01;35:*.mjpg=01;35:*.mjpeg=01;35:*.gif=01;35:*.bmp=01;35:*.pbm=01;35:*.pgm=01;35:*.ppm=01;35:*.tga=01;35:*.xbm=01;35:*.xpm=01;35:*.tif=01;35:*.tiff=01;35:*.png=01;35:*.svg=01;35:*.svgz=01;35:*.mng=01;35:*.pcx=01;35:*.mov=01;35:*.mpg=01;35:*.mpeg=01;35:*.m2v=01;35:*.mkv=01;35:*.webm=01;35:*.webp=01;35:*.ogm=01;35:*.mp4=01;35:*.m4v=01;35:*.mp4v=01;35:*.vob=01;35:*.qt=01;35:*.nuv=01;35:*.wmv=01;35:*.asf=01;35:*.rm=01;35:*.rmvb=01;35:*.flc=01;35:*.avi=01;35:*.fli=01;35:*.flv=01;35:*.gl=01;35:*.dl=01;35:*.xcf=01;35:*.xwd=01;35:*.yuv=01;35:*.cgm=01;35:*.emf=01;35:*.ogv=01;35:*.ogx=01;35:*.aac=00;36:*.au=00;36:*.flac=00;36:*.m4a=00;36:*.mid=00;36:*.midi=00;36:*.mka=00;36:*.mp3=00;36:*.mpc=00;36:*.ogg=00;36:*.ra=00;36:*.wav=00;36:*.oga=00;36:*.opus=00;36:*.spx=00;36:*.xspf=00;36:'), ('GNOME_TERMINAL_SERVICE', ':1.135'), ('SSH_AGENT_LAUNCHER', 'gnome-keyring'), ('SSH_AUTH_SOCK', '/run/user/1000/keyring/ssh'), ('AMENT_PREFIX_PATH', '/home/swati/Quad_DR/RotorTM/install/rotor_tm_sim:/home/swati/Quad_DR/RotorTM/install/rotor_tm_control:/home/swati/Quad_DR/RotorTM/install/rotor_tm_utils:/home/swati/Quad_DR/RotorTM/install/rotor_tm_traj:/home/swati/Quad_DR/RotorTM/install/rotor_tm_msgs:/home/swati/Quad_DR/RotorTM/install/rotor_tm_keyboard2wrench:/home/swati/Quad_DR/RotorTM/install/rotor_tm_config:/opt/ros/humble'), ('SHELL', '/bin/bash'), ('QT_ACCESSIBILITY', '1'), ('GDMSESSION', 'ubuntu'), ('LESSCLOSE', '/usr/bin/lesspipe %s %s'), ('GPG_AGENT_INFO', '/run/user/1000/gnupg/S.gpg-agent:0:1'), ('GAZEBO_RESOURCE_PATH', '/usr/share/gazebo/../../share/gazebo-11:'), ('GAZEBO_MODEL_DATABASE_URI', 'http://models.gazebosim.org'), ('QT_IM_MODULE', 'ibus'), ('PWD', '/home/swati/Quad_DR/RotorTM/build/rotor_tm_msgs'), ('LC_ALL', 'en_US.UTF-8'), ('XDG_CONFIG_DIRS', '/etc/xdg/xdg-ubuntu:/etc/xdg'), ('GAZEBO_PLUGIN_PATH', '/usr/share/gazebo/../../lib/x86_64-linux-gnu/gazebo-11/plugins:'), ('XDG_DATA_DIRS', '/usr/share/ubuntu:/usr/share/gnome:/usr/local/share/:/usr/share/:/var/lib/snapd/desktop'), ('PYTHONPATH', '/home/swati/Quad_DR/RotorTM/install/rotor_tm_sim/lib/python3.10/site-packages:/home/swati/Quad_DR/RotorTM/install/rotor_tm_control/lib/python3.10/site-packages:/home/swati/Quad_DR/RotorTM/install/rotor_tm_utils/lib/python3.10/site-packages:/home/swati/Quad_DR/RotorTM/install/rotor_tm_traj/lib/python3.10/site-packages:/home/swati/Quad_DR/RotorTM/install/rotor_tm_msgs/local/lib/python3.10/dist-packages:/home/swati/Quad_DR/RotorTM/install/rotor_tm_keyboard2wrench/lib/python3.10/site-packages:/home/swati/Quad_DR/RotorTM/install/rotor_tm_config/lib/python3.10/site-packages:/opt/ros/humble/lib/python3.10/site-packages:/opt/ros/humble/local/lib/python3.10/dist-packages:/PythonAPI/carla/dist/carla-0.9.14-py3.10-linux-x86_64.egg:/home/swati/carla_sim10/Carla-0.10.0-Linux-Shipping/PythonAPI/carla'), ('CPATH', '/home/swati/.local/lib/python3.10/site-packages/casadi/include:'), ('COLCON', '1'), ('VTE_VERSION', '6800'), ('CMAKE_PREFIX_PATH', '/home/swati/Quad_DR/RotorTM/install/rotor_tm_msgs:/home/swati/Quad_DR/RotorTM/install/rotor_tm_sim:/home/swati/Quad_DR/RotorTM/install/rotor_tm_control:/home/swati/Quad_DR/RotorTM/install/rotor_tm_utils:/home/swati/Quad_DR/RotorTM/install/rotor_tm_traj:/home/swati/Quad_DR/RotorTM/install/rotor_tm_keyboard2wrench:/home/swati/Quad_DR/RotorTM/install/rotor_tm_config:/opt/ros/humble')]), 'shell': False}
[0.856177] (rotor_tm_msgs) StdoutLine: {'line': b'-- Install configuration: ""\n'}
[0.856336] (rotor_tm_msgs) StdoutLine: {'line': b'-- Up-to-date: /home/swati/Quad_DR/RotorTM/install/rotor_tm_msgs/share/ament_index/resource_index/rosidl_interfaces/rotor_tm_msgs\n'}
[0.856451] (rotor_tm_msgs) StdoutLine: {'line': b'-- Up-to-date: /home/swati/Quad_DR/RotorTM/install/rotor_tm_msgs/include/rotor_tm_msgs/rotor_tm_msgs\n'}
[0.856574] (rotor_tm_msgs) StdoutLine: {'line': b'-- Up-to-date: /home/swati/Quad_DR/RotorTM/install/rotor_tm_msgs/include/rotor_tm_msgs/rotor_tm_msgs/srv\n'}
[0.856695] (rotor_tm_msgs) StdoutLine: {'line': b'-- Up-to-date: /home/swati/Quad_DR/RotorTM/install/rotor_tm_msgs/include/rotor_tm_msgs/rotor_tm_msgs/srv/vec4.h\n'}
[0.856802] (rotor_tm_msgs) StdoutLine: {'line': b'-- Up-to-date: /home/swati/Quad_DR/RotorTM/install/rotor_tm_msgs/include/rotor_tm_msgs/rotor_tm_msgs/srv/step_pose.h\n'}
[0.856916] (rotor_tm_msgs) StdoutLine: {'line': b'-- Up-to-date: /home/swati/Quad_DR/RotorTM/install/rotor_tm_msgs/include/rotor_tm_msgs/rotor_tm_msgs/srv/circle.h\n'}
[0.857028] (rotor_tm_msgs) StdoutLine: {'line': b'-- Up-to-date: /home/swati/Quad_DR/RotorTM/install/rotor_tm_msgs/include/rotor_tm_msgs/rotor_tm_msgs/srv/detail\n'}
[0.857142] (rotor_tm_msgs) StdoutLine: {'line': b'-- Up-to-date: /home/swati/Quad_DR/RotorTM/install/rotor_tm_msgs/include/rotor_tm_msgs/rotor_tm_msgs/srv/detail/step_pose__functions.c\n'}
[0.857286] (rotor_tm_msgs) StdoutLine: {'line': b'-- Up-to-date: /home/swati/Quad_DR/RotorTM/install/rotor_tm_msgs/include/rotor_tm_msgs/rotor_tm_msgs/srv/detail/circle__type_support.h\n'}
[0.857363] (rotor_tm_msgs) StdoutLine: {'line': b'-- Up-to-date: /home/swati/Quad_DR/RotorTM/install/rotor_tm_msgs/include/rotor_tm_msgs/rotor_tm_msgs/srv/detail/circle_with_rotation__functions.h\n'}
[0.857439] (rotor_tm_msgs) StdoutLine: {'line': b'-- Up-to-date: /home/swati/Quad_DR/RotorTM/install/rotor_tm_msgs/include/rotor_tm_msgs/rotor_tm_msgs/srv/detail/vec4__type_support.h\n'}
[0.857513] (rotor_tm_msgs) StdoutLine: {'line': b'-- Up-to-date: /home/swati/Quad_DR/RotorTM/install/rotor_tm_msgs/include/rotor_tm_msgs/rotor_tm_msgs/srv/detail/line__functions.c\n'}
[0.857588] (rotor_tm_msgs) StdoutLine: {'line': b'-- Up-to-date: /home/swati/Quad_DR/RotorTM/install/rotor_tm_msgs/include/rotor_tm_msgs/rotor_tm_msgs/srv/detail/copr_status_cmd__type_support.h\n'}
[0.857662] (rotor_tm_msgs) StdoutLine: {'line': b'-- Up-to-date: /home/swati/Quad_DR/RotorTM/install/rotor_tm_msgs/include/rotor_tm_msgs/rotor_tm_msgs/srv/detail/vec4__struct.h\n'}
[0.857739] (rotor_tm_msgs) StdoutLine: {'line': b'-- Up-to-date: /home/swati/Quad_DR/RotorTM/install/rotor_tm_msgs/include/rotor_tm_msgs/rotor_tm_msgs/srv/detail/line__functions.h\n'}
[0.857813] (rotor_tm_msgs) StdoutLine: {'line': b'-- Up-to-date: /home/swati/Quad_DR/RotorTM/install/rotor_tm_msgs/include/rotor_tm_msgs/rotor_tm_msgs/srv/detail/step_pose__functions.h\n'}
[0.857916] (rotor_tm_msgs) StdoutLine: {'line': b'-- Up-to-date: /home/swati/Quad_DR/RotorTM/install/rotor_tm_msgs/include/rotor_tm_msgs/rotor_tm_msgs/srv/detail/line__struct.h\n'}
[0.857992] (rotor_tm_msgs) StdoutLine: {'line': b'-- Up-to-date: /home/swati/Quad_DR/RotorTM/install/rotor_tm_msgs/include/rotor_tm_msgs/rotor_tm_msgs/srv/detail/step_pose__struct.h\n'}
[0.858066] (rotor_tm_msgs) StdoutLine: {'line': b'-- Up-to-date: /home/swati/Quad_DR/RotorTM/install/rotor_tm_msgs/include/rotor_tm_msgs/rotor_tm_msgs/srv/detail/circle_with_rotation__struct.h\n'}
[0.858256] (rotor_tm_msgs) StdoutLine: {'line': b'-- Up-to-date: /home/swati/Quad_DR/RotorTM/install/rotor_tm_msgs/include/rotor_tm_msgs/rotor_tm_msgs/srv/detail/circle_with_rotation__functions.c\n'}
[0.858327] (rotor_tm_msgs) StdoutLine: {'line': b'-- Up-to-date: /home/swati/Quad_DR/RotorTM/install/rotor_tm_msgs/include/rotor_tm_msgs/rotor_tm_msgs/srv/detail/circle__functions.c\n'}
[0.858398] (rotor_tm_msgs) StdoutLine: {'line': b'-- Up-to-date: /home/swati/Quad_DR/RotorTM/install/rotor_tm_msgs/include/rotor_tm_msgs/rotor_tm_msgs/srv/detail/copr_status_cmd__functions.c\n'}
[0.858501] (rotor_tm_msgs) StdoutLine: {'line': b'-- Up-to-date: /home/swati/Quad_DR/RotorTM/install/rotor_tm_msgs/include/rotor_tm_msgs/rotor_tm_msgs/srv/detail/circle__struct.h\n'}
[0.858574] (rotor_tm_msgs) StdoutLine: {'line': b'-- Up-to-date: /home/swati/Quad_DR/RotorTM/install/rotor_tm_msgs/include/rotor_tm_msgs/rotor_tm_msgs/srv/detail/copr_status_cmd__struct.h\n'}
[0.858684] (rotor_tm_msgs) StdoutLine: {'line': b'-- Up-to-date: /home/swati/Quad_DR/RotorTM/install/rotor_tm_msgs/include/rotor_tm_msgs/rotor_tm_msgs/srv/detail/circle__functions.h\n'}
[0.858756] (rotor_tm_msgs) StdoutLine: {'line': b'-- Up-to-date: /home/swati/Quad_DR/RotorTM/install/rotor_tm_msgs/include/rotor_tm_msgs/rotor_tm_msgs/srv/detail/step_pose__type_support.h\n'}
[0.858827] (rotor_tm_msgs) StdoutLine: {'line': b'-- Up-to-date: /home/swati/Quad_DR/RotorTM/install/rotor_tm_msgs/include/rotor_tm_msgs/rotor_tm_msgs/srv/detail/copr_status_cmd__functions.h\n'}
[0.858898] (rotor_tm_msgs) StdoutLine: {'line': b'-- Up-to-date: /home/swati/Quad_DR/RotorTM/install/rotor_tm_msgs/include/rotor_tm_msgs/rotor_tm_msgs/srv/detail/vec4__functions.h\n'}
[0.858969] (rotor_tm_msgs) StdoutLine: {'line': b'-- Up-to-date: /home/swati/Quad_DR/RotorTM/install/rotor_tm_msgs/include/rotor_tm_msgs/rotor_tm_msgs/srv/detail/vec4__functions.c\n'}
[0.859040] (rotor_tm_msgs) StdoutLine: {'line': b'-- Up-to-date: /home/swati/Quad_DR/RotorTM/install/rotor_tm_msgs/include/rotor_tm_msgs/rotor_tm_msgs/srv/detail/circle_with_rotation__type_support.h\n'}
[0.859161] (rotor_tm_msgs) StdoutLine: {'line': b'-- Up-to-date: /home/swati/Quad_DR/RotorTM/install/rotor_tm_msgs/include/rotor_tm_msgs/rotor_tm_msgs/srv/detail/line__type_support.h\n'}
[0.859236] (rotor_tm_msgs) StdoutLine: {'line': b'-- Up-to-date: /home/swati/Quad_DR/RotorTM/install/rotor_tm_msgs/include/rotor_tm_msgs/rotor_tm_msgs/srv/copr_status_cmd.h\n'}
[0.859309] (rotor_tm_msgs) StdoutLine: {'line': b'-- Up-to-date: /home/swati/Quad_DR/RotorTM/install/rotor_tm_msgs/include/rotor_tm_msgs/rotor_tm_msgs/srv/line.h\n'}
[0.859381] (rotor_tm_msgs) StdoutLine: {'line': b'-- Up-to-date: /home/swati/Quad_DR/RotorTM/install/rotor_tm_msgs/include/rotor_tm_msgs/rotor_tm_msgs/srv/circle_with_rotation.h\n'}
[0.859455] (rotor_tm_msgs) StdoutLine: {'line': b'-- Up-to-date: /home/swati/Quad_DR/RotorTM/install/rotor_tm_msgs/include/rotor_tm_msgs/rotor_tm_msgs/msg\n'}
[0.859526] (rotor_tm_msgs) StdoutLine: {'line': b'-- Up-to-date: /home/swati/Quad_DR/RotorTM/install/rotor_tm_msgs/include/rotor_tm_msgs/rotor_tm_msgs/msg/cen_pl_command.h\n'}
[0.859598] (rotor_tm_msgs) StdoutLine: {'line': b'-- Up-to-date: /home/swati/Quad_DR/RotorTM/install/rotor_tm_msgs/include/rotor_tm_msgs/rotor_tm_msgs/msg/fm_command.h\n'}
[0.859689] (rotor_tm_msgs) StdoutLine: {'line': b'-- Up-to-date: /home/swati/Quad_DR/RotorTM/install/rotor_tm_msgs/include/rotor_tm_msgs/rotor_tm_msgs/msg/rpm_command.h\n'}
[0.859852] (rotor_tm_msgs) StdoutLine: {'line': b'-- Up-to-date: /home/swati/Quad_DR/RotorTM/install/rotor_tm_msgs/include/rotor_tm_msgs/rotor_tm_msgs/msg/trpy_command.h\n'}
[0.859924] (rotor_tm_msgs) StdoutLine: {'line': b'-- Up-to-date: /home/swati/Quad_DR/RotorTM/install/rotor_tm_msgs/include/rotor_tm_msgs/rotor_tm_msgs/msg/status_data.h\n'}
[0.860028] (rotor_tm_msgs) StdoutLine: {'line': b'-- Up-to-date: /home/swati/Quad_DR/RotorTM/install/rotor_tm_msgs/include/rotor_tm_msgs/rotor_tm_msgs/msg/so3_command.h\n'}
[0.860119] (rotor_tm_msgs) StdoutLine: {'line': b'-- Up-to-date: /home/swati/Quad_DR/RotorTM/install/rotor_tm_msgs/include/rotor_tm_msgs/rotor_tm_msgs/msg/detail\n'}
[0.860192] (rotor_tm_msgs) StdoutLine: {'line': b'-- Up-to-date: /home/swati/Quad_DR/RotorTM/install/rotor_tm_msgs/include/rotor_tm_msgs/rotor_tm_msgs/msg/detail/trpy_command__type_support.h\n'}
[0.860259] (rotor_tm_msgs) StdoutLine: {'line': b'-- Up-to-date: /home/swati/Quad_DR/RotorTM/install/rotor_tm_msgs/include/rotor_tm_msgs/rotor_tm_msgs/msg/detail/position_command__type_support.h\n'}
[0.860326] (rotor_tm_msgs) StdoutLine: {'line': b'-- Up-to-date: /home/swati/Quad_DR/RotorTM/install/rotor_tm_msgs/include/rotor_tm_msgs/rotor_tm_msgs/msg/detail/so3_command__type_support.h\n'}
[0.860399] (rotor_tm_msgs) StdoutLine: {'line': b'-- Up-to-date: /home/swati/Quad_DR/RotorTM/install/rotor_tm_msgs/include/rotor_tm_msgs/rotor_tm_msgs/msg/detail/fm_command__functions.c\n'}
[0.860471] (rotor_tm_msgs) StdoutLine: {'line': b'-- Up-to-date: /home/swati/Quad_DR/RotorTM/install/rotor_tm_msgs/include/rotor_tm_msgs/rotor_tm_msgs/msg/detail/trpy_command__struct.h\n'}
[0.860543] (rotor_tm_msgs) StdoutLine: {'line': b'-- Up-to-date: /home/swati/Quad_DR/RotorTM/install/rotor_tm_msgs/include/rotor_tm_msgs/rotor_tm_msgs/msg/detail/rpm_command__struct.h\n'}
[0.860616] (rotor_tm_msgs) StdoutLine: {'line': b'-- Up-to-date: /home/swati/Quad_DR/RotorTM/install/rotor_tm_msgs/include/rotor_tm_msgs/rotor_tm_msgs/msg/detail/status_data__functions.c\n'}
[0.860687] (rotor_tm_msgs) StdoutLine: {'line': b'-- Up-to-date: /home/swati/Quad_DR/RotorTM/install/rotor_tm_msgs/include/rotor_tm_msgs/rotor_tm_msgs/msg/detail/position_command__struct.h\n'}
[0.860758] (rotor_tm_msgs) StdoutLine: {'line': b'-- Up-to-date: /home/swati/Quad_DR/RotorTM/install/rotor_tm_msgs/include/rotor_tm_msgs/rotor_tm_msgs/msg/detail/rpm_command__functions.c\n'}
[0.860830] (rotor_tm_msgs) StdoutLine: {'line': b'-- Up-to-date: /home/swati/Quad_DR/RotorTM/install/rotor_tm_msgs/include/rotor_tm_msgs/rotor_tm_msgs/msg/detail/status_data__functions.h\n'}
[0.860902] (rotor_tm_msgs) StdoutLine: {'line': b'-- Up-to-date: /home/swati/Quad_DR/RotorTM/install/rotor_tm_msgs/include/rotor_tm_msgs/rotor_tm_msgs/msg/detail/position_command__functions.c\n'}
[0.860974] (rotor_tm_msgs) StdoutLine: {'line': b'-- Up-to-date: /home/swati/Quad_DR/RotorTM/install/rotor_tm_msgs/include/rotor_tm_msgs/rotor_tm_msgs/msg/detail/cen_pl_command__functions.c\n'}
[0.861150] (rotor_tm_msgs) StdoutLine: {'line': b'-- Up-to-date: /home/swati/Quad_DR/RotorTM/install/rotor_tm_msgs/include/rotor_tm_msgs/rotor_tm_msgs/msg/detail/cen_pl_command__struct.h\n'}
[0.861272] (rotor_tm_msgs) StdoutLine: {'line': b'-- Up-to-date: /home/swati/Quad_DR/RotorTM/install/rotor_tm_msgs/include/rotor_tm_msgs/rotor_tm_msgs/msg/detail/fm_command__struct.h\n'}
[0.861346] (rotor_tm_msgs) StdoutLine: {'line': b'-- Up-to-date: /home/swati/Quad_DR/RotorTM/install/rotor_tm_msgs/include/rotor_tm_msgs/rotor_tm_msgs/msg/detail/trpy_command__functions.h\n'}
[0.861417] (rotor_tm_msgs) StdoutLine: {'line': b'-- Up-to-date: /home/swati/Quad_DR/RotorTM/install/rotor_tm_msgs/include/rotor_tm_msgs/rotor_tm_msgs/msg/detail/rpm_command__type_support.h\n'}
[0.861489] (rotor_tm_msgs) StdoutLine: {'line': b'-- Up-to-date: /home/swati/Quad_DR/RotorTM/install/rotor_tm_msgs/include/rotor_tm_msgs/rotor_tm_msgs/msg/detail/so3_command__functions.h\n'}
[0.861560] (rotor_tm_msgs) StdoutLine: {'line': b'-- Up-to-date: /home/swati/Quad_DR/RotorTM/install/rotor_tm_msgs/include/rotor_tm_msgs/rotor_tm_msgs/msg/detail/trpy_command__functions.c\n'}
[0.861701] (rotor_tm_msgs) StdoutLine: {'line': b'-- Up-to-date: /home/swati/Quad_DR/RotorTM/install/rotor_tm_msgs/include/rotor_tm_msgs/rotor_tm_msgs/msg/detail/status_data__type_support.h\n'}
[0.861775] (rotor_tm_msgs) StdoutLine: {'line': b'-- Up-to-date: /home/swati/Quad_DR/RotorTM/install/rotor_tm_msgs/include/rotor_tm_msgs/rotor_tm_msgs/msg/detail/position_command__functions.h\n'}
[0.861848] (rotor_tm_msgs) StdoutLine: {'line': b'-- Up-to-date: /home/swati/Quad_DR/RotorTM/install/rotor_tm_msgs/include/rotor_tm_msgs/rotor_tm_msgs/msg/detail/status_data__struct.h\n'}
[0.861921] (rotor_tm_msgs) StdoutLine: {'line': b'-- Up-to-date: /home/swati/Quad_DR/RotorTM/install/rotor_tm_msgs/include/rotor_tm_msgs/rotor_tm_msgs/msg/detail/so3_command__functions.c\n'}
[0.861993] (rotor_tm_msgs) StdoutLine: {'line': b'-- Up-to-date: /home/swati/Quad_DR/RotorTM/install/rotor_tm_msgs/include/rotor_tm_msgs/rotor_tm_msgs/msg/detail/fm_command__type_support.h\n'}
[0.862065] (rotor_tm_msgs) StdoutLine: {'line': b'-- Up-to-date: /home/swati/Quad_DR/RotorTM/install/rotor_tm_msgs/include/rotor_tm_msgs/rotor_tm_msgs/msg/detail/cen_pl_command__functions.h\n'}
[0.862429] (rotor_tm_msgs) StdoutLine: {'line': b'-- Up-to-date: /home/swati/Quad_DR/RotorTM/install/rotor_tm_msgs/include/rotor_tm_msgs/rotor_tm_msgs/msg/detail/cen_pl_command__type_support.h\n'}
[0.862502] (rotor_tm_msgs) StdoutLine: {'line': b'-- Up-to-date: /home/swati/Quad_DR/RotorTM/install/rotor_tm_msgs/include/rotor_tm_msgs/rotor_tm_msgs/msg/detail/so3_command__struct.h\n'}
[0.862577] (rotor_tm_msgs) StdoutLine: {'line': b'-- Up-to-date: /home/swati/Quad_DR/RotorTM/install/rotor_tm_msgs/include/rotor_tm_msgs/rotor_tm_msgs/msg/detail/fm_command__functions.h\n'}
[0.862649] (rotor_tm_msgs) StdoutLine: {'line': b'-- Up-to-date: /home/swati/Quad_DR/RotorTM/install/rotor_tm_msgs/include/rotor_tm_msgs/rotor_tm_msgs/msg/detail/rpm_command__functions.h\n'}
[0.862721] (rotor_tm_msgs) StdoutLine: {'line': b'-- Up-to-date: /home/swati/Quad_DR/RotorTM/install/rotor_tm_msgs/include/rotor_tm_msgs/rotor_tm_msgs/msg/position_command.h\n'}
[0.862793] (rotor_tm_msgs) StdoutLine: {'line': b'-- Up-to-date: /home/swati/Quad_DR/RotorTM/install/rotor_tm_msgs/include/rotor_tm_msgs/rotor_tm_msgs/msg/rosidl_generator_c__visibility_control.h\n'}
[0.862865] (rotor_tm_msgs) StdoutLine: {'line': b'-- Up-to-date: /home/swati/Quad_DR/RotorTM/install/rotor_tm_msgs/share/rotor_tm_msgs/environment/library_path.sh\n'}
[0.862937] (rotor_tm_msgs) StdoutLine: {'line': b'-- Up-to-date: /home/swati/Quad_DR/RotorTM/install/rotor_tm_msgs/share/rotor_tm_msgs/environment/library_path.dsv\n'}
[0.863009] (rotor_tm_msgs) StdoutLine: {'line': b'-- Up-to-date: /home/swati/Quad_DR/RotorTM/install/rotor_tm_msgs/lib/librotor_tm_msgs__rosidl_generator_c.so\n'}
[0.863086] (rotor_tm_msgs) StdoutLine: {'line': b'-- Up-to-date: /home/swati/Quad_DR/RotorTM/install/rotor_tm_msgs/include/rotor_tm_msgs/rotor_tm_msgs\n'}
[0.863278] (rotor_tm_msgs) StdoutLine: {'line': b'-- Up-to-date: /home/swati/Quad_DR/RotorTM/install/rotor_tm_msgs/include/rotor_tm_msgs/rotor_tm_msgs/srv\n'}
[0.863352] (rotor_tm_msgs) StdoutLine: {'line': b'-- Up-to-date: /home/swati/Quad_DR/RotorTM/install/rotor_tm_msgs/include/rotor_tm_msgs/rotor_tm_msgs/srv/detail\n'}
[0.863424] (rotor_tm_msgs) StdoutLine: {'line': b'-- Up-to-date: /home/swati/Quad_DR/RotorTM/install/rotor_tm_msgs/include/rotor_tm_msgs/rotor_tm_msgs/srv/detail/line__rosidl_typesupport_fastrtps_c.h\n'}
[0.863496] (rotor_tm_msgs) StdoutLine: {'line': b'-- Up-to-date: /home/swati/Quad_DR/RotorTM/install/rotor_tm_msgs/include/rotor_tm_msgs/rotor_tm_msgs/srv/detail/step_pose__rosidl_typesupport_fastrtps_c.h\n'}
[0.863569] (rotor_tm_msgs) StdoutLine: {'line': b'-- Up-to-date: /home/swati/Quad_DR/RotorTM/install/rotor_tm_msgs/include/rotor_tm_msgs/rotor_tm_msgs/srv/detail/circle_with_rotation__rosidl_typesupport_fastrtps_c.h\n'}
[0.863641] (rotor_tm_msgs) StdoutLine: {'line': b'-- Up-to-date: /home/swati/Quad_DR/RotorTM/install/rotor_tm_msgs/include/rotor_tm_msgs/rotor_tm_msgs/srv/detail/vec4__rosidl_typesupport_fastrtps_c.h\n'}
[0.863747] (rotor_tm_msgs) StdoutLine: {'line': b'-- Up-to-date: /home/swati/Quad_DR/RotorTM/install/rotor_tm_msgs/include/rotor_tm_msgs/rotor_tm_msgs/srv/detail/circle__rosidl_typesupport_fastrtps_c.h\n'}
[0.863817] (rotor_tm_msgs) StdoutLine: {'line': b'-- Up-to-date: /home/swati/Quad_DR/RotorTM/install/rotor_tm_msgs/include/rotor_tm_msgs/rotor_tm_msgs/srv/detail/copr_status_cmd__rosidl_typesupport_fastrtps_c.h\n'}
[0.863909] (rotor_tm_msgs) StdoutLine: {'line': b'-- Up-to-date: /home/swati/Quad_DR/RotorTM/install/rotor_tm_msgs/include/rotor_tm_msgs/rotor_tm_msgs/msg\n'}
[0.863980] (rotor_tm_msgs) StdoutLine: {'line': b'-- Up-to-date: /home/swati/Quad_DR/RotorTM/install/rotor_tm_msgs/include/rotor_tm_msgs/rotor_tm_msgs/msg/rosidl_typesupport_fastrtps_c__visibility_control.h\n'}
[0.864055] (rotor_tm_msgs) StdoutLine: {'line': b'-- Up-to-date: /home/swati/Quad_DR/RotorTM/install/rotor_tm_msgs/include/rotor_tm_msgs/rotor_tm_msgs/msg/detail\n'}
[0.864162] (rotor_tm_msgs) StdoutLine: {'line': b'-- Up-to-date: /home/swati/Quad_DR/RotorTM/install/rotor_tm_msgs/include/rotor_tm_msgs/rotor_tm_msgs/msg/detail/status_data__rosidl_typesupport_fastrtps_c.h\n'}
[0.864256] (rotor_tm_msgs) StdoutLine: {'line': b'-- Up-to-date: /home/swati/Quad_DR/RotorTM/install/rotor_tm_msgs/include/rotor_tm_msgs/rotor_tm_msgs/msg/detail/so3_command__rosidl_typesupport_fastrtps_c.h\n'}
[0.864325] (rotor_tm_msgs) StdoutLine: {'line': b'-- Up-to-date: /home/swati/Quad_DR/RotorTM/install/rotor_tm_msgs/include/rotor_tm_msgs/rotor_tm_msgs/msg/detail/rpm_command__rosidl_typesupport_fastrtps_c.h\n'}
[0.864398] (rotor_tm_msgs) StdoutLine: {'line': b'-- Up-to-date: /home/swati/Quad_DR/RotorTM/install/rotor_tm_msgs/include/rotor_tm_msgs/rotor_tm_msgs/msg/detail/fm_command__rosidl_typesupport_fastrtps_c.h\n'}
[0.864470] (rotor_tm_msgs) StdoutLine: {'line': b'-- Up-to-date: /home/swati/Quad_DR/RotorTM/install/rotor_tm_msgs/include/rotor_tm_msgs/rotor_tm_msgs/msg/detail/cen_pl_command__rosidl_typesupport_fastrtps_c.h\n'}
[0.864544] (rotor_tm_msgs) StdoutLine: {'line': b'-- Up-to-date: /home/swati/Quad_DR/RotorTM/install/rotor_tm_msgs/include/rotor_tm_msgs/rotor_tm_msgs/msg/detail/position_command__rosidl_typesupport_fastrtps_c.h\n'}
[0.864641] (rotor_tm_msgs) StdoutLine: {'line': b'-- Up-to-date: /home/swati/Quad_DR/RotorTM/install/rotor_tm_msgs/include/rotor_tm_msgs/rotor_tm_msgs/msg/detail/trpy_command__rosidl_typesupport_fastrtps_c.h\n'}
[0.864714] (rotor_tm_msgs) StdoutLine: {'line': b'-- Up-to-date: /home/swati/Quad_DR/RotorTM/install/rotor_tm_msgs/lib/librotor_tm_msgs__rosidl_typesupport_fastrtps_c.so\n'}
[0.864786] (rotor_tm_msgs) StdoutLine: {'line': b'-- Up-to-date: /home/swati/Quad_DR/RotorTM/install/rotor_tm_msgs/include/rotor_tm_msgs/rotor_tm_msgs\n'}
[0.864858] (rotor_tm_msgs) StdoutLine: {'line': b'-- Up-to-date: /home/swati/Quad_DR/RotorTM/install/rotor_tm_msgs/include/rotor_tm_msgs/rotor_tm_msgs/srv\n'}
[0.864929] (rotor_tm_msgs) StdoutLine: {'line': b'-- Up-to-date: /home/swati/Quad_DR/RotorTM/install/rotor_tm_msgs/include/rotor_tm_msgs/rotor_tm_msgs/srv/detail\n'}
[0.865001] (rotor_tm_msgs) StdoutLine: {'line': b'-- Up-to-date: /home/swati/Quad_DR/RotorTM/install/rotor_tm_msgs/include/rotor_tm_msgs/rotor_tm_msgs/srv/detail/line__rosidl_typesupport_introspection_c.h\n'}
[0.865144] (rotor_tm_msgs) StdoutLine: {'line': b'-- Up-to-date: /home/swati/Quad_DR/RotorTM/install/rotor_tm_msgs/include/rotor_tm_msgs/rotor_tm_msgs/srv/detail/step_pose__type_support.c\n'}
[0.865394] (rotor_tm_msgs) StdoutLine: {'line': b'-- Up-to-date: /home/swati/Quad_DR/RotorTM/install/rotor_tm_msgs/include/rotor_tm_msgs/rotor_tm_msgs/srv/detail/circle__rosidl_typesupport_introspection_c.h\n'}
[0.865468] (rotor_tm_msgs) StdoutLine: {'line': b'-- Up-to-date: /home/swati/Quad_DR/RotorTM/install/rotor_tm_msgs/include/rotor_tm_msgs/rotor_tm_msgs/srv/detail/circle_with_rotation__rosidl_typesupport_introspection_c.h\n'}
[0.865541] (rotor_tm_msgs) StdoutLine: {'line': b'-- Up-to-date: /home/swati/Quad_DR/RotorTM/install/rotor_tm_msgs/include/rotor_tm_msgs/rotor_tm_msgs/srv/detail/circle_with_rotation__type_support.c\n'}
[0.865667] (rotor_tm_msgs) StdoutLine: {'line': b'-- Up-to-date: /home/swati/Quad_DR/RotorTM/install/rotor_tm_msgs/include/rotor_tm_msgs/rotor_tm_msgs/srv/detail/step_pose__rosidl_typesupport_introspection_c.h\n'}
[0.865737] (rotor_tm_msgs) StdoutLine: {'line': b'-- Up-to-date: /home/swati/Quad_DR/RotorTM/install/rotor_tm_msgs/include/rotor_tm_msgs/rotor_tm_msgs/srv/detail/circle__type_support.c\n'}
[0.865806] (rotor_tm_msgs) StdoutLine: {'line': b'-- Up-to-date: /home/swati/Quad_DR/RotorTM/install/rotor_tm_msgs/include/rotor_tm_msgs/rotor_tm_msgs/srv/detail/vec4__rosidl_typesupport_introspection_c.h\n'}
[0.865874] (rotor_tm_msgs) StdoutLine: {'line': b'-- Up-to-date: /home/swati/Quad_DR/RotorTM/install/rotor_tm_msgs/include/rotor_tm_msgs/rotor_tm_msgs/srv/detail/copr_status_cmd__rosidl_typesupport_introspection_c.h\n'}
[0.865941] (rotor_tm_msgs) StdoutLine: {'line': b'-- Up-to-date: /home/swati/Quad_DR/RotorTM/install/rotor_tm_msgs/include/rotor_tm_msgs/rotor_tm_msgs/srv/detail/line__type_support.c\n'}
[0.866010] (rotor_tm_msgs) StdoutLine: {'line': b'-- Up-to-date: /home/swati/Quad_DR/RotorTM/install/rotor_tm_msgs/include/rotor_tm_msgs/rotor_tm_msgs/srv/detail/vec4__type_support.c\n'}
[0.866086] (rotor_tm_msgs) StdoutLine: {'line': b'-- Up-to-date: /home/swati/Quad_DR/RotorTM/install/rotor_tm_msgs/include/rotor_tm_msgs/rotor_tm_msgs/srv/detail/copr_status_cmd__type_support.c\n'}
[0.866249] (rotor_tm_msgs) StdoutLine: {'line': b'-- Up-to-date: /home/swati/Quad_DR/RotorTM/install/rotor_tm_msgs/include/rotor_tm_msgs/rotor_tm_msgs/msg\n'}
[0.866316] (rotor_tm_msgs) StdoutLine: {'line': b'-- Up-to-date: /home/swati/Quad_DR/RotorTM/install/rotor_tm_msgs/include/rotor_tm_msgs/rotor_tm_msgs/msg/rosidl_typesupport_introspection_c__visibility_control.h\n'}
[0.866383] (rotor_tm_msgs) StdoutLine: {'line': b'-- Up-to-date: /home/swati/Quad_DR/RotorTM/install/rotor_tm_msgs/include/rotor_tm_msgs/rotor_tm_msgs/msg/detail\n'}
[0.866461] (rotor_tm_msgs) StdoutLine: {'line': b'-- Up-to-date: /home/swati/Quad_DR/RotorTM/install/rotor_tm_msgs/include/rotor_tm_msgs/rotor_tm_msgs/msg/detail/rpm_command__rosidl_typesupport_introspection_c.h\n'}
[0.866529] (rotor_tm_msgs) StdoutLine: {'line': b'-- Up-to-date: /home/swati/Quad_DR/RotorTM/install/rotor_tm_msgs/include/rotor_tm_msgs/rotor_tm_msgs/msg/detail/trpy_command__type_support.c\n'}
[0.866599] (rotor_tm_msgs) StdoutLine: {'line': b'-- Up-to-date: /home/swati/Quad_DR/RotorTM/install/rotor_tm_msgs/include/rotor_tm_msgs/rotor_tm_msgs/msg/detail/so3_command__rosidl_typesupport_introspection_c.h\n'}
[0.866666] (rotor_tm_msgs) StdoutLine: {'line': b'-- Up-to-date: /home/swati/Quad_DR/RotorTM/install/rotor_tm_msgs/include/rotor_tm_msgs/rotor_tm_msgs/msg/detail/status_data__type_support.c\n'}
[0.866733] (rotor_tm_msgs) StdoutLine: {'line': b'-- Up-to-date: /home/swati/Quad_DR/RotorTM/install/rotor_tm_msgs/include/rotor_tm_msgs/rotor_tm_msgs/msg/detail/status_data__rosidl_typesupport_introspection_c.h\n'}
[0.866799] (rotor_tm_msgs) StdoutLine: {'line': b'-- Up-to-date: /home/swati/Quad_DR/RotorTM/install/rotor_tm_msgs/include/rotor_tm_msgs/rotor_tm_msgs/msg/detail/cen_pl_command__rosidl_typesupport_introspection_c.h\n'}
[0.866868] (rotor_tm_msgs) StdoutLine: {'line': b'-- Up-to-date: /home/swati/Quad_DR/RotorTM/install/rotor_tm_msgs/include/rotor_tm_msgs/rotor_tm_msgs/msg/detail/fm_command__rosidl_typesupport_introspection_c.h\n'}
[0.866942] (rotor_tm_msgs) StdoutLine: {'line': b'-- Up-to-date: /home/swati/Quad_DR/RotorTM/install/rotor_tm_msgs/include/rotor_tm_msgs/rotor_tm_msgs/msg/detail/rpm_command__type_support.c\n'}
[0.867012] (rotor_tm_msgs) StdoutLine: {'line': b'-- Up-to-date: /home/swati/Quad_DR/RotorTM/install/rotor_tm_msgs/include/rotor_tm_msgs/rotor_tm_msgs/msg/detail/trpy_command__rosidl_typesupport_introspection_c.h\n'}
[0.867089] (rotor_tm_msgs) StdoutLine: {'line': b'-- Up-to-date: /home/swati/Quad_DR/RotorTM/install/rotor_tm_msgs/include/rotor_tm_msgs/rotor_tm_msgs/msg/detail/so3_command__type_support.c\n'}
[0.867221] (rotor_tm_msgs) StdoutLine: {'line': b'-- Up-to-date: /home/swati/Quad_DR/RotorTM/install/rotor_tm_msgs/include/rotor_tm_msgs/rotor_tm_msgs/msg/detail/fm_command__type_support.c\n'}
[0.867290] (rotor_tm_msgs) StdoutLine: {'line': b'-- Up-to-date: /home/swati/Quad_DR/RotorTM/install/rotor_tm_msgs/include/rotor_tm_msgs/rotor_tm_msgs/msg/detail/position_command__rosidl_typesupport_introspection_c.h\n'}
[0.867358] (rotor_tm_msgs) StdoutLine: {'line': b'-- Up-to-date: /home/swati/Quad_DR/RotorTM/install/rotor_tm_msgs/include/rotor_tm_msgs/rotor_tm_msgs/msg/detail/position_command__type_support.c\n'}
[0.867424] (rotor_tm_msgs) StdoutLine: {'line': b'-- Up-to-date: /home/swati/Quad_DR/RotorTM/install/rotor_tm_msgs/include/rotor_tm_msgs/rotor_tm_msgs/msg/detail/cen_pl_command__type_support.c\n'}
[0.867492] (rotor_tm_msgs) StdoutLine: {'line': b'-- Up-to-date: /home/swati/Quad_DR/RotorTM/install/rotor_tm_msgs/lib/librotor_tm_msgs__rosidl_typesupport_introspection_c.so\n'}
[0.867560] (rotor_tm_msgs) StdoutLine: {'line': b'-- Up-to-date: /home/swati/Quad_DR/RotorTM/install/rotor_tm_msgs/lib/librotor_tm_msgs__rosidl_typesupport_c.so\n'}
[0.867626] (rotor_tm_msgs) StdoutLine: {'line': b'-- Up-to-date: /home/swati/Quad_DR/RotorTM/install/rotor_tm_msgs/include/rotor_tm_msgs/rotor_tm_msgs\n'}
[0.867693] (rotor_tm_msgs) StdoutLine: {'line': b'-- Up-to-date: /home/swati/Quad_DR/RotorTM/install/rotor_tm_msgs/include/rotor_tm_msgs/rotor_tm_msgs/srv\n'}
[0.867761] (rotor_tm_msgs) StdoutLine: {'line': b'-- Up-to-date: /home/swati/Quad_DR/RotorTM/install/rotor_tm_msgs/include/rotor_tm_msgs/rotor_tm_msgs/srv/vec4.hpp\n'}
[0.867830] (rotor_tm_msgs) StdoutLine: {'line': b'-- Up-to-date: /home/swati/Quad_DR/RotorTM/install/rotor_tm_msgs/include/rotor_tm_msgs/rotor_tm_msgs/srv/copr_status_cmd.hpp\n'}
[0.867897] (rotor_tm_msgs) StdoutLine: {'line': b'-- Up-to-date: /home/swati/Quad_DR/RotorTM/install/rotor_tm_msgs/include/rotor_tm_msgs/rotor_tm_msgs/srv/circle_with_rotation.hpp\n'}
[0.867963] (rotor_tm_msgs) StdoutLine: {'line': b'-- Up-to-date: /home/swati/Quad_DR/RotorTM/install/rotor_tm_msgs/include/rotor_tm_msgs/rotor_tm_msgs/srv/line.hpp\n'}
[0.868029] (rotor_tm_msgs) StdoutLine: {'line': b'-- Up-to-date: /home/swati/Quad_DR/RotorTM/install/rotor_tm_msgs/include/rotor_tm_msgs/rotor_tm_msgs/srv/step_pose.hpp\n'}
[0.868103] (rotor_tm_msgs) StdoutLine: {'line': b'-- Up-to-date: /home/swati/Quad_DR/RotorTM/install/rotor_tm_msgs/include/rotor_tm_msgs/rotor_tm_msgs/srv/detail\n'}
[0.868176] (rotor_tm_msgs) StdoutLine: {'line': b'-- Up-to-date: /home/swati/Quad_DR/RotorTM/install/rotor_tm_msgs/include/rotor_tm_msgs/rotor_tm_msgs/srv/detail/step_pose__struct.hpp\n'}
[0.868243] (rotor_tm_msgs) StdoutLine: {'line': b'-- Up-to-date: /home/swati/Quad_DR/RotorTM/install/rotor_tm_msgs/include/rotor_tm_msgs/rotor_tm_msgs/srv/detail/copr_status_cmd__traits.hpp\n'}
[0.868310] (rotor_tm_msgs) StdoutLine: {'line': b'-- Up-to-date: /home/swati/Quad_DR/RotorTM/install/rotor_tm_msgs/include/rotor_tm_msgs/rotor_tm_msgs/srv/detail/copr_status_cmd__builder.hpp\n'}
[0.868377] (rotor_tm_msgs) StdoutLine: {'line': b'-- Up-to-date: /home/swati/Quad_DR/RotorTM/install/rotor_tm_msgs/include/rotor_tm_msgs/rotor_tm_msgs/srv/detail/line__struct.hpp\n'}
[0.868443] (rotor_tm_msgs) StdoutLine: {'line': b'-- Up-to-date: /home/swati/Quad_DR/RotorTM/install/rotor_tm_msgs/include/rotor_tm_msgs/rotor_tm_msgs/srv/detail/circle_with_rotation__struct.hpp\n'}
[0.868510] (rotor_tm_msgs) StdoutLine: {'line': b'-- Up-to-date: /home/swati/Quad_DR/RotorTM/install/rotor_tm_msgs/include/rotor_tm_msgs/rotor_tm_msgs/srv/detail/circle_with_rotation__traits.hpp\n'}
[0.868590] (rotor_tm_msgs) StdoutLine: {'line': b'-- Up-to-date: /home/swati/Quad_DR/RotorTM/install/rotor_tm_msgs/include/rotor_tm_msgs/rotor_tm_msgs/srv/detail/vec4__struct.hpp\n'}
[0.868658] (rotor_tm_msgs) StdoutLine: {'line': b'-- Up-to-date: /home/swati/Quad_DR/RotorTM/install/rotor_tm_msgs/include/rotor_tm_msgs/rotor_tm_msgs/srv/detail/circle__traits.hpp\n'}
[0.868730] (rotor_tm_msgs) StdoutLine: {'line': b'-- Up-to-date: /home/swati/Quad_DR/RotorTM/install/rotor_tm_msgs/include/rotor_tm_msgs/rotor_tm_msgs/srv/detail/line__traits.hpp\n'}
[0.868798] (rotor_tm_msgs) StdoutLine: {'line': b'-- Up-to-date: /home/swati/Quad_DR/RotorTM/install/rotor_tm_msgs/include/rotor_tm_msgs/rotor_tm_msgs/srv/detail/line__builder.hpp\n'}
[0.868866] (rotor_tm_msgs) StdoutLine: {'line': b'-- Up-to-date: /home/swati/Quad_DR/RotorTM/install/rotor_tm_msgs/include/rotor_tm_msgs/rotor_tm_msgs/srv/detail/circle_with_rotation__builder.hpp\n'}
[0.868934] (rotor_tm_msgs) StdoutLine: {'line': b'-- Up-to-date: /home/swati/Quad_DR/RotorTM/install/rotor_tm_msgs/include/rotor_tm_msgs/rotor_tm_msgs/srv/detail/step_pose__traits.hpp\n'}
[0.869005] (rotor_tm_msgs) StdoutLine: {'line': b'-- Up-to-date: /home/swati/Quad_DR/RotorTM/install/rotor_tm_msgs/include/rotor_tm_msgs/rotor_tm_msgs/srv/detail/copr_status_cmd__struct.hpp\n'}
[0.869080] (rotor_tm_msgs) StdoutLine: {'line': b'-- Up-to-date: /home/swati/Quad_DR/RotorTM/install/rotor_tm_msgs/include/rotor_tm_msgs/rotor_tm_msgs/srv/detail/step_pose__builder.hpp\n'}
[0.869154] (rotor_tm_msgs) StdoutLine: {'line': b'-- Up-to-date: /home/swati/Quad_DR/RotorTM/install/rotor_tm_msgs/include/rotor_tm_msgs/rotor_tm_msgs/srv/detail/vec4__traits.hpp\n'}
[0.869221] (rotor_tm_msgs) StdoutLine: {'line': b'-- Up-to-date: /home/swati/Quad_DR/RotorTM/install/rotor_tm_msgs/include/rotor_tm_msgs/rotor_tm_msgs/srv/detail/vec4__builder.hpp\n'}
[0.869287] (rotor_tm_msgs) StdoutLine: {'line': b'-- Up-to-date: /home/swati/Quad_DR/RotorTM/install/rotor_tm_msgs/include/rotor_tm_msgs/rotor_tm_msgs/srv/detail/circle__builder.hpp\n'}
[0.869354] (rotor_tm_msgs) StdoutLine: {'line': b'-- Up-to-date: /home/swati/Quad_DR/RotorTM/install/rotor_tm_msgs/include/rotor_tm_msgs/rotor_tm_msgs/srv/detail/circle__struct.hpp\n'}
[0.869420] (rotor_tm_msgs) StdoutLine: {'line': b'-- Up-to-date: /home/swati/Quad_DR/RotorTM/install/rotor_tm_msgs/include/rotor_tm_msgs/rotor_tm_msgs/srv/circle.hpp\n'}
[0.869487] (rotor_tm_msgs) StdoutLine: {'line': b'-- Up-to-date: /home/swati/Quad_DR/RotorTM/install/rotor_tm_msgs/include/rotor_tm_msgs/rotor_tm_msgs/msg\n'}
[0.869553] (rotor_tm_msgs) StdoutLine: {'line': b'-- Up-to-date: /home/swati/Quad_DR/RotorTM/install/rotor_tm_msgs/include/rotor_tm_msgs/rotor_tm_msgs/msg/status_data.hpp\n'}
[0.869620] (rotor_tm_msgs) StdoutLine: {'line': b'-- Up-to-date: /home/swati/Quad_DR/RotorTM/install/rotor_tm_msgs/include/rotor_tm_msgs/rotor_tm_msgs/msg/rpm_command.hpp\n'}
[0.869686] (rotor_tm_msgs) StdoutLine: {'line': b'-- Up-to-date: /home/swati/Quad_DR/RotorTM/install/rotor_tm_msgs/include/rotor_tm_msgs/rotor_tm_msgs/msg/trpy_command.hpp\n'}
[0.869753] (rotor_tm_msgs) StdoutLine: {'line': b'-- Up-to-date: /home/swati/Quad_DR/RotorTM/install/rotor_tm_msgs/include/rotor_tm_msgs/rotor_tm_msgs/msg/so3_command.hpp\n'}
[0.869820] (rotor_tm_msgs) StdoutLine: {'line': b'-- Up-to-date: /home/swati/Quad_DR/RotorTM/install/rotor_tm_msgs/include/rotor_tm_msgs/rotor_tm_msgs/msg/fm_command.hpp\n'}
[0.869886] (rotor_tm_msgs) StdoutLine: {'line': b'-- Up-to-date: /home/swati/Quad_DR/RotorTM/install/rotor_tm_msgs/include/rotor_tm_msgs/rotor_tm_msgs/msg/detail\n'}
[0.869953] (rotor_tm_msgs) StdoutLine: {'line': b'-- Up-to-date: /home/swati/Quad_DR/RotorTM/install/rotor_tm_msgs/include/rotor_tm_msgs/rotor_tm_msgs/msg/detail/position_command__traits.hpp\n'}
[0.870020] (rotor_tm_msgs) StdoutLine: {'line': b'-- Up-to-date: /home/swati/Quad_DR/RotorTM/install/rotor_tm_msgs/include/rotor_tm_msgs/rotor_tm_msgs/msg/detail/so3_command__traits.hpp\n'}
[0.870093] (rotor_tm_msgs) StdoutLine: {'line': b'-- Up-to-date: /home/swati/Quad_DR/RotorTM/install/rotor_tm_msgs/include/rotor_tm_msgs/rotor_tm_msgs/msg/detail/fm_command__builder.hpp\n'}
[0.870164] (rotor_tm_msgs) StdoutLine: {'line': b'-- Up-to-date: /home/swati/Quad_DR/RotorTM/install/rotor_tm_msgs/include/rotor_tm_msgs/rotor_tm_msgs/msg/detail/trpy_command__builder.hpp\n'}
[0.870230] (rotor_tm_msgs) StdoutLine: {'line': b'-- Up-to-date: /home/swati/Quad_DR/RotorTM/install/rotor_tm_msgs/include/rotor_tm_msgs/rotor_tm_msgs/msg/detail/cen_pl_command__builder.hpp\n'}
[0.870304] (rotor_tm_msgs) StdoutLine: {'line': b'-- Up-to-date: /home/swati/Quad_DR/RotorTM/install/rotor_tm_msgs/include/rotor_tm_msgs/rotor_tm_msgs/msg/detail/fm_command__traits.hpp\n'}
[0.870370] (rotor_tm_msgs) StdoutLine: {'line': b'-- Up-to-date: /home/swati/Quad_DR/RotorTM/install/rotor_tm_msgs/include/rotor_tm_msgs/rotor_tm_msgs/msg/detail/cen_pl_command__traits.hpp\n'}
[0.870437] (rotor_tm_msgs) StdoutLine: {'line': b'-- Up-to-date: /home/swati/Quad_DR/RotorTM/install/rotor_tm_msgs/include/rotor_tm_msgs/rotor_tm_msgs/msg/detail/status_data__traits.hpp\n'}
[0.870503] (rotor_tm_msgs) StdoutLine: {'line': b'-- Up-to-date: /home/swati/Quad_DR/RotorTM/install/rotor_tm_msgs/include/rotor_tm_msgs/rotor_tm_msgs/msg/detail/status_data__builder.hpp\n'}
[0.870569] (rotor_tm_msgs) StdoutLine: {'line': b'-- Up-to-date: /home/swati/Quad_DR/RotorTM/install/rotor_tm_msgs/include/rotor_tm_msgs/rotor_tm_msgs/msg/detail/so3_command__struct.hpp\n'}
[0.870636] (rotor_tm_msgs) StdoutLine: {'line': b'-- Up-to-date: /home/swati/Quad_DR/RotorTM/install/rotor_tm_msgs/include/rotor_tm_msgs/rotor_tm_msgs/msg/detail/rpm_command__traits.hpp\n'}
[0.870712] (rotor_tm_msgs) StdoutLine: {'line': b'-- Up-to-date: /home/swati/Quad_DR/RotorTM/install/rotor_tm_msgs/include/rotor_tm_msgs/rotor_tm_msgs/msg/detail/rpm_command__builder.hpp\n'}
[0.870778] (rotor_tm_msgs) StdoutLine: {'line': b'-- Up-to-date: /home/swati/Quad_DR/RotorTM/install/rotor_tm_msgs/include/rotor_tm_msgs/rotor_tm_msgs/msg/detail/position_command__struct.hpp\n'}
[0.870846] (rotor_tm_msgs) StdoutLine: {'line': b'-- Up-to-date: /home/swati/Quad_DR/RotorTM/install/rotor_tm_msgs/include/rotor_tm_msgs/rotor_tm_msgs/msg/detail/position_command__builder.hpp\n'}
[0.870912] (rotor_tm_msgs) StdoutLine: {'line': b'-- Up-to-date: /home/swati/Quad_DR/RotorTM/install/rotor_tm_msgs/include/rotor_tm_msgs/rotor_tm_msgs/msg/detail/status_data__struct.hpp\n'}
[0.870979] (rotor_tm_msgs) StdoutLine: {'line': b'-- Up-to-date: /home/swati/Quad_DR/RotorTM/install/rotor_tm_msgs/include/rotor_tm_msgs/rotor_tm_msgs/msg/detail/so3_command__builder.hpp\n'}
[0.871051] (rotor_tm_msgs) StdoutLine: {'line': b'-- Up-to-date: /home/swati/Quad_DR/RotorTM/install/rotor_tm_msgs/include/rotor_tm_msgs/rotor_tm_msgs/msg/detail/rpm_command__struct.hpp\n'}
[0.871128] (rotor_tm_msgs) StdoutLine: {'line': b'-- Up-to-date: /home/swati/Quad_DR/RotorTM/install/rotor_tm_msgs/include/rotor_tm_msgs/rotor_tm_msgs/msg/detail/trpy_command__struct.hpp\n'}
[0.871196] (rotor_tm_msgs) StdoutLine: {'line': b'-- Up-to-date: /home/swati/Quad_DR/RotorTM/install/rotor_tm_msgs/include/rotor_tm_msgs/rotor_tm_msgs/msg/detail/fm_command__struct.hpp\n'}
[0.871263] (rotor_tm_msgs) StdoutLine: {'line': b'-- Up-to-date: /home/swati/Quad_DR/RotorTM/install/rotor_tm_msgs/include/rotor_tm_msgs/rotor_tm_msgs/msg/detail/trpy_command__traits.hpp\n'}
[0.871330] (rotor_tm_msgs) StdoutLine: {'line': b'-- Up-to-date: /home/swati/Quad_DR/RotorTM/install/rotor_tm_msgs/include/rotor_tm_msgs/rotor_tm_msgs/msg/detail/cen_pl_command__struct.hpp\n'}
[0.871397] (rotor_tm_msgs) StdoutLine: {'line': b'-- Up-to-date: /home/swati/Quad_DR/RotorTM/install/rotor_tm_msgs/include/rotor_tm_msgs/rotor_tm_msgs/msg/cen_pl_command.hpp\n'}
[0.871463] (rotor_tm_msgs) StdoutLine: {'line': b'-- Up-to-date: /home/swati/Quad_DR/RotorTM/install/rotor_tm_msgs/include/rotor_tm_msgs/rotor_tm_msgs/msg/position_command.hpp\n'}
[0.871529] (rotor_tm_msgs) StdoutLine: {'line': b'-- Up-to-date: /home/swati/Quad_DR/RotorTM/install/rotor_tm_msgs/include/rotor_tm_msgs/rotor_tm_msgs\n'}
[0.871595] (rotor_tm_msgs) StdoutLine: {'line': b'-- Up-to-date: /home/swati/Quad_DR/RotorTM/install/rotor_tm_msgs/include/rotor_tm_msgs/rotor_tm_msgs/srv\n'}
[0.871661] (rotor_tm_msgs) StdoutLine: {'line': b'-- Up-to-date: /home/swati/Quad_DR/RotorTM/install/rotor_tm_msgs/include/rotor_tm_msgs/rotor_tm_msgs/srv/detail\n'}
[0.871728] (rotor_tm_msgs) StdoutLine: {'line': b'-- Up-to-date: /home/swati/Quad_DR/RotorTM/install/rotor_tm_msgs/include/rotor_tm_msgs/rotor_tm_msgs/srv/detail/vec4__rosidl_typesupport_fastrtps_cpp.hpp\n'}
[0.871800] (rotor_tm_msgs) StdoutLine: {'line': b'-- Up-to-date: /home/swati/Quad_DR/RotorTM/install/rotor_tm_msgs/include/rotor_tm_msgs/rotor_tm_msgs/srv/detail/step_pose__rosidl_typesupport_fastrtps_cpp.hpp\n'}
[0.871868] (rotor_tm_msgs) StdoutLine: {'line': b'-- Up-to-date: /home/swati/Quad_DR/RotorTM/install/rotor_tm_msgs/include/rotor_tm_msgs/rotor_tm_msgs/srv/detail/circle_with_rotation__rosidl_typesupport_fastrtps_cpp.hpp\n'}
[0.871935] (rotor_tm_msgs) StdoutLine: {'line': b'-- Up-to-date: /home/swati/Quad_DR/RotorTM/install/rotor_tm_msgs/include/rotor_tm_msgs/rotor_tm_msgs/srv/detail/copr_status_cmd__rosidl_typesupport_fastrtps_cpp.hpp\n'}
[0.872002] (rotor_tm_msgs) StdoutLine: {'line': b'-- Up-to-date: /home/swati/Quad_DR/RotorTM/install/rotor_tm_msgs/include/rotor_tm_msgs/rotor_tm_msgs/srv/detail/circle__rosidl_typesupport_fastrtps_cpp.hpp\n'}
[0.872072] (rotor_tm_msgs) StdoutLine: {'line': b'-- Up-to-date: /home/swati/Quad_DR/RotorTM/install/rotor_tm_msgs/include/rotor_tm_msgs/rotor_tm_msgs/srv/detail/line__rosidl_typesupport_fastrtps_cpp.hpp\n'}
[0.872146] (rotor_tm_msgs) StdoutLine: {'line': b'-- Up-to-date: /home/swati/Quad_DR/RotorTM/install/rotor_tm_msgs/include/rotor_tm_msgs/rotor_tm_msgs/srv/detail/dds_fastrtps\n'}
[0.872213] (rotor_tm_msgs) StdoutLine: {'line': b'-- Up-to-date: /home/swati/Quad_DR/RotorTM/install/rotor_tm_msgs/include/rotor_tm_msgs/rotor_tm_msgs/msg\n'}
[0.872280] (rotor_tm_msgs) StdoutLine: {'line': b'-- Up-to-date: /home/swati/Quad_DR/RotorTM/install/rotor_tm_msgs/include/rotor_tm_msgs/rotor_tm_msgs/msg/rosidl_typesupport_fastrtps_cpp__visibility_control.h\n'}
[0.872346] (rotor_tm_msgs) StdoutLine: {'line': b'-- Up-to-date: /home/swati/Quad_DR/RotorTM/install/rotor_tm_msgs/include/rotor_tm_msgs/rotor_tm_msgs/msg/detail\n'}
[0.872413] (rotor_tm_msgs) StdoutLine: {'line': b'-- Up-to-date: /home/swati/Quad_DR/RotorTM/install/rotor_tm_msgs/include/rotor_tm_msgs/rotor_tm_msgs/msg/detail/status_data__rosidl_typesupport_fastrtps_cpp.hpp\n'}
[0.872479] (rotor_tm_msgs) StdoutLine: {'line': b'-- Up-to-date: /home/swati/Quad_DR/RotorTM/install/rotor_tm_msgs/include/rotor_tm_msgs/rotor_tm_msgs/msg/detail/position_command__rosidl_typesupport_fastrtps_cpp.hpp\n'}
[0.872546] (rotor_tm_msgs) StdoutLine: {'line': b'-- Up-to-date: /home/swati/Quad_DR/RotorTM/install/rotor_tm_msgs/include/rotor_tm_msgs/rotor_tm_msgs/msg/detail/so3_command__rosidl_typesupport_fastrtps_cpp.hpp\n'}
[0.872613] (rotor_tm_msgs) StdoutLine: {'line': b'-- Up-to-date: /home/swati/Quad_DR/RotorTM/install/rotor_tm_msgs/include/rotor_tm_msgs/rotor_tm_msgs/msg/detail/trpy_command__rosidl_typesupport_fastrtps_cpp.hpp\n'}
[0.872680] (rotor_tm_msgs) StdoutLine: {'line': b'-- Up-to-date: /home/swati/Quad_DR/RotorTM/install/rotor_tm_msgs/include/rotor_tm_msgs/rotor_tm_msgs/msg/detail/rpm_command__rosidl_typesupport_fastrtps_cpp.hpp\n'}
[0.872756] (rotor_tm_msgs) StdoutLine: {'line': b'-- Up-to-date: /home/swati/Quad_DR/RotorTM/install/rotor_tm_msgs/include/rotor_tm_msgs/rotor_tm_msgs/msg/detail/fm_command__rosidl_typesupport_fastrtps_cpp.hpp\n'}
[0.872824] (rotor_tm_msgs) StdoutLine: {'line': b'-- Up-to-date: /home/swati/Quad_DR/RotorTM/install/rotor_tm_msgs/include/rotor_tm_msgs/rotor_tm_msgs/msg/detail/cen_pl_command__rosidl_typesupport_fastrtps_cpp.hpp\n'}
[0.872896] (rotor_tm_msgs) StdoutLine: {'line': b'-- Up-to-date: /home/swati/Quad_DR/RotorTM/install/rotor_tm_msgs/include/rotor_tm_msgs/rotor_tm_msgs/msg/detail/dds_fastrtps\n'}
[0.872963] (rotor_tm_msgs) StdoutLine: {'line': b'-- Up-to-date: /home/swati/Quad_DR/RotorTM/install/rotor_tm_msgs/lib/librotor_tm_msgs__rosidl_typesupport_fastrtps_cpp.so\n'}
[0.873030] (rotor_tm_msgs) StdoutLine: {'line': b'-- Up-to-date: /home/swati/Quad_DR/RotorTM/install/rotor_tm_msgs/include/rotor_tm_msgs/rotor_tm_msgs\n'}
[0.873103] (rotor_tm_msgs) StdoutLine: {'line': b'-- Up-to-date: /home/swati/Quad_DR/RotorTM/install/rotor_tm_msgs/include/rotor_tm_msgs/rotor_tm_msgs/srv\n'}
[0.873181] (rotor_tm_msgs) StdoutLine: {'line': b'-- Up-to-date: /home/swati/Quad_DR/RotorTM/install/rotor_tm_msgs/include/rotor_tm_msgs/rotor_tm_msgs/srv/detail\n'}
[0.873251] (rotor_tm_msgs) StdoutLine: {'line': b'-- Up-to-date: /home/swati/Quad_DR/RotorTM/install/rotor_tm_msgs/include/rotor_tm_msgs/rotor_tm_msgs/srv/detail/copr_status_cmd__type_support.cpp\n'}
[0.873318] (rotor_tm_msgs) StdoutLine: {'line': b'-- Up-to-date: /home/swati/Quad_DR/RotorTM/install/rotor_tm_msgs/include/rotor_tm_msgs/rotor_tm_msgs/srv/detail/line__rosidl_typesupport_introspection_cpp.hpp\n'}
[0.873387] (rotor_tm_msgs) StdoutLine: {'line': b'-- Up-to-date: /home/swati/Quad_DR/RotorTM/install/rotor_tm_msgs/include/rotor_tm_msgs/rotor_tm_msgs/srv/detail/step_pose__rosidl_typesupport_introspection_cpp.hpp\n'}
[0.873458] (rotor_tm_msgs) StdoutLine: {'line': b'-- Up-to-date: /home/swati/Quad_DR/RotorTM/install/rotor_tm_msgs/include/rotor_tm_msgs/rotor_tm_msgs/srv/detail/circle__type_support.cpp\n'}
[0.873529] (rotor_tm_msgs) StdoutLine: {'line': b'-- Up-to-date: /home/swati/Quad_DR/RotorTM/install/rotor_tm_msgs/include/rotor_tm_msgs/rotor_tm_msgs/srv/detail/vec4__rosidl_typesupport_introspection_cpp.hpp\n'}
[0.873600] (rotor_tm_msgs) StdoutLine: {'line': b'-- Up-to-date: /home/swati/Quad_DR/RotorTM/install/rotor_tm_msgs/include/rotor_tm_msgs/rotor_tm_msgs/srv/detail/step_pose__type_support.cpp\n'}
[0.873670] (rotor_tm_msgs) StdoutLine: {'line': b'-- Up-to-date: /home/swati/Quad_DR/RotorTM/install/rotor_tm_msgs/include/rotor_tm_msgs/rotor_tm_msgs/srv/detail/copr_status_cmd__rosidl_typesupport_introspection_cpp.hpp\n'}
[0.873741] (rotor_tm_msgs) StdoutLine: {'line': b'-- Up-to-date: /home/swati/Quad_DR/RotorTM/install/rotor_tm_msgs/include/rotor_tm_msgs/rotor_tm_msgs/srv/detail/vec4__type_support.cpp\n'}
[0.873811] (rotor_tm_msgs) StdoutLine: {'line': b'-- Up-to-date: /home/swati/Quad_DR/RotorTM/install/rotor_tm_msgs/include/rotor_tm_msgs/rotor_tm_msgs/srv/detail/circle_with_rotation__rosidl_typesupport_introspection_cpp.hpp\n'}
[0.873882] (rotor_tm_msgs) StdoutLine: {'line': b'-- Up-to-date: /home/swati/Quad_DR/RotorTM/install/rotor_tm_msgs/include/rotor_tm_msgs/rotor_tm_msgs/srv/detail/circle_with_rotation__type_support.cpp\n'}
[0.873952] (rotor_tm_msgs) StdoutLine: {'line': b'-- Up-to-date: /home/swati/Quad_DR/RotorTM/install/rotor_tm_msgs/include/rotor_tm_msgs/rotor_tm_msgs/srv/detail/circle__rosidl_typesupport_introspection_cpp.hpp\n'}
[0.874023] (rotor_tm_msgs) StdoutLine: {'line': b'-- Up-to-date: /home/swati/Quad_DR/RotorTM/install/rotor_tm_msgs/include/rotor_tm_msgs/rotor_tm_msgs/srv/detail/line__type_support.cpp\n'}
[0.874168] (rotor_tm_msgs) StdoutLine: {'line': b'-- Up-to-date: /home/swati/Quad_DR/RotorTM/install/rotor_tm_msgs/include/rotor_tm_msgs/rotor_tm_msgs/msg\n'}
[0.874241] (rotor_tm_msgs) StdoutLine: {'line': b'-- Up-to-date: /home/swati/Quad_DR/RotorTM/install/rotor_tm_msgs/include/rotor_tm_msgs/rotor_tm_msgs/msg/detail\n'}
[0.874308] (rotor_tm_msgs) StdoutLine: {'line': b'-- Up-to-date: /home/swati/Quad_DR/RotorTM/install/rotor_tm_msgs/include/rotor_tm_msgs/rotor_tm_msgs/msg/detail/cen_pl_command__type_support.cpp\n'}
[0.874374] (rotor_tm_msgs) StdoutLine: {'line': b'-- Up-to-date: /home/swati/Quad_DR/RotorTM/install/rotor_tm_msgs/include/rotor_tm_msgs/rotor_tm_msgs/msg/detail/rpm_command__type_support.cpp\n'}
[0.874442] (rotor_tm_msgs) StdoutLine: {'line': b'-- Up-to-date: /home/swati/Quad_DR/RotorTM/install/rotor_tm_msgs/include/rotor_tm_msgs/rotor_tm_msgs/msg/detail/cen_pl_command__rosidl_typesupport_introspection_cpp.hpp\n'}
[0.874508] (rotor_tm_msgs) StdoutLine: {'line': b'-- Up-to-date: /home/swati/Quad_DR/RotorTM/install/rotor_tm_msgs/include/rotor_tm_msgs/rotor_tm_msgs/msg/detail/trpy_command__type_support.cpp\n'}
[0.874574] (rotor_tm_msgs) StdoutLine: {'line': b'-- Up-to-date: /home/swati/Quad_DR/RotorTM/install/rotor_tm_msgs/include/rotor_tm_msgs/rotor_tm_msgs/msg/detail/position_command__rosidl_typesupport_introspection_cpp.hpp\n'}
[0.874640] (rotor_tm_msgs) StdoutLine: {'line': b'-- Up-to-date: /home/swati/Quad_DR/RotorTM/install/rotor_tm_msgs/include/rotor_tm_msgs/rotor_tm_msgs/msg/detail/so3_command__rosidl_typesupport_introspection_cpp.hpp\n'}
[0.874713] (rotor_tm_msgs) StdoutLine: {'line': b'-- Up-to-date: /home/swati/Quad_DR/RotorTM/install/rotor_tm_msgs/include/rotor_tm_msgs/rotor_tm_msgs/msg/detail/status_data__rosidl_typesupport_introspection_cpp.hpp\n'}
[0.874790] (rotor_tm_msgs) StdoutLine: {'line': b'-- Up-to-date: /home/swati/Quad_DR/RotorTM/install/rotor_tm_msgs/include/rotor_tm_msgs/rotor_tm_msgs/msg/detail/trpy_command__rosidl_typesupport_introspection_cpp.hpp\n'}
[0.874862] (rotor_tm_msgs) StdoutLine: {'line': b'-- Up-to-date: /home/swati/Quad_DR/RotorTM/install/rotor_tm_msgs/include/rotor_tm_msgs/rotor_tm_msgs/msg/detail/position_command__type_support.cpp\n'}
[0.874929] (rotor_tm_msgs) StdoutLine: {'line': b'-- Up-to-date: /home/swati/Quad_DR/RotorTM/install/rotor_tm_msgs/include/rotor_tm_msgs/rotor_tm_msgs/msg/detail/rpm_command__rosidl_typesupport_introspection_cpp.hpp\n'}
[0.874994] (rotor_tm_msgs) StdoutLine: {'line': b'-- Up-to-date: /home/swati/Quad_DR/RotorTM/install/rotor_tm_msgs/include/rotor_tm_msgs/rotor_tm_msgs/msg/detail/so3_command__type_support.cpp\n'}
[0.875061] (rotor_tm_msgs) StdoutLine: {'line': b'-- Up-to-date: /home/swati/Quad_DR/RotorTM/install/rotor_tm_msgs/include/rotor_tm_msgs/rotor_tm_msgs/msg/detail/fm_command__rosidl_typesupport_introspection_cpp.hpp\n'}
[0.875137] (rotor_tm_msgs) StdoutLine: {'line': b'-- Up-to-date: /home/swati/Quad_DR/RotorTM/install/rotor_tm_msgs/include/rotor_tm_msgs/rotor_tm_msgs/msg/detail/status_data__type_support.cpp\n'}
[0.875206] (rotor_tm_msgs) StdoutLine: {'line': b'-- Up-to-date: /home/swati/Quad_DR/RotorTM/install/rotor_tm_msgs/include/rotor_tm_msgs/rotor_tm_msgs/msg/detail/fm_command__type_support.cpp\n'}
[0.875272] (rotor_tm_msgs) StdoutLine: {'line': b'-- Up-to-date: /home/swati/Quad_DR/RotorTM/install/rotor_tm_msgs/lib/librotor_tm_msgs__rosidl_typesupport_introspection_cpp.so\n'}
[0.875338] (rotor_tm_msgs) StdoutLine: {'line': b'-- Up-to-date: /home/swati/Quad_DR/RotorTM/install/rotor_tm_msgs/lib/librotor_tm_msgs__rosidl_typesupport_cpp.so\n'}
[0.875404] (rotor_tm_msgs) StdoutLine: {'line': b'-- Up-to-date: /home/swati/Quad_DR/RotorTM/install/rotor_tm_msgs/share/rotor_tm_msgs/environment/pythonpath.sh\n'}
[0.875471] (rotor_tm_msgs) StdoutLine: {'line': b'-- Up-to-date: /home/swati/Quad_DR/RotorTM/install/rotor_tm_msgs/share/rotor_tm_msgs/environment/pythonpath.dsv\n'}
[0.875538] (rotor_tm_msgs) StdoutLine: {'line': b'-- Up-to-date: /home/swati/Quad_DR/RotorTM/install/rotor_tm_msgs/local/lib/python3.10/dist-packages/rotor_tm_msgs-0.0.0-py3.10.egg-info\n'}
[0.875604] (rotor_tm_msgs) StdoutLine: {'line': b'-- Installing: /home/swati/Quad_DR/RotorTM/install/rotor_tm_msgs/local/lib/python3.10/dist-packages/rotor_tm_msgs-0.0.0-py3.10.egg-info/top_level.txt\n'}
[0.875671] (rotor_tm_msgs) StdoutLine: {'line': b'-- Installing: /home/swati/Quad_DR/RotorTM/install/rotor_tm_msgs/local/lib/python3.10/dist-packages/rotor_tm_msgs-0.0.0-py3.10.egg-info/PKG-INFO\n'}
[0.875737] (rotor_tm_msgs) StdoutLine: {'line': b'-- Installing: /home/swati/Quad_DR/RotorTM/install/rotor_tm_msgs/local/lib/python3.10/dist-packages/rotor_tm_msgs-0.0.0-py3.10.egg-info/SOURCES.txt\n'}
[0.875804] (rotor_tm_msgs) StdoutLine: {'line': b'-- Installing: /home/swati/Quad_DR/RotorTM/install/rotor_tm_msgs/local/lib/python3.10/dist-packages/rotor_tm_msgs-0.0.0-py3.10.egg-info/dependency_links.txt\n'}
[0.875870] (rotor_tm_msgs) StdoutLine: {'line': b'-- Up-to-date: /home/swati/Quad_DR/RotorTM/install/rotor_tm_msgs/local/lib/python3.10/dist-packages/rotor_tm_msgs\n'}
[0.875936] (rotor_tm_msgs) StdoutLine: {'line': b'-- Up-to-date: /home/swati/Quad_DR/RotorTM/install/rotor_tm_msgs/local/lib/python3.10/dist-packages/rotor_tm_msgs/_rotor_tm_msgs_s.ep.rosidl_typesupport_introspection_c.c\n'}
[0.876002] (rotor_tm_msgs) StdoutLine: {'line': b'-- Up-to-date: /home/swati/Quad_DR/RotorTM/install/rotor_tm_msgs/local/lib/python3.10/dist-packages/rotor_tm_msgs/librotor_tm_msgs__rosidl_generator_py.so\n'}
[0.876078] (rotor_tm_msgs) StdoutLine: {'line': b'-- Up-to-date: /home/swati/Quad_DR/RotorTM/install/rotor_tm_msgs/local/lib/python3.10/dist-packages/rotor_tm_msgs/_rotor_tm_msgs_s.ep.rosidl_typesupport_c.c\n'}
[0.876151] (rotor_tm_msgs) StdoutLine: {'line': b'-- Up-to-date: /home/swati/Quad_DR/RotorTM/install/rotor_tm_msgs/local/lib/python3.10/dist-packages/rotor_tm_msgs/_rotor_tm_msgs_s.ep.rosidl_typesupport_fastrtps_c.c\n'}
[0.876218] (rotor_tm_msgs) StdoutLine: {'line': b'-- Up-to-date: /home/swati/Quad_DR/RotorTM/install/rotor_tm_msgs/local/lib/python3.10/dist-packages/rotor_tm_msgs/srv\n'}
[0.876284] (rotor_tm_msgs) StdoutLine: {'line': b'-- Up-to-date: /home/swati/Quad_DR/RotorTM/install/rotor_tm_msgs/local/lib/python3.10/dist-packages/rotor_tm_msgs/srv/_circle_with_rotation.py\n'}
[0.876350] (rotor_tm_msgs) StdoutLine: {'line': b'-- Up-to-date: /home/swati/Quad_DR/RotorTM/install/rotor_tm_msgs/local/lib/python3.10/dist-packages/rotor_tm_msgs/srv/_copr_status_cmd_s.c\n'}
[0.876416] (rotor_tm_msgs) StdoutLine: {'line': b'-- Up-to-date: /home/swati/Quad_DR/RotorTM/install/rotor_tm_msgs/local/lib/python3.10/dist-packages/rotor_tm_msgs/srv/_circle_s.c\n'}
[0.876481] (rotor_tm_msgs) StdoutLine: {'line': b'-- Up-to-date: /home/swati/Quad_DR/RotorTM/install/rotor_tm_msgs/local/lib/python3.10/dist-packages/rotor_tm_msgs/srv/_vec4_s.c\n'}
[0.876548] (rotor_tm_msgs) StdoutLine: {'line': b'-- Up-to-date: /home/swati/Quad_DR/RotorTM/install/rotor_tm_msgs/local/lib/python3.10/dist-packages/rotor_tm_msgs/srv/_line.py\n'}
[0.876616] (rotor_tm_msgs) StdoutLine: {'line': b'-- Up-to-date: /home/swati/Quad_DR/RotorTM/install/rotor_tm_msgs/local/lib/python3.10/dist-packages/rotor_tm_msgs/srv/__init__.py\n'}
[0.876687] (rotor_tm_msgs) StdoutLine: {'line': b'-- Up-to-date: /home/swati/Quad_DR/RotorTM/install/rotor_tm_msgs/local/lib/python3.10/dist-packages/rotor_tm_msgs/srv/_circle.py\n'}
[0.876762] (rotor_tm_msgs) StdoutLine: {'line': b'-- Up-to-date: /home/swati/Quad_DR/RotorTM/install/rotor_tm_msgs/local/lib/python3.10/dist-packages/rotor_tm_msgs/srv/_circle_with_rotation_s.c\n'}
[0.876830] (rotor_tm_msgs) StdoutLine: {'line': b'-- Up-to-date: /home/swati/Quad_DR/RotorTM/install/rotor_tm_msgs/local/lib/python3.10/dist-packages/rotor_tm_msgs/srv/_line_s.c\n'}
[0.876896] (rotor_tm_msgs) StdoutLine: {'line': b'-- Up-to-date: /home/swati/Quad_DR/RotorTM/install/rotor_tm_msgs/local/lib/python3.10/dist-packages/rotor_tm_msgs/srv/_step_pose.py\n'}
[0.876964] (rotor_tm_msgs) StdoutLine: {'line': b'-- Up-to-date: /home/swati/Quad_DR/RotorTM/install/rotor_tm_msgs/local/lib/python3.10/dist-packages/rotor_tm_msgs/srv/_copr_status_cmd.py\n'}
[0.877030] (rotor_tm_msgs) StdoutLine: {'line': b'-- Up-to-date: /home/swati/Quad_DR/RotorTM/install/rotor_tm_msgs/local/lib/python3.10/dist-packages/rotor_tm_msgs/srv/_step_pose_s.c\n'}
[0.877103] (rotor_tm_msgs) StdoutLine: {'line': b'-- Up-to-date: /home/swati/Quad_DR/RotorTM/install/rotor_tm_msgs/local/lib/python3.10/dist-packages/rotor_tm_msgs/srv/_vec4.py\n'}
[0.877174] (rotor_tm_msgs) StdoutLine: {'line': b'-- Up-to-date: /home/swati/Quad_DR/RotorTM/install/rotor_tm_msgs/local/lib/python3.10/dist-packages/rotor_tm_msgs/__init__.py\n'}
[0.877240] (rotor_tm_msgs) StdoutLine: {'line': b'-- Up-to-date: /home/swati/Quad_DR/RotorTM/install/rotor_tm_msgs/local/lib/python3.10/dist-packages/rotor_tm_msgs/rotor_tm_msgs_s__rosidl_typesupport_introspection_c.cpython-310-x86_64-linux-gnu.so\n'}
[0.877307] (rotor_tm_msgs) StdoutLine: {'line': b'-- Up-to-date: /home/swati/Quad_DR/RotorTM/install/rotor_tm_msgs/local/lib/python3.10/dist-packages/rotor_tm_msgs/rotor_tm_msgs_s__rosidl_typesupport_c.cpython-310-x86_64-linux-gnu.so\n'}
[0.877374] (rotor_tm_msgs) StdoutLine: {'line': b'-- Up-to-date: /home/swati/Quad_DR/RotorTM/install/rotor_tm_msgs/local/lib/python3.10/dist-packages/rotor_tm_msgs/msg\n'}
[0.877441] (rotor_tm_msgs) StdoutLine: {'line': b'-- Up-to-date: /home/swati/Quad_DR/RotorTM/install/rotor_tm_msgs/local/lib/python3.10/dist-packages/rotor_tm_msgs/msg/_rpm_command.py\n'}
[0.877513] (rotor_tm_msgs) StdoutLine: {'line': b'-- Up-to-date: /home/swati/Quad_DR/RotorTM/install/rotor_tm_msgs/local/lib/python3.10/dist-packages/rotor_tm_msgs/msg/_trpy_command_s.c\n'}
[0.877580] (rotor_tm_msgs) StdoutLine: {'line': b'-- Up-to-date: /home/swati/Quad_DR/RotorTM/install/rotor_tm_msgs/local/lib/python3.10/dist-packages/rotor_tm_msgs/msg/_so3_command_s.c\n'}
[0.877646] (rotor_tm_msgs) StdoutLine: {'line': b'-- Up-to-date: /home/swati/Quad_DR/RotorTM/install/rotor_tm_msgs/local/lib/python3.10/dist-packages/rotor_tm_msgs/msg/_cen_pl_command.py\n'}
[0.877714] (rotor_tm_msgs) StdoutLine: {'line': b'-- Up-to-date: /home/swati/Quad_DR/RotorTM/install/rotor_tm_msgs/local/lib/python3.10/dist-packages/rotor_tm_msgs/msg/_cen_pl_command_s.c\n'}
[0.877781] (rotor_tm_msgs) StdoutLine: {'line': b'-- Up-to-date: /home/swati/Quad_DR/RotorTM/install/rotor_tm_msgs/local/lib/python3.10/dist-packages/rotor_tm_msgs/msg/_trpy_command.py\n'}
[0.877847] (rotor_tm_msgs) StdoutLine: {'line': b'-- Up-to-date: /home/swati/Quad_DR/RotorTM/install/rotor_tm_msgs/local/lib/python3.10/dist-packages/rotor_tm_msgs/msg/__init__.py\n'}
[0.877912] (rotor_tm_msgs) StdoutLine: {'line': b'-- Up-to-date: /home/swati/Quad_DR/RotorTM/install/rotor_tm_msgs/local/lib/python3.10/dist-packages/rotor_tm_msgs/msg/_status_data_s.c\n'}
[0.877979] (rotor_tm_msgs) StdoutLine: {'line': b'-- Up-to-date: /home/swati/Quad_DR/RotorTM/install/rotor_tm_msgs/local/lib/python3.10/dist-packages/rotor_tm_msgs/msg/_so3_command.py\n'}
[0.878045] (rotor_tm_msgs) StdoutLine: {'line': b'-- Up-to-date: /home/swati/Quad_DR/RotorTM/install/rotor_tm_msgs/local/lib/python3.10/dist-packages/rotor_tm_msgs/msg/_position_command.py\n'}
[0.878120] (rotor_tm_msgs) StdoutLine: {'line': b'-- Up-to-date: /home/swati/Quad_DR/RotorTM/install/rotor_tm_msgs/local/lib/python3.10/dist-packages/rotor_tm_msgs/msg/_rpm_command_s.c\n'}
[0.878188] (rotor_tm_msgs) StdoutLine: {'line': b'-- Up-to-date: /home/swati/Quad_DR/RotorTM/install/rotor_tm_msgs/local/lib/python3.10/dist-packages/rotor_tm_msgs/msg/_position_command_s.c\n'}
[0.878255] (rotor_tm_msgs) StdoutLine: {'line': b'-- Up-to-date: /home/swati/Quad_DR/RotorTM/install/rotor_tm_msgs/local/lib/python3.10/dist-packages/rotor_tm_msgs/msg/_fm_command.py\n'}
[0.878320] (rotor_tm_msgs) StdoutLine: {'line': b'-- Up-to-date: /home/swati/Quad_DR/RotorTM/install/rotor_tm_msgs/local/lib/python3.10/dist-packages/rotor_tm_msgs/msg/_status_data.py\n'}
[0.878386] (rotor_tm_msgs) StdoutLine: {'line': b'-- Up-to-date: /home/swati/Quad_DR/RotorTM/install/rotor_tm_msgs/local/lib/python3.10/dist-packages/rotor_tm_msgs/msg/_fm_command_s.c\n'}
[0.878452] (rotor_tm_msgs) StdoutLine: {'line': b'-- Up-to-date: /home/swati/Quad_DR/RotorTM/install/rotor_tm_msgs/local/lib/python3.10/dist-packages/rotor_tm_msgs/rotor_tm_msgs_s__rosidl_typesupport_fastrtps_c.cpython-310-x86_64-linux-gnu.so\n'}
[0.901680] (-) TimerEvent: {}
[0.904893] (rotor_tm_msgs) StdoutLine: {'line': b"Listing '/home/swati/Quad_DR/RotorTM/install/rotor_tm_msgs/local/lib/python3.10/dist-packages/rotor_tm_msgs'...\n"}
[0.905097] (rotor_tm_msgs) StdoutLine: {'line': b"Listing '/home/swati/Quad_DR/RotorTM/install/rotor_tm_msgs/local/lib/python3.10/dist-packages/rotor_tm_msgs/msg'...\n"}
[0.905203] (rotor_tm_msgs) StdoutLine: {'line': b"Listing '/home/swati/Quad_DR/RotorTM/install/rotor_tm_msgs/local/lib/python3.10/dist-packages/rotor_tm_msgs/srv'...\n"}
[0.908163] (rotor_tm_msgs) StdoutLine: {'line': b'-- Up-to-date: /home/swati/Quad_DR/RotorTM/install/rotor_tm_msgs/local/lib/python3.10/dist-packages/rotor_tm_msgs/rotor_tm_msgs_s__rosidl_typesupport_fastrtps_c.cpython-310-x86_64-linux-gnu.so\n'}
[0.908533] (rotor_tm_msgs) StdoutLine: {'line': b'-- Up-to-date: /home/swati/Quad_DR/RotorTM/install/rotor_tm_msgs/local/lib/python3.10/dist-packages/rotor_tm_msgs/rotor_tm_msgs_s__rosidl_typesupport_introspection_c.cpython-310-x86_64-linux-gnu.so\n'}
[0.908860] (rotor_tm_msgs) StdoutLine: {'line': b'-- Up-to-date: /home/swati/Quad_DR/RotorTM/install/rotor_tm_msgs/local/lib/python3.10/dist-packages/rotor_tm_msgs/rotor_tm_msgs_s__rosidl_typesupport_c.cpython-310-x86_64-linux-gnu.so\n'}
[0.909232] (rotor_tm_msgs) StdoutLine: {'line': b'-- Up-to-date: /home/swati/Quad_DR/RotorTM/install/rotor_tm_msgs/lib/librotor_tm_msgs__rosidl_generator_py.so\n'}
[0.909427] (rotor_tm_msgs) StdoutLine: {'line': b'-- Up-to-date: /home/swati/Quad_DR/RotorTM/install/rotor_tm_msgs/share/rotor_tm_msgs/msg/PositionCommand.idl\n'}
[0.909642] (rotor_tm_msgs) StdoutLine: {'line': b'-- Up-to-date: /home/swati/Quad_DR/RotorTM/install/rotor_tm_msgs/share/rotor_tm_msgs/msg/FMCommand.idl\n'}
[0.909756] (rotor_tm_msgs) StdoutLine: {'line': b'-- Up-to-date: /home/swati/Quad_DR/RotorTM/install/rotor_tm_msgs/share/rotor_tm_msgs/msg/RPMCommand.idl\n'}
[0.909837] (rotor_tm_msgs) StdoutLine: {'line': b'-- Up-to-date: /home/swati/Quad_DR/RotorTM/install/rotor_tm_msgs/share/rotor_tm_msgs/msg/SO3Command.idl\n'}
[0.909917] (rotor_tm_msgs) StdoutLine: {'line': b'-- Up-to-date: /home/swati/Quad_DR/RotorTM/install/rotor_tm_msgs/share/rotor_tm_msgs/msg/CenPLCommand.idl\n'}
[0.909995] (rotor_tm_msgs) StdoutLine: {'line': b'-- Up-to-date: /home/swati/Quad_DR/RotorTM/install/rotor_tm_msgs/share/rotor_tm_msgs/msg/StatusData.idl\n'}
[0.910112] (rotor_tm_msgs) StdoutLine: {'line': b'-- Up-to-date: /home/swati/Quad_DR/RotorTM/install/rotor_tm_msgs/share/rotor_tm_msgs/msg/TRPYCommand.idl\n'}
[0.910251] (rotor_tm_msgs) StdoutLine: {'line': b'-- Up-to-date: /home/swati/Quad_DR/RotorTM/install/rotor_tm_msgs/share/rotor_tm_msgs/srv/Vec4.idl\n'}
[0.910331] (rotor_tm_msgs) StdoutLine: {'line': b'-- Up-to-date: /home/swati/Quad_DR/RotorTM/install/rotor_tm_msgs/share/rotor_tm_msgs/srv/Circle.idl\n'}
[0.910410] (rotor_tm_msgs) StdoutLine: {'line': b'-- Up-to-date: /home/swati/Quad_DR/RotorTM/install/rotor_tm_msgs/share/rotor_tm_msgs/srv/CircleWithRotation.idl\n'}
[0.910489] (rotor_tm_msgs) StdoutLine: {'line': b'-- Up-to-date: /home/swati/Quad_DR/RotorTM/install/rotor_tm_msgs/share/rotor_tm_msgs/srv/Line.idl\n'}
[0.910568] (rotor_tm_msgs) StdoutLine: {'line': b'-- Up-to-date: /home/swati/Quad_DR/RotorTM/install/rotor_tm_msgs/share/rotor_tm_msgs/srv/CoprStatusCmd.idl\n'}
[0.910646] (rotor_tm_msgs) StdoutLine: {'line': b'-- Up-to-date: /home/swati/Quad_DR/RotorTM/install/rotor_tm_msgs/share/rotor_tm_msgs/srv/StepPose.idl\n'}
[0.910723] (rotor_tm_msgs) StdoutLine: {'line': b'-- Up-to-date: /home/swati/Quad_DR/RotorTM/install/rotor_tm_msgs/share/rotor_tm_msgs/msg/PositionCommand.msg\n'}
[0.910826] (rotor_tm_msgs) StdoutLine: {'line': b'-- Up-to-date: /home/swati/Quad_DR/RotorTM/install/rotor_tm_msgs/share/rotor_tm_msgs/msg/FMCommand.msg\n'}
[0.910963] (rotor_tm_msgs) StdoutLine: {'line': b'-- Up-to-date: /home/swati/Quad_DR/RotorTM/install/rotor_tm_msgs/share/rotor_tm_msgs/msg/RPMCommand.msg\n'}
[0.911060] (rotor_tm_msgs) StdoutLine: {'line': b'-- Up-to-date: /home/swati/Quad_DR/RotorTM/install/rotor_tm_msgs/share/rotor_tm_msgs/msg/SO3Command.msg\n'}
[0.911185] (rotor_tm_msgs) StdoutLine: {'line': b'-- Up-to-date: /home/swati/Quad_DR/RotorTM/install/rotor_tm_msgs/share/rotor_tm_msgs/msg/CenPLCommand.msg\n'}
[0.911265] (rotor_tm_msgs) StdoutLine: {'line': b'-- Up-to-date: /home/swati/Quad_DR/RotorTM/install/rotor_tm_msgs/share/rotor_tm_msgs/msg/StatusData.msg\n'}
[0.911342] (rotor_tm_msgs) StdoutLine: {'line': b'-- Up-to-date: /home/swati/Quad_DR/RotorTM/install/rotor_tm_msgs/share/rotor_tm_msgs/msg/TRPYCommand.msg\n'}
[0.911420] (rotor_tm_msgs) StdoutLine: {'line': b'-- Up-to-date: /home/swati/Quad_DR/RotorTM/install/rotor_tm_msgs/share/rotor_tm_msgs/srv/Vec4.srv\n'}
[0.911531] (rotor_tm_msgs) StdoutLine: {'line': b'-- Up-to-date: /home/swati/Quad_DR/RotorTM/install/rotor_tm_msgs/share/rotor_tm_msgs/srv/Vec4_Request.msg\n'}
[0.911634] (rotor_tm_msgs) StdoutLine: {'line': b'-- Up-to-date: /home/swati/Quad_DR/RotorTM/install/rotor_tm_msgs/share/rotor_tm_msgs/srv/Vec4_Response.msg\n'}
[0.911712] (rotor_tm_msgs) StdoutLine: {'line': b'-- Up-to-date: /home/swati/Quad_DR/RotorTM/install/rotor_tm_msgs/share/rotor_tm_msgs/srv/Circle.srv\n'}
[0.911790] (rotor_tm_msgs) StdoutLine: {'line': b'-- Up-to-date: /home/swati/Quad_DR/RotorTM/install/rotor_tm_msgs/share/rotor_tm_msgs/srv/Circle_Request.msg\n'}
[0.911899] (rotor_tm_msgs) StdoutLine: {'line': b'-- Up-to-date: /home/swati/Quad_DR/RotorTM/install/rotor_tm_msgs/share/rotor_tm_msgs/srv/Circle_Response.msg\n'}
[0.911977] (rotor_tm_msgs) StdoutLine: {'line': b'-- Up-to-date: /home/swati/Quad_DR/RotorTM/install/rotor_tm_msgs/share/rotor_tm_msgs/srv/CircleWithRotation.srv\n'}
[0.912092] (rotor_tm_msgs) StdoutLine: {'line': b'-- Up-to-date: /home/swati/Quad_DR/RotorTM/install/rotor_tm_msgs/share/rotor_tm_msgs/srv/CircleWithRotation_Request.msg\n'}
[0.912213] (rotor_tm_msgs) StdoutLine: {'line': b'-- Up-to-date: /home/swati/Quad_DR/RotorTM/install/rotor_tm_msgs/share/rotor_tm_msgs/srv/CircleWithRotation_Response.msg\n'}
[0.912296] (rotor_tm_msgs) StdoutLine: {'line': b'-- Up-to-date: /home/swati/Quad_DR/RotorTM/install/rotor_tm_msgs/share/rotor_tm_msgs/srv/Line.srv\n'}
[0.912379] (rotor_tm_msgs) StdoutLine: {'line': b'-- Up-to-date: /home/swati/Quad_DR/RotorTM/install/rotor_tm_msgs/share/rotor_tm_msgs/srv/Line_Request.msg\n'}
[0.912459] (rotor_tm_msgs) StdoutLine: {'line': b'-- Up-to-date: /home/swati/Quad_DR/RotorTM/install/rotor_tm_msgs/share/rotor_tm_msgs/srv/Line_Response.msg\n'}
[0.912538] (rotor_tm_msgs) StdoutLine: {'line': b'-- Up-to-date: /home/swati/Quad_DR/RotorTM/install/rotor_tm_msgs/share/rotor_tm_msgs/srv/CoprStatusCmd.srv\n'}
[0.912657] (rotor_tm_msgs) StdoutLine: {'line': b'-- Up-to-date: /home/swati/Quad_DR/RotorTM/install/rotor_tm_msgs/share/rotor_tm_msgs/srv/CoprStatusCmd_Request.msg\n'}
[0.912738] (rotor_tm_msgs) StdoutLine: {'line': b'-- Up-to-date: /home/swati/Quad_DR/RotorTM/install/rotor_tm_msgs/share/rotor_tm_msgs/srv/CoprStatusCmd_Response.msg\n'}
[0.912816] (rotor_tm_msgs) StdoutLine: {'line': b'-- Up-to-date: /home/swati/Quad_DR/RotorTM/install/rotor_tm_msgs/share/rotor_tm_msgs/srv/StepPose.srv\n'}
[0.912893] (rotor_tm_msgs) StdoutLine: {'line': b'-- Up-to-date: /home/swati/Quad_DR/RotorTM/install/rotor_tm_msgs/share/rotor_tm_msgs/srv/StepPose_Request.msg\n'}
[0.912970] (rotor_tm_msgs) StdoutLine: {'line': b'-- Up-to-date: /home/swati/Quad_DR/RotorTM/install/rotor_tm_msgs/share/rotor_tm_msgs/srv/StepPose_Response.msg\n'}
[0.913048] (rotor_tm_msgs) StdoutLine: {'line': b'-- Up-to-date: /home/swati/Quad_DR/RotorTM/install/rotor_tm_msgs/share/ament_index/resource_index/package_run_dependencies/rotor_tm_msgs\n'}
[0.913166] (rotor_tm_msgs) StdoutLine: {'line': b'-- Up-to-date: /home/swati/Quad_DR/RotorTM/install/rotor_tm_msgs/share/ament_index/resource_index/parent_prefix_path/rotor_tm_msgs\n'}
[0.913274] (rotor_tm_msgs) StdoutLine: {'line': b'-- Up-to-date: /home/swati/Quad_DR/RotorTM/install/rotor_tm_msgs/share/rotor_tm_msgs/environment/ament_prefix_path.sh\n'}
[0.913349] (rotor_tm_msgs) StdoutLine: {'line': b'-- Up-to-date: /home/swati/Quad_DR/RotorTM/install/rotor_tm_msgs/share/rotor_tm_msgs/environment/ament_prefix_path.dsv\n'}
[0.913427] (rotor_tm_msgs) StdoutLine: {'line': b'-- Up-to-date: /home/swati/Quad_DR/RotorTM/install/rotor_tm_msgs/share/rotor_tm_msgs/environment/path.sh\n'}
[0.913504] (rotor_tm_msgs) StdoutLine: {'line': b'-- Up-to-date: /home/swati/Quad_DR/RotorTM/install/rotor_tm_msgs/share/rotor_tm_msgs/environment/path.dsv\n'}
[0.913581] (rotor_tm_msgs) StdoutLine: {'line': b'-- Up-to-date: /home/swati/Quad_DR/RotorTM/install/rotor_tm_msgs/share/rotor_tm_msgs/local_setup.bash\n'}
[0.913658] (rotor_tm_msgs) StdoutLine: {'line': b'-- Up-to-date: /home/swati/Quad_DR/RotorTM/install/rotor_tm_msgs/share/rotor_tm_msgs/local_setup.sh\n'}
[0.913735] (rotor_tm_msgs) StdoutLine: {'line': b'-- Up-to-date: /home/swati/Quad_DR/RotorTM/install/rotor_tm_msgs/share/rotor_tm_msgs/local_setup.zsh\n'}
[0.913813] (rotor_tm_msgs) StdoutLine: {'line': b'-- Up-to-date: /home/swati/Quad_DR/RotorTM/install/rotor_tm_msgs/share/rotor_tm_msgs/local_setup.dsv\n'}
[0.913890] (rotor_tm_msgs) StdoutLine: {'line': b'-- Installing: /home/swati/Quad_DR/RotorTM/install/rotor_tm_msgs/share/rotor_tm_msgs/package.dsv\n'}
[0.913966] (rotor_tm_msgs) StdoutLine: {'line': b'-- Up-to-date: /home/swati/Quad_DR/RotorTM/install/rotor_tm_msgs/share/ament_index/resource_index/packages/rotor_tm_msgs\n'}
[0.914094] (rotor_tm_msgs) StdoutLine: {'line': b'-- Up-to-date: /home/swati/Quad_DR/RotorTM/install/rotor_tm_msgs/share/rotor_tm_msgs/cmake/export_rotor_tm_msgs__rosidl_generator_cExport.cmake\n'}
[0.914216] (rotor_tm_msgs) StdoutLine: {'line': b'-- Up-to-date: /home/swati/Quad_DR/RotorTM/install/rotor_tm_msgs/share/rotor_tm_msgs/cmake/export_rotor_tm_msgs__rosidl_generator_cExport-noconfig.cmake\n'}
[0.914314] (rotor_tm_msgs) StdoutLine: {'line': b'-- Up-to-date: /home/swati/Quad_DR/RotorTM/install/rotor_tm_msgs/share/rotor_tm_msgs/cmake/export_rotor_tm_msgs__rosidl_typesupport_fastrtps_cExport.cmake\n'}
[0.914392] (rotor_tm_msgs) StdoutLine: {'line': b'-- Up-to-date: /home/swati/Quad_DR/RotorTM/install/rotor_tm_msgs/share/rotor_tm_msgs/cmake/export_rotor_tm_msgs__rosidl_typesupport_fastrtps_cExport-noconfig.cmake\n'}
[0.914471] (rotor_tm_msgs) StdoutLine: {'line': b'-- Up-to-date: /home/swati/Quad_DR/RotorTM/install/rotor_tm_msgs/share/rotor_tm_msgs/cmake/rotor_tm_msgs__rosidl_typesupport_introspection_cExport.cmake\n'}
[0.914548] (rotor_tm_msgs) StdoutLine: {'line': b'-- Up-to-date: /home/swati/Quad_DR/RotorTM/install/rotor_tm_msgs/share/rotor_tm_msgs/cmake/rotor_tm_msgs__rosidl_typesupport_introspection_cExport-noconfig.cmake\n'}
[0.914625] (rotor_tm_msgs) StdoutLine: {'line': b'-- Up-to-date: /home/swati/Quad_DR/RotorTM/install/rotor_tm_msgs/share/rotor_tm_msgs/cmake/rotor_tm_msgs__rosidl_typesupport_cExport.cmake\n'}
[0.914701] (rotor_tm_msgs) StdoutLine: {'line': b'-- Up-to-date: /home/swati/Quad_DR/RotorTM/install/rotor_tm_msgs/share/rotor_tm_msgs/cmake/rotor_tm_msgs__rosidl_typesupport_cExport-noconfig.cmake\n'}
[0.914820] (rotor_tm_msgs) StdoutLine: {'line': b'-- Up-to-date: /home/swati/Quad_DR/RotorTM/install/rotor_tm_msgs/share/rotor_tm_msgs/cmake/export_rotor_tm_msgs__rosidl_generator_cppExport.cmake\n'}
[0.914899] (rotor_tm_msgs) StdoutLine: {'line': b'-- Up-to-date: /home/swati/Quad_DR/RotorTM/install/rotor_tm_msgs/share/rotor_tm_msgs/cmake/export_rotor_tm_msgs__rosidl_typesupport_fastrtps_cppExport.cmake\n'}
[0.914973] (rotor_tm_msgs) StdoutLine: {'line': b'-- Up-to-date: /home/swati/Quad_DR/RotorTM/install/rotor_tm_msgs/share/rotor_tm_msgs/cmake/export_rotor_tm_msgs__rosidl_typesupport_fastrtps_cppExport-noconfig.cmake\n'}
[0.915046] (rotor_tm_msgs) StdoutLine: {'line': b'-- Up-to-date: /home/swati/Quad_DR/RotorTM/install/rotor_tm_msgs/share/rotor_tm_msgs/cmake/rotor_tm_msgs__rosidl_typesupport_introspection_cppExport.cmake\n'}
[0.915131] (rotor_tm_msgs) StdoutLine: {'line': b'-- Up-to-date: /home/swati/Quad_DR/RotorTM/install/rotor_tm_msgs/share/rotor_tm_msgs/cmake/rotor_tm_msgs__rosidl_typesupport_introspection_cppExport-noconfig.cmake\n'}
[0.915205] (rotor_tm_msgs) StdoutLine: {'line': b'-- Up-to-date: /home/swati/Quad_DR/RotorTM/install/rotor_tm_msgs/share/rotor_tm_msgs/cmake/rotor_tm_msgs__rosidl_typesupport_cppExport.cmake\n'}
[0.915277] (rotor_tm_msgs) StdoutLine: {'line': b'-- Up-to-date: /home/swati/Quad_DR/RotorTM/install/rotor_tm_msgs/share/rotor_tm_msgs/cmake/rotor_tm_msgs__rosidl_typesupport_cppExport-noconfig.cmake\n'}
[0.915363] (rotor_tm_msgs) StdoutLine: {'line': b'-- Up-to-date: /home/swati/Quad_DR/RotorTM/install/rotor_tm_msgs/share/rotor_tm_msgs/cmake/export_rotor_tm_msgs__rosidl_generator_pyExport.cmake\n'}
[0.915437] (rotor_tm_msgs) StdoutLine: {'line': b'-- Up-to-date: /home/swati/Quad_DR/RotorTM/install/rotor_tm_msgs/share/rotor_tm_msgs/cmake/export_rotor_tm_msgs__rosidl_generator_pyExport-noconfig.cmake\n'}
[0.915510] (rotor_tm_msgs) StdoutLine: {'line': b'-- Up-to-date: /home/swati/Quad_DR/RotorTM/install/rotor_tm_msgs/share/rotor_tm_msgs/cmake/rosidl_cmake-extras.cmake\n'}
[0.915581] (rotor_tm_msgs) StdoutLine: {'line': b'-- Up-to-date: /home/swati/Quad_DR/RotorTM/install/rotor_tm_msgs/share/rotor_tm_msgs/cmake/ament_cmake_export_dependencies-extras.cmake\n'}
[0.915654] (rotor_tm_msgs) StdoutLine: {'line': b'-- Up-to-date: /home/swati/Quad_DR/RotorTM/install/rotor_tm_msgs/share/rotor_tm_msgs/cmake/ament_cmake_export_include_directories-extras.cmake\n'}
[0.915734] (rotor_tm_msgs) StdoutLine: {'line': b'-- Up-to-date: /home/swati/Quad_DR/RotorTM/install/rotor_tm_msgs/share/rotor_tm_msgs/cmake/ament_cmake_export_libraries-extras.cmake\n'}
[0.915805] (rotor_tm_msgs) StdoutLine: {'line': b'-- Up-to-date: /home/swati/Quad_DR/RotorTM/install/rotor_tm_msgs/share/rotor_tm_msgs/cmake/ament_cmake_export_targets-extras.cmake\n'}
[0.915877] (rotor_tm_msgs) StdoutLine: {'line': b'-- Up-to-date: /home/swati/Quad_DR/RotorTM/install/rotor_tm_msgs/share/rotor_tm_msgs/cmake/rosidl_cmake_export_typesupport_targets-extras.cmake\n'}
[0.915953] (rotor_tm_msgs) StdoutLine: {'line': b'-- Up-to-date: /home/swati/Quad_DR/RotorTM/install/rotor_tm_msgs/share/rotor_tm_msgs/cmake/rosidl_cmake_export_typesupport_libraries-extras.cmake\n'}
[0.916029] (rotor_tm_msgs) StdoutLine: {'line': b'-- Up-to-date: /home/swati/Quad_DR/RotorTM/install/rotor_tm_msgs/share/rotor_tm_msgs/cmake/rotor_tm_msgsConfig.cmake\n'}
[0.916209] (rotor_tm_msgs) StdoutLine: {'line': b'-- Up-to-date: /home/swati/Quad_DR/RotorTM/install/rotor_tm_msgs/share/rotor_tm_msgs/cmake/rotor_tm_msgsConfig-version.cmake\n'}
[0.916311] (rotor_tm_msgs) StdoutLine: {'line': b'-- Up-to-date: /home/swati/Quad_DR/RotorTM/install/rotor_tm_msgs/share/rotor_tm_msgs/package.xml\n'}
[0.916865] (rotor_tm_msgs) CommandEnded: {'returncode': 0}
[1.001806] (-) TimerEvent: {}
[1.102113] (-) TimerEvent: {}
[1.199537] (rotor_tm_config) Command: {'cmd': ['/usr/bin/python3', '-W', 'ignore:setup.py install is deprecated', 'setup.py', 'egg_info', '--egg-base', '../../build/rotor_tm_config', 'build', '--build-base', '/home/swati/Quad_DR/RotorTM/build/rotor_tm_config/build', 'install', '--record', '/home/swati/Quad_DR/RotorTM/build/rotor_tm_config/install.log', '--single-version-externally-managed', 'install_data'], 'cwd': '/home/swati/Quad_DR/RotorTM/src/rotor_tm_config', 'env': {'LESSOPEN': '| /usr/bin/lesspipe %s', 'USER': 'swati', 'XDG_SESSION_TYPE': 'x11', 'SHLVL': '1', 'LD_LIBRARY_PATH': '/home/swati/Quad_DR/RotorTM/install/rotor_tm_msgs/lib:/opt/hsl/ma27:/usr/lib/x86_64-linux-gnu/gazebo-11/plugins:/opt/ros/humble/opt/rviz_ogre_vendor/lib:/opt/ros/humble/lib/x86_64-linux-gnu:/opt/ros/humble/lib::/usr/share/gazebo/../../lib/x86_64-linux-gnu/gazebo-11/plugins::/home/swati/acados/lib:/home/swati/acados/mpcenv/lib:/home/swati/.casadi_cpp/lib:/opt/hsl/lib', 'ACADOS_SOURCE_DIR': '/home/swati/acados', 'HOME': '/home/swati', 'OLDPWD': '/home/swati/Quad_DR/RotorTM/src', 'DESKTOP_SESSION': 'ubuntu', 'GAZEBO_MASTER_URI': 'http://localhost:11345', 'ROS_PYTHON_VERSION': '3', 'GNOME_SHELL_SESSION_MODE': 'ubuntu', 'GTK_MODULES': 'gail:atk-bridge', 'SYSTEMD_EXEC_PID': '3446', 'DBUS_SESSION_BUS_ADDRESS': 'unix:path=/run/user/1000/bus', 'COLORTERM': 'truecolor', 'CARLA_ROOT': '/home/swati/carla_sim/', 'COLCON_PREFIX_PATH': '/home/swati/Quad_DR/RotorTM/install', 'ROS_DISTRO': 'humble', 'GTK_IM_MODULE': 'ibus', 'LOGNAME': 'swati', '_': '/usr/bin/colcon', 'ROS_VERSION': '2', 'XDG_SESSION_CLASS': 'user', 'USERNAME': 'swati', 'TERM': 'xterm-256color', 'GAZEBO_MODEL_PATH': '/usr/share/gazebo/../../share/gazebo-11/models:', 'GNOME_DESKTOP_SESSION_ID': 'this-is-deprecated', 'ROS_LOCALHOST_ONLY': '0', 'WINDOWPATH': '2', 'OGRE_RESOURCE_PATH': '/usr/lib/x86_64-linux-gnu/OGRE-1.9.0', 'PATH': '/opt/cmake-3.28.3-linux-x86_64/bin:/opt/ros/humble/bin:/home/swati/miniconda3/bin:/home/swati/.cargo/bin:/home/swati/.local/bin:/usr/local/sbin:/usr/local/bin:/usr/sbin:/usr/bin:/sbin:/bin:/usr/games:/usr/local/games:/snap/bin:/snap/bin', 'SESSION_MANAGER': 'local/swati-Legion-Slim-5-16IRH8:@/tmp/.ICE-unix/3157,unix/swati-Legion-Slim-5-16IRH8:/tmp/.ICE-unix/3157', 'XDG_MENU_PREFIX': 'gnome-', 'GNOME_TERMINAL_SCREEN': '/org/gnome/Terminal/screen/4377c507_a8f8_440a_80a2_e0efbbdc9216', 'XDG_RUNTIME_DIR': '/run/user/1000', 'DISPLAY': ':1', 'LANG': 'en_US.UTF-8', 'XDG_CURRENT_DESKTOP': 'ubuntu:GNOME', 'XMODIFIERS': '@im=ibus', 'XDG_SESSION_DESKTOP': 'ubuntu', 'XAUTHORITY': '/run/user/1000/gdm/Xauthority', 'LS_COLORS': 'rs=0:di=01;34:ln=01;36:mh=00:pi=40;33:so=01;35:do=01;35:bd=40;33;01:cd=40;33;01:or=40;31;01:mi=00:su=37;41:sg=30;43:ca=30;41:tw=30;42:ow=34;42:st=37;44:ex=01;32:*.tar=01;31:*.tgz=01;31:*.arc=01;31:*.arj=01;31:*.taz=01;31:*.lha=01;31:*.lz4=01;31:*.lzh=01;31:*.lzma=01;31:*.tlz=01;31:*.txz=01;31:*.tzo=01;31:*.t7z=01;31:*.zip=01;31:*.z=01;31:*.dz=01;31:*.gz=01;31:*.lrz=01;31:*.lz=01;31:*.lzo=01;31:*.xz=01;31:*.zst=01;31:*.tzst=01;31:*.bz2=01;31:*.bz=01;31:*.tbz=01;31:*.tbz2=01;31:*.tz=01;31:*.deb=01;31:*.rpm=01;31:*.jar=01;31:*.war=01;31:*.ear=01;31:*.sar=01;31:*.rar=01;31:*.alz=01;31:*.ace=01;31:*.zoo=01;31:*.cpio=01;31:*.7z=01;31:*.rz=01;31:*.cab=01;31:*.wim=01;31:*.swm=01;31:*.dwm=01;31:*.esd=01;31:*.jpg=01;35:*.jpeg=01;35:*.mjpg=01;35:*.mjpeg=01;35:*.gif=01;35:*.bmp=01;35:*.pbm=01;35:*.pgm=01;35:*.ppm=01;35:*.tga=01;35:*.xbm=01;35:*.xpm=01;35:*.tif=01;35:*.tiff=01;35:*.png=01;35:*.svg=01;35:*.svgz=01;35:*.mng=01;35:*.pcx=01;35:*.mov=01;35:*.mpg=01;35:*.mpeg=01;35:*.m2v=01;35:*.mkv=01;35:*.webm=01;35:*.webp=01;35:*.ogm=01;35:*.mp4=01;35:*.m4v=01;35:*.mp4v=01;35:*.vob=01;35:*.qt=01;35:*.nuv=01;35:*.wmv=01;35:*.asf=01;35:*.rm=01;35:*.rmvb=01;35:*.flc=01;35:*.avi=01;35:*.fli=01;35:*.flv=01;35:*.gl=01;35:*.dl=01;35:*.xcf=01;35:*.xwd=01;35:*.yuv=01;35:*.cgm=01;35:*.emf=01;35:*.ogv=01;35:*.ogx=01;35:*.aac=00;36:*.au=00;36:*.flac=00;36:*.m4a=00;36:*.mid=00;36:*.midi=00;36:*.mka=00;36:*.mp3=00;36:*.mpc=00;36:*.ogg=00;36:*.ra=00;36:*.wav=00;36:*.oga=00;36:*.opus=00;36:*.spx=00;36:*.xspf=00;36:', 'GNOME_TERMINAL_SERVICE': ':1.135', 'SSH_AGENT_LAUNCHER': 'gnome-keyring', 'SSH_AUTH_SOCK': '/run/user/1000/keyring/ssh', 'AMENT_PREFIX_PATH': '/home/swati/Quad_DR/RotorTM/install/rotor_tm_sim:/home/swati/Quad_DR/RotorTM/install/rotor_tm_control:/home/swati/Quad_DR/RotorTM/install/rotor_tm_utils:/home/swati/Quad_DR/RotorTM/install/rotor_tm_traj:/home/swati/Quad_DR/RotorTM/install/rotor_tm_msgs:/home/swati/Quad_DR/RotorTM/install/rotor_tm_keyboard2wrench:/home/swati/Quad_DR/RotorTM/install/rotor_tm_config:/opt/ros/humble', 'SHELL': '/bin/bash', 'QT_ACCESSIBILITY': '1', 'GDMSESSION': 'ubuntu', 'LESSCLOSE': '/usr/bin/lesspipe %s %s', 'GPG_AGENT_INFO': '/run/user/1000/gnupg/S.gpg-agent:0:1', 'GAZEBO_RESOURCE_PATH': '/usr/share/gazebo/../../share/gazebo-11:', 'GAZEBO_MODEL_DATABASE_URI': 'http://models.gazebosim.org', 'QT_IM_MODULE': 'ibus', 'PWD': '/home/swati/Quad_DR/RotorTM/build/rotor_tm_config', 'LC_ALL': 'en_US.UTF-8', 'XDG_CONFIG_DIRS': '/etc/xdg/xdg-ubuntu:/etc/xdg', 'GAZEBO_PLUGIN_PATH': '/usr/share/gazebo/../../lib/x86_64-linux-gnu/gazebo-11/plugins:', 'XDG_DATA_DIRS': '/usr/share/ubuntu:/usr/share/gnome:/usr/local/share/:/usr/share/:/var/lib/snapd/desktop', 'PYTHONPATH': '/home/swati/Quad_DR/RotorTM/build/rotor_tm_config/prefix_override:/usr/lib/python3/dist-packages/colcon_core/task/python/colcon_distutils_commands:/home/swati/Quad_DR/RotorTM/install/rotor_tm_config/lib/python3.10/site-packages:/home/swati/Quad_DR/RotorTM/install/rotor_tm_sim/lib/python3.10/site-packages:/home/swati/Quad_DR/RotorTM/install/rotor_tm_control/lib/python3.10/site-packages:/home/swati/Quad_DR/RotorTM/install/rotor_tm_utils/lib/python3.10/site-packages:/home/swati/Quad_DR/RotorTM/install/rotor_tm_traj/lib/python3.10/site-packages:/home/swati/Quad_DR/RotorTM/install/rotor_tm_msgs/local/lib/python3.10/dist-packages:/home/swati/Quad_DR/RotorTM/install/rotor_tm_keyboard2wrench/lib/python3.10/site-packages:/home/swati/Quad_DR/RotorTM/install/rotor_tm_config/lib/python3.10/site-packages:/opt/ros/humble/lib/python3.10/site-packages:/opt/ros/humble/local/lib/python3.10/dist-packages:/PythonAPI/carla/dist/carla-0.9.14-py3.10-linux-x86_64.egg:/home/swati/carla_sim10/Carla-0.10.0-Linux-Shipping/PythonAPI/carla', 'CPATH': '/home/swati/.local/lib/python3.10/site-packages/casadi/include:', 'COLCON': '1', 'VTE_VERSION': '6800', 'CMAKE_PREFIX_PATH': '/home/swati/Quad_DR/RotorTM/install/rotor_tm_msgs'}, 'shell': False}
[1.202241] (-) TimerEvent: {}
[1.202630] (rotor_tm_keyboard2wrench) Command: {'cmd': ['/usr/bin/python3', '-W', 'ignore:setup.py install is deprecated', 'setup.py', 'egg_info', '--egg-base', '../../build/rotor_tm_keyboard2wrench', 'build', '--build-base', '/home/swati/Quad_DR/RotorTM/build/rotor_tm_keyboard2wrench/build', 'install', '--record', '/home/swati/Quad_DR/RotorTM/build/rotor_tm_keyboard2wrench/install.log', '--single-version-externally-managed', 'install_data'], 'cwd': '/home/swati/Quad_DR/RotorTM/src/rotor_tm_keyboard2wrench', 'env': {'LESSOPEN': '| /usr/bin/lesspipe %s', 'USER': 'swati', 'XDG_SESSION_TYPE': 'x11', 'SHLVL': '1', 'LD_LIBRARY_PATH': '/home/swati/Quad_DR/RotorTM/install/rotor_tm_msgs/lib:/opt/hsl/ma27:/usr/lib/x86_64-linux-gnu/gazebo-11/plugins:/opt/ros/humble/opt/rviz_ogre_vendor/lib:/opt/ros/humble/lib/x86_64-linux-gnu:/opt/ros/humble/lib::/usr/share/gazebo/../../lib/x86_64-linux-gnu/gazebo-11/plugins::/home/swati/acados/lib:/home/swati/acados/mpcenv/lib:/home/swati/.casadi_cpp/lib:/opt/hsl/lib', 'ACADOS_SOURCE_DIR': '/home/swati/acados', 'HOME': '/home/swati', 'OLDPWD': '/home/swati/Quad_DR/RotorTM/src', 'DESKTOP_SESSION': 'ubuntu', 'GAZEBO_MASTER_URI': 'http://localhost:11345', 'ROS_PYTHON_VERSION': '3', 'GNOME_SHELL_SESSION_MODE': 'ubuntu', 'GTK_MODULES': 'gail:atk-bridge', 'SYSTEMD_EXEC_PID': '3446', 'DBUS_SESSION_BUS_ADDRESS': 'unix:path=/run/user/1000/bus', 'COLORTERM': 'truecolor', 'CARLA_ROOT': '/home/swati/carla_sim/', 'COLCON_PREFIX_PATH': '/home/swati/Quad_DR/RotorTM/install', 'ROS_DISTRO': 'humble', 'GTK_IM_MODULE': 'ibus', 'LOGNAME': 'swati', '_': '/usr/bin/colcon', 'ROS_VERSION': '2', 'XDG_SESSION_CLASS': 'user', 'USERNAME': 'swati', 'TERM': 'xterm-256color', 'GAZEBO_MODEL_PATH': '/usr/share/gazebo/../../share/gazebo-11/models:', 'GNOME_DESKTOP_SESSION_ID': 'this-is-deprecated', 'ROS_LOCALHOST_ONLY': '0', 'WINDOWPATH': '2', 'OGRE_RESOURCE_PATH': '/usr/lib/x86_64-linux-gnu/OGRE-1.9.0', 'PATH': '/opt/cmake-3.28.3-linux-x86_64/bin:/opt/ros/humble/bin:/home/swati/miniconda3/bin:/home/swati/.cargo/bin:/home/swati/.local/bin:/usr/local/sbin:/usr/local/bin:/usr/sbin:/usr/bin:/sbin:/bin:/usr/games:/usr/local/games:/snap/bin:/snap/bin', 'SESSION_MANAGER': 'local/swati-Legion-Slim-5-16IRH8:@/tmp/.ICE-unix/3157,unix/swati-Legion-Slim-5-16IRH8:/tmp/.ICE-unix/3157', 'XDG_MENU_PREFIX': 'gnome-', 'GNOME_TERMINAL_SCREEN': '/org/gnome/Terminal/screen/4377c507_a8f8_440a_80a2_e0efbbdc9216', 'XDG_RUNTIME_DIR': '/run/user/1000', 'DISPLAY': ':1', 'LANG': 'en_US.UTF-8', 'XDG_CURRENT_DESKTOP': 'ubuntu:GNOME', 'XMODIFIERS': '@im=ibus', 'XDG_SESSION_DESKTOP': 'ubuntu', 'XAUTHORITY': '/run/user/1000/gdm/Xauthority', 'LS_COLORS': 'rs=0:di=01;34:ln=01;36:mh=00:pi=40;33:so=01;35:do=01;35:bd=40;33;01:cd=40;33;01:or=40;31;01:mi=00:su=37;41:sg=30;43:ca=30;41:tw=30;42:ow=34;42:st=37;44:ex=01;32:*.tar=01;31:*.tgz=01;31:*.arc=01;31:*.arj=01;31:*.taz=01;31:*.lha=01;31:*.lz4=01;31:*.lzh=01;31:*.lzma=01;31:*.tlz=01;31:*.txz=01;31:*.tzo=01;31:*.t7z=01;31:*.zip=01;31:*.z=01;31:*.dz=01;31:*.gz=01;31:*.lrz=01;31:*.lz=01;31:*.lzo=01;31:*.xz=01;31:*.zst=01;31:*.tzst=01;31:*.bz2=01;31:*.bz=01;31:*.tbz=01;31:*.tbz2=01;31:*.tz=01;31:*.deb=01;31:*.rpm=01;31:*.jar=01;31:*.war=01;31:*.ear=01;31:*.sar=01;31:*.rar=01;31:*.alz=01;31:*.ace=01;31:*.zoo=01;31:*.cpio=01;31:*.7z=01;31:*.rz=01;31:*.cab=01;31:*.wim=01;31:*.swm=01;31:*.dwm=01;31:*.esd=01;31:*.jpg=01;35:*.jpeg=01;35:*.mjpg=01;35:*.mjpeg=01;35:*.gif=01;35:*.bmp=01;35:*.pbm=01;35:*.pgm=01;35:*.ppm=01;35:*.tga=01;35:*.xbm=01;35:*.xpm=01;35:*.tif=01;35:*.tiff=01;35:*.png=01;35:*.svg=01;35:*.svgz=01;35:*.mng=01;35:*.pcx=01;35:*.mov=01;35:*.mpg=01;35:*.mpeg=01;35:*.m2v=01;35:*.mkv=01;35:*.webm=01;35:*.webp=01;35:*.ogm=01;35:*.mp4=01;35:*.m4v=01;35:*.mp4v=01;35:*.vob=01;35:*.qt=01;35:*.nuv=01;35:*.wmv=01;35:*.asf=01;35:*.rm=01;35:*.rmvb=01;35:*.flc=01;35:*.avi=01;35:*.fli=01;35:*.flv=01;35:*.gl=01;35:*.dl=01;35:*.xcf=01;35:*.xwd=01;35:*.yuv=01;35:*.cgm=01;35:*.emf=01;35:*.ogv=01;35:*.ogx=01;35:*.aac=00;36:*.au=00;36:*.flac=00;36:*.m4a=00;36:*.mid=00;36:*.midi=00;36:*.mka=00;36:*.mp3=00;36:*.mpc=00;36:*.ogg=00;36:*.ra=00;36:*.wav=00;36:*.oga=00;36:*.opus=00;36:*.spx=00;36:*.xspf=00;36:', 'GNOME_TERMINAL_SERVICE': ':1.135', 'SSH_AGENT_LAUNCHER': 'gnome-keyring', 'SSH_AUTH_SOCK': '/run/user/1000/keyring/ssh', 'AMENT_PREFIX_PATH': '/home/swati/Quad_DR/RotorTM/install/rotor_tm_sim:/home/swati/Quad_DR/RotorTM/install/rotor_tm_control:/home/swati/Quad_DR/RotorTM/install/rotor_tm_utils:/home/swati/Quad_DR/RotorTM/install/rotor_tm_traj:/home/swati/Quad_DR/RotorTM/install/rotor_tm_msgs:/home/swati/Quad_DR/RotorTM/install/rotor_tm_keyboard2wrench:/home/swati/Quad_DR/RotorTM/install/rotor_tm_config:/opt/ros/humble', 'SHELL': '/bin/bash', 'QT_ACCESSIBILITY': '1', 'GDMSESSION': 'ubuntu', 'LESSCLOSE': '/usr/bin/lesspipe %s %s', 'GPG_AGENT_INFO': '/run/user/1000/gnupg/S.gpg-agent:0:1', 'GAZEBO_RESOURCE_PATH': '/usr/share/gazebo/../../share/gazebo-11:', 'GAZEBO_MODEL_DATABASE_URI': 'http://models.gazebosim.org', 'QT_IM_MODULE': 'ibus', 'PWD': '/home/swati/Quad_DR/RotorTM/build/rotor_tm_keyboard2wrench', 'LC_ALL': 'en_US.UTF-8', 'XDG_CONFIG_DIRS': '/etc/xdg/xdg-ubuntu:/etc/xdg', 'GAZEBO_PLUGIN_PATH': '/usr/share/gazebo/../../lib/x86_64-linux-gnu/gazebo-11/plugins:', 'XDG_DATA_DIRS': '/usr/share/ubuntu:/usr/share/gnome:/usr/local/share/:/usr/share/:/var/lib/snapd/desktop', 'PYTHONPATH': '/home/swati/Quad_DR/RotorTM/build/rotor_tm_keyboard2wrench/prefix_override:/usr/lib/python3/dist-packages/colcon_core/task/python/colcon_distutils_commands:/home/swati/Quad_DR/RotorTM/install/rotor_tm_keyboard2wrench/lib/python3.10/site-packages:/home/swati/Quad_DR/RotorTM/install/rotor_tm_sim/lib/python3.10/site-packages:/home/swati/Quad_DR/RotorTM/install/rotor_tm_control/lib/python3.10/site-packages:/home/swati/Quad_DR/RotorTM/install/rotor_tm_utils/lib/python3.10/site-packages:/home/swati/Quad_DR/RotorTM/install/rotor_tm_traj/lib/python3.10/site-packages:/home/swati/Quad_DR/RotorTM/install/rotor_tm_msgs/local/lib/python3.10/dist-packages:/home/swati/Quad_DR/RotorTM/install/rotor_tm_keyboard2wrench/lib/python3.10/site-packages:/home/swati/Quad_DR/RotorTM/install/rotor_tm_config/lib/python3.10/site-packages:/opt/ros/humble/lib/python3.10/site-packages:/opt/ros/humble/local/lib/python3.10/dist-packages:/PythonAPI/carla/dist/carla-0.9.14-py3.10-linux-x86_64.egg:/home/swati/carla_sim10/Carla-0.10.0-Linux-Shipping/PythonAPI/carla', 'CPATH': '/home/swati/.local/lib/python3.10/site-packages/casadi/include:', 'COLCON': '1', 'VTE_VERSION': '6800', 'CMAKE_PREFIX_PATH': '/home/swati/Quad_DR/RotorTM/install/rotor_tm_msgs'}, 'shell': False}
[1.205092] (rotor_tm_utils) Command: {'cmd': ['/usr/bin/python3', '-W', 'ignore:setup.py install is deprecated', 'setup.py', 'egg_info', '--egg-base', '../../build/rotor_tm_utils', 'build', '--build-base', '/home/swati/Quad_DR/RotorTM/build/rotor_tm_utils/build', 'install', '--record', '/home/swati/Quad_DR/RotorTM/build/rotor_tm_utils/install.log', '--single-version-externally-managed', 'install_data'], 'cwd': '/home/swati/Quad_DR/RotorTM/src/rotor_tm_utils', 'env': {'LESSOPEN': '| /usr/bin/lesspipe %s', 'USER': 'swati', 'XDG_SESSION_TYPE': 'x11', 'SHLVL': '1', 'LD_LIBRARY_PATH': '/home/swati/Quad_DR/RotorTM/install/rotor_tm_msgs/lib:/opt/hsl/ma27:/usr/lib/x86_64-linux-gnu/gazebo-11/plugins:/opt/ros/humble/opt/rviz_ogre_vendor/lib:/opt/ros/humble/lib/x86_64-linux-gnu:/opt/ros/humble/lib::/usr/share/gazebo/../../lib/x86_64-linux-gnu/gazebo-11/plugins::/home/swati/acados/lib:/home/swati/acados/mpcenv/lib:/home/swati/.casadi_cpp/lib:/opt/hsl/lib', 'ACADOS_SOURCE_DIR': '/home/swati/acados', 'HOME': '/home/swati', 'OLDPWD': '/home/swati/Quad_DR/RotorTM/src', 'DESKTOP_SESSION': 'ubuntu', 'GAZEBO_MASTER_URI': 'http://localhost:11345', 'ROS_PYTHON_VERSION': '3', 'GNOME_SHELL_SESSION_MODE': 'ubuntu', 'GTK_MODULES': 'gail:atk-bridge', 'SYSTEMD_EXEC_PID': '3446', 'DBUS_SESSION_BUS_ADDRESS': 'unix:path=/run/user/1000/bus', 'COLORTERM': 'truecolor', 'CARLA_ROOT': '/home/swati/carla_sim/', 'COLCON_PREFIX_PATH': '/home/swati/Quad_DR/RotorTM/install', 'ROS_DISTRO': 'humble', 'GTK_IM_MODULE': 'ibus', 'LOGNAME': 'swati', '_': '/usr/bin/colcon', 'ROS_VERSION': '2', 'XDG_SESSION_CLASS': 'user', 'USERNAME': 'swati', 'TERM': 'xterm-256color', 'GAZEBO_MODEL_PATH': '/usr/share/gazebo/../../share/gazebo-11/models:', 'GNOME_DESKTOP_SESSION_ID': 'this-is-deprecated', 'ROS_LOCALHOST_ONLY': '0', 'WINDOWPATH': '2', 'OGRE_RESOURCE_PATH': '/usr/lib/x86_64-linux-gnu/OGRE-1.9.0', 'PATH': '/opt/cmake-3.28.3-linux-x86_64/bin:/opt/ros/humble/bin:/home/swati/miniconda3/bin:/home/swati/.cargo/bin:/home/swati/.local/bin:/usr/local/sbin:/usr/local/bin:/usr/sbin:/usr/bin:/sbin:/bin:/usr/games:/usr/local/games:/snap/bin:/snap/bin', 'SESSION_MANAGER': 'local/swati-Legion-Slim-5-16IRH8:@/tmp/.ICE-unix/3157,unix/swati-Legion-Slim-5-16IRH8:/tmp/.ICE-unix/3157', 'XDG_MENU_PREFIX': 'gnome-', 'GNOME_TERMINAL_SCREEN': '/org/gnome/Terminal/screen/4377c507_a8f8_440a_80a2_e0efbbdc9216', 'XDG_RUNTIME_DIR': '/run/user/1000', 'DISPLAY': ':1', 'LANG': 'en_US.UTF-8', 'XDG_CURRENT_DESKTOP': 'ubuntu:GNOME', 'XMODIFIERS': '@im=ibus', 'XDG_SESSION_DESKTOP': 'ubuntu', 'XAUTHORITY': '/run/user/1000/gdm/Xauthority', 'LS_COLORS': 'rs=0:di=01;34:ln=01;36:mh=00:pi=40;33:so=01;35:do=01;35:bd=40;33;01:cd=40;33;01:or=40;31;01:mi=00:su=37;41:sg=30;43:ca=30;41:tw=30;42:ow=34;42:st=37;44:ex=01;32:*.tar=01;31:*.tgz=01;31:*.arc=01;31:*.arj=01;31:*.taz=01;31:*.lha=01;31:*.lz4=01;31:*.lzh=01;31:*.lzma=01;31:*.tlz=01;31:*.txz=01;31:*.tzo=01;31:*.t7z=01;31:*.zip=01;31:*.z=01;31:*.dz=01;31:*.gz=01;31:*.lrz=01;31:*.lz=01;31:*.lzo=01;31:*.xz=01;31:*.zst=01;31:*.tzst=01;31:*.bz2=01;31:*.bz=01;31:*.tbz=01;31:*.tbz2=01;31:*.tz=01;31:*.deb=01;31:*.rpm=01;31:*.jar=01;31:*.war=01;31:*.ear=01;31:*.sar=01;31:*.rar=01;31:*.alz=01;31:*.ace=01;31:*.zoo=01;31:*.cpio=01;31:*.7z=01;31:*.rz=01;31:*.cab=01;31:*.wim=01;31:*.swm=01;31:*.dwm=01;31:*.esd=01;31:*.jpg=01;35:*.jpeg=01;35:*.mjpg=01;35:*.mjpeg=01;35:*.gif=01;35:*.bmp=01;35:*.pbm=01;35:*.pgm=01;35:*.ppm=01;35:*.tga=01;35:*.xbm=01;35:*.xpm=01;35:*.tif=01;35:*.tiff=01;35:*.png=01;35:*.svg=01;35:*.svgz=01;35:*.mng=01;35:*.pcx=01;35:*.mov=01;35:*.mpg=01;35:*.mpeg=01;35:*.m2v=01;35:*.mkv=01;35:*.webm=01;35:*.webp=01;35:*.ogm=01;35:*.mp4=01;35:*.m4v=01;35:*.mp4v=01;35:*.vob=01;35:*.qt=01;35:*.nuv=01;35:*.wmv=01;35:*.asf=01;35:*.rm=01;35:*.rmvb=01;35:*.flc=01;35:*.avi=01;35:*.fli=01;35:*.flv=01;35:*.gl=01;35:*.dl=01;35:*.xcf=01;35:*.xwd=01;35:*.yuv=01;35:*.cgm=01;35:*.emf=01;35:*.ogv=01;35:*.ogx=01;35:*.aac=00;36:*.au=00;36:*.flac=00;36:*.m4a=00;36:*.mid=00;36:*.midi=00;36:*.mka=00;36:*.mp3=00;36:*.mpc=00;36:*.ogg=00;36:*.ra=00;36:*.wav=00;36:*.oga=00;36:*.opus=00;36:*.spx=00;36:*.xspf=00;36:', 'GNOME_TERMINAL_SERVICE': ':1.135', 'SSH_AGENT_LAUNCHER': 'gnome-keyring', 'SSH_AUTH_SOCK': '/run/user/1000/keyring/ssh', 'AMENT_PREFIX_PATH': '/home/swati/Quad_DR/RotorTM/install/rotor_tm_sim:/home/swati/Quad_DR/RotorTM/install/rotor_tm_control:/home/swati/Quad_DR/RotorTM/install/rotor_tm_utils:/home/swati/Quad_DR/RotorTM/install/rotor_tm_traj:/home/swati/Quad_DR/RotorTM/install/rotor_tm_msgs:/home/swati/Quad_DR/RotorTM/install/rotor_tm_keyboard2wrench:/home/swati/Quad_DR/RotorTM/install/rotor_tm_config:/opt/ros/humble', 'SHELL': '/bin/bash', 'QT_ACCESSIBILITY': '1', 'GDMSESSION': 'ubuntu', 'LESSCLOSE': '/usr/bin/lesspipe %s %s', 'GPG_AGENT_INFO': '/run/user/1000/gnupg/S.gpg-agent:0:1', 'GAZEBO_RESOURCE_PATH': '/usr/share/gazebo/../../share/gazebo-11:', 'GAZEBO_MODEL_DATABASE_URI': 'http://models.gazebosim.org', 'QT_IM_MODULE': 'ibus', 'PWD': '/home/swati/Quad_DR/RotorTM/build/rotor_tm_utils', 'LC_ALL': 'en_US.UTF-8', 'XDG_CONFIG_DIRS': '/etc/xdg/xdg-ubuntu:/etc/xdg', 'GAZEBO_PLUGIN_PATH': '/usr/share/gazebo/../../lib/x86_64-linux-gnu/gazebo-11/plugins:', 'XDG_DATA_DIRS': '/usr/share/ubuntu:/usr/share/gnome:/usr/local/share/:/usr/share/:/var/lib/snapd/desktop', 'PYTHONPATH': '/home/swati/Quad_DR/RotorTM/build/rotor_tm_utils/prefix_override:/usr/lib/python3/dist-packages/colcon_core/task/python/colcon_distutils_commands:/home/swati/Quad_DR/RotorTM/install/rotor_tm_utils/lib/python3.10/site-packages:/home/swati/Quad_DR/RotorTM/install/rotor_tm_sim/lib/python3.10/site-packages:/home/swati/Quad_DR/RotorTM/install/rotor_tm_control/lib/python3.10/site-packages:/home/swati/Quad_DR/RotorTM/install/rotor_tm_utils/lib/python3.10/site-packages:/home/swati/Quad_DR/RotorTM/install/rotor_tm_traj/lib/python3.10/site-packages:/home/swati/Quad_DR/RotorTM/install/rotor_tm_msgs/local/lib/python3.10/dist-packages:/home/swati/Quad_DR/RotorTM/install/rotor_tm_keyboard2wrench/lib/python3.10/site-packages:/home/swati/Quad_DR/RotorTM/install/rotor_tm_config/lib/python3.10/site-packages:/opt/ros/humble/lib/python3.10/site-packages:/opt/ros/humble/local/lib/python3.10/dist-packages:/PythonAPI/carla/dist/carla-0.9.14-py3.10-linux-x86_64.egg:/home/swati/carla_sim10/Carla-0.10.0-Linux-Shipping/PythonAPI/carla', 'CPATH': '/home/swati/.local/lib/python3.10/site-packages/casadi/include:', 'COLCON': '1', 'VTE_VERSION': '6800', 'CMAKE_PREFIX_PATH': '/home/swati/Quad_DR/RotorTM/install/rotor_tm_msgs'}, 'shell': False}
[1.207587] (rotor_tm_traj) Command: {'cmd': ['/usr/bin/python3', '-W', 'ignore:setup.py install is deprecated', 'setup.py', 'egg_info', '--egg-base', '../../build/rotor_tm_traj', 'build', '--build-base', '/home/swati/Quad_DR/RotorTM/build/rotor_tm_traj/build', 'install', '--record', '/home/swati/Quad_DR/RotorTM/build/rotor_tm_traj/install.log', '--single-version-externally-managed', 'install_data'], 'cwd': '/home/swati/Quad_DR/RotorTM/src/rotor_tm_traj', 'env': {'LESSOPEN': '| /usr/bin/lesspipe %s', 'USER': 'swati', 'XDG_SESSION_TYPE': 'x11', 'SHLVL': '1', 'LD_LIBRARY_PATH': '/home/swati/Quad_DR/RotorTM/install/rotor_tm_msgs/lib:/opt/hsl/ma27:/usr/lib/x86_64-linux-gnu/gazebo-11/plugins:/opt/ros/humble/opt/rviz_ogre_vendor/lib:/opt/ros/humble/lib/x86_64-linux-gnu:/opt/ros/humble/lib::/usr/share/gazebo/../../lib/x86_64-linux-gnu/gazebo-11/plugins::/home/swati/acados/lib:/home/swati/acados/mpcenv/lib:/home/swati/.casadi_cpp/lib:/opt/hsl/lib', 'ACADOS_SOURCE_DIR': '/home/swati/acados', 'HOME': '/home/swati', 'OLDPWD': '/home/swati/Quad_DR/RotorTM/src', 'DESKTOP_SESSION': 'ubuntu', 'GAZEBO_MASTER_URI': 'http://localhost:11345', 'ROS_PYTHON_VERSION': '3', 'GNOME_SHELL_SESSION_MODE': 'ubuntu', 'GTK_MODULES': 'gail:atk-bridge', 'SYSTEMD_EXEC_PID': '3446', 'DBUS_SESSION_BUS_ADDRESS': 'unix:path=/run/user/1000/bus', 'COLORTERM': 'truecolor', 'CARLA_ROOT': '/home/swati/carla_sim/', 'COLCON_PREFIX_PATH': '/home/swati/Quad_DR/RotorTM/install', 'ROS_DISTRO': 'humble', 'GTK_IM_MODULE': 'ibus', 'LOGNAME': 'swati', '_': '/usr/bin/colcon', 'ROS_VERSION': '2', 'XDG_SESSION_CLASS': 'user', 'USERNAME': 'swati', 'TERM': 'xterm-256color', 'GAZEBO_MODEL_PATH': '/usr/share/gazebo/../../share/gazebo-11/models:', 'GNOME_DESKTOP_SESSION_ID': 'this-is-deprecated', 'ROS_LOCALHOST_ONLY': '0', 'WINDOWPATH': '2', 'OGRE_RESOURCE_PATH': '/usr/lib/x86_64-linux-gnu/OGRE-1.9.0', 'PATH': '/opt/cmake-3.28.3-linux-x86_64/bin:/opt/ros/humble/bin:/home/swati/miniconda3/bin:/home/swati/.cargo/bin:/home/swati/.local/bin:/usr/local/sbin:/usr/local/bin:/usr/sbin:/usr/bin:/sbin:/bin:/usr/games:/usr/local/games:/snap/bin:/snap/bin', 'SESSION_MANAGER': 'local/swati-Legion-Slim-5-16IRH8:@/tmp/.ICE-unix/3157,unix/swati-Legion-Slim-5-16IRH8:/tmp/.ICE-unix/3157', 'XDG_MENU_PREFIX': 'gnome-', 'GNOME_TERMINAL_SCREEN': '/org/gnome/Terminal/screen/4377c507_a8f8_440a_80a2_e0efbbdc9216', 'XDG_RUNTIME_DIR': '/run/user/1000', 'DISPLAY': ':1', 'LANG': 'en_US.UTF-8', 'XDG_CURRENT_DESKTOP': 'ubuntu:GNOME', 'XMODIFIERS': '@im=ibus', 'XDG_SESSION_DESKTOP': 'ubuntu', 'XAUTHORITY': '/run/user/1000/gdm/Xauthority', 'LS_COLORS': 'rs=0:di=01;34:ln=01;36:mh=00:pi=40;33:so=01;35:do=01;35:bd=40;33;01:cd=40;33;01:or=40;31;01:mi=00:su=37;41:sg=30;43:ca=30;41:tw=30;42:ow=34;42:st=37;44:ex=01;32:*.tar=01;31:*.tgz=01;31:*.arc=01;31:*.arj=01;31:*.taz=01;31:*.lha=01;31:*.lz4=01;31:*.lzh=01;31:*.lzma=01;31:*.tlz=01;31:*.txz=01;31:*.tzo=01;31:*.t7z=01;31:*.zip=01;31:*.z=01;31:*.dz=01;31:*.gz=01;31:*.lrz=01;31:*.lz=01;31:*.lzo=01;31:*.xz=01;31:*.zst=01;31:*.tzst=01;31:*.bz2=01;31:*.bz=01;31:*.tbz=01;31:*.tbz2=01;31:*.tz=01;31:*.deb=01;31:*.rpm=01;31:*.jar=01;31:*.war=01;31:*.ear=01;31:*.sar=01;31:*.rar=01;31:*.alz=01;31:*.ace=01;31:*.zoo=01;31:*.cpio=01;31:*.7z=01;31:*.rz=01;31:*.cab=01;31:*.wim=01;31:*.swm=01;31:*.dwm=01;31:*.esd=01;31:*.jpg=01;35:*.jpeg=01;35:*.mjpg=01;35:*.mjpeg=01;35:*.gif=01;35:*.bmp=01;35:*.pbm=01;35:*.pgm=01;35:*.ppm=01;35:*.tga=01;35:*.xbm=01;35:*.xpm=01;35:*.tif=01;35:*.tiff=01;35:*.png=01;35:*.svg=01;35:*.svgz=01;35:*.mng=01;35:*.pcx=01;35:*.mov=01;35:*.mpg=01;35:*.mpeg=01;35:*.m2v=01;35:*.mkv=01;35:*.webm=01;35:*.webp=01;35:*.ogm=01;35:*.mp4=01;35:*.m4v=01;35:*.mp4v=01;35:*.vob=01;35:*.qt=01;35:*.nuv=01;35:*.wmv=01;35:*.asf=01;35:*.rm=01;35:*.rmvb=01;35:*.flc=01;35:*.avi=01;35:*.fli=01;35:*.flv=01;35:*.gl=01;35:*.dl=01;35:*.xcf=01;35:*.xwd=01;35:*.yuv=01;35:*.cgm=01;35:*.emf=01;35:*.ogv=01;35:*.ogx=01;35:*.aac=00;36:*.au=00;36:*.flac=00;36:*.m4a=00;36:*.mid=00;36:*.midi=00;36:*.mka=00;36:*.mp3=00;36:*.mpc=00;36:*.ogg=00;36:*.ra=00;36:*.wav=00;36:*.oga=00;36:*.opus=00;36:*.spx=00;36:*.xspf=00;36:', 'GNOME_TERMINAL_SERVICE': ':1.135', 'SSH_AGENT_LAUNCHER': 'gnome-keyring', 'SSH_AUTH_SOCK': '/run/user/1000/keyring/ssh', 'AMENT_PREFIX_PATH': '/home/swati/Quad_DR/RotorTM/install/rotor_tm_sim:/home/swati/Quad_DR/RotorTM/install/rotor_tm_control:/home/swati/Quad_DR/RotorTM/install/rotor_tm_utils:/home/swati/Quad_DR/RotorTM/install/rotor_tm_traj:/home/swati/Quad_DR/RotorTM/install/rotor_tm_msgs:/home/swati/Quad_DR/RotorTM/install/rotor_tm_keyboard2wrench:/home/swati/Quad_DR/RotorTM/install/rotor_tm_config:/opt/ros/humble', 'SHELL': '/bin/bash', 'QT_ACCESSIBILITY': '1', 'GDMSESSION': 'ubuntu', 'LESSCLOSE': '/usr/bin/lesspipe %s %s', 'GPG_AGENT_INFO': '/run/user/1000/gnupg/S.gpg-agent:0:1', 'GAZEBO_RESOURCE_PATH': '/usr/share/gazebo/../../share/gazebo-11:', 'GAZEBO_MODEL_DATABASE_URI': 'http://models.gazebosim.org', 'QT_IM_MODULE': 'ibus', 'PWD': '/home/swati/Quad_DR/RotorTM/build/rotor_tm_traj', 'LC_ALL': 'en_US.UTF-8', 'XDG_CONFIG_DIRS': '/etc/xdg/xdg-ubuntu:/etc/xdg', 'GAZEBO_PLUGIN_PATH': '/usr/share/gazebo/../../lib/x86_64-linux-gnu/gazebo-11/plugins:', 'XDG_DATA_DIRS': '/usr/share/ubuntu:/usr/share/gnome:/usr/local/share/:/usr/share/:/var/lib/snapd/desktop', 'PYTHONPATH': '/home/swati/Quad_DR/RotorTM/build/rotor_tm_traj/prefix_override:/usr/lib/python3/dist-packages/colcon_core/task/python/colcon_distutils_commands:/home/swati/Quad_DR/RotorTM/install/rotor_tm_traj/lib/python3.10/site-packages:/home/swati/Quad_DR/RotorTM/install/rotor_tm_sim/lib/python3.10/site-packages:/home/swati/Quad_DR/RotorTM/install/rotor_tm_control/lib/python3.10/site-packages:/home/swati/Quad_DR/RotorTM/install/rotor_tm_utils/lib/python3.10/site-packages:/home/swati/Quad_DR/RotorTM/install/rotor_tm_traj/lib/python3.10/site-packages:/home/swati/Quad_DR/RotorTM/install/rotor_tm_msgs/local/lib/python3.10/dist-packages:/home/swati/Quad_DR/RotorTM/install/rotor_tm_keyboard2wrench/lib/python3.10/site-packages:/home/swati/Quad_DR/RotorTM/install/rotor_tm_config/lib/python3.10/site-packages:/opt/ros/humble/lib/python3.10/site-packages:/opt/ros/humble/local/lib/python3.10/dist-packages:/PythonAPI/carla/dist/carla-0.9.14-py3.10-linux-x86_64.egg:/home/swati/carla_sim10/Carla-0.10.0-Linux-Shipping/PythonAPI/carla', 'CPATH': '/home/swati/.local/lib/python3.10/site-packages/casadi/include:', 'COLCON': '1', 'VTE_VERSION': '6800', 'CMAKE_PREFIX_PATH': '/home/swati/Quad_DR/RotorTM/install/rotor_tm_msgs'}, 'shell': False}
[1.215303] (rotor_tm_msgs) JobEnded: {'identifier': 'rotor_tm_msgs', 'rc': 0}
[1.302367] (-) TimerEvent: {}
[1.311014] (rotor_tm_config) StderrLine: {'line': b"/home/swati/.local/lib/python3.10/site-packages/setuptools/_distutils/dist.py:261: UserWarning: Unknown distribution option: 'tests_require'\n"}
[1.311225] (rotor_tm_config) StderrLine: {'line': b'  warnings.warn(msg)\n'}
[1.312103] (rotor_tm_keyboard2wrench) StderrLine: {'line': b"/home/swati/.local/lib/python3.10/site-packages/setuptools/_distutils/dist.py:261: UserWarning: Unknown distribution option: 'tests_require'\n"}
[1.312299] (rotor_tm_keyboard2wrench) StderrLine: {'line': b'  warnings.warn(msg)\n'}
[1.312606] (rotor_tm_utils) StderrLine: {'line': b"/home/swati/.local/lib/python3.10/site-packages/setuptools/_distutils/dist.py:261: UserWarning: Unknown distribution option: 'tests_require'\n"}
[1.312752] (rotor_tm_utils) StderrLine: {'line': b'  warnings.warn(msg)\n'}
[1.314674] (rotor_tm_traj) StderrLine: {'line': b"/home/swati/.local/lib/python3.10/site-packages/setuptools/_distutils/dist.py:261: UserWarning: Unknown distribution option: 'tests_require'\n"}
[1.314826] (rotor_tm_traj) StderrLine: {'line': b'  warnings.warn(msg)\n'}
[1.392222] (rotor_tm_config) StdoutLine: {'line': b'running egg_info\n'}
[1.394304] (rotor_tm_utils) StdoutLine: {'line': b'running egg_info\n'}
[1.396536] (rotor_tm_traj) StdoutLine: {'line': b'running egg_info\n'}
[1.396785] (rotor_tm_keyboard2wrench) StdoutLine: {'line': b'running egg_info\n'}
[1.402451] (-) TimerEvent: {}
[1.402659] (rotor_tm_config) StdoutLine: {'line': b'writing ../../build/rotor_tm_config/rotor_tm_config.egg-info/PKG-INFO\n'}
[1.402944] (rotor_tm_config) StdoutLine: {'line': b'writing dependency_links to ../../build/rotor_tm_config/rotor_tm_config.egg-info/dependency_links.txt\n'}
[1.403107] (rotor_tm_config) StdoutLine: {'line': b'writing requirements to ../../build/rotor_tm_config/rotor_tm_config.egg-info/requires.txt\n'}
[1.403196] (rotor_tm_config) StdoutLine: {'line': b'writing top-level names to ../../build/rotor_tm_config/rotor_tm_config.egg-info/top_level.txt\n'}
[1.404573] (rotor_tm_utils) StdoutLine: {'line': b'writing ../../build/rotor_tm_utils/rotor_tm_utils.egg-info/PKG-INFO\n'}
[1.404829] (rotor_tm_utils) StdoutLine: {'line': b'writing dependency_links to ../../build/rotor_tm_utils/rotor_tm_utils.egg-info/dependency_links.txt\n'}
[1.404943] (rotor_tm_utils) StdoutLine: {'line': b'writing requirements to ../../build/rotor_tm_utils/rotor_tm_utils.egg-info/requires.txt\n'}
[1.405018] (rotor_tm_utils) StdoutLine: {'line': b'writing top-level names to ../../build/rotor_tm_utils/rotor_tm_utils.egg-info/top_level.txt\n'}
[1.407136] (rotor_tm_traj) StdoutLine: {'line': b'writing ../../build/rotor_tm_traj/rotor_tm_traj.egg-info/PKG-INFO\n'}
[1.407348] (rotor_tm_traj) StdoutLine: {'line': b'writing dependency_links to ../../build/rotor_tm_traj/rotor_tm_traj.egg-info/dependency_links.txt\n'}
[1.407448] (rotor_tm_traj) StdoutLine: {'line': b'writing entry points to ../../build/rotor_tm_traj/rotor_tm_traj.egg-info/entry_points.txt\n'}
[1.407644] (rotor_tm_keyboard2wrench) StdoutLine: {'line': b'writing ../../build/rotor_tm_keyboard2wrench/rotor_tm_keyboard2wrench.egg-info/PKG-INFO\n'}
[1.407759] (rotor_tm_traj) StdoutLine: {'line': b'writing requirements to ../../build/rotor_tm_traj/rotor_tm_traj.egg-info/requires.txt\n'}
[1.407830] (rotor_tm_traj) StdoutLine: {'line': b'writing top-level names to ../../build/rotor_tm_traj/rotor_tm_traj.egg-info/top_level.txt\n'}
[1.407920] (rotor_tm_keyboard2wrench) StdoutLine: {'line': b'writing dependency_links to ../../build/rotor_tm_keyboard2wrench/rotor_tm_keyboard2wrench.egg-info/dependency_links.txt\n'}
[1.408008] (rotor_tm_keyboard2wrench) StdoutLine: {'line': b'writing entry points to ../../build/rotor_tm_keyboard2wrench/rotor_tm_keyboard2wrench.egg-info/entry_points.txt\n'}
[1.408108] (rotor_tm_keyboard2wrench) StdoutLine: {'line': b'writing requirements to ../../build/rotor_tm_keyboard2wrench/rotor_tm_keyboard2wrench.egg-info/requires.txt\n'}
[1.408197] (rotor_tm_keyboard2wrench) StdoutLine: {'line': b'writing top-level names to ../../build/rotor_tm_keyboard2wrench/rotor_tm_keyboard2wrench.egg-info/top_level.txt\n'}
[1.435679] (rotor_tm_config) StdoutLine: {'line': b"reading manifest file '../../build/rotor_tm_config/rotor_tm_config.egg-info/SOURCES.txt'\n"}
[1.436093] (rotor_tm_config) StdoutLine: {'line': b"adding license file 'LICENSE'\n"}
[1.437151] (rotor_tm_config) StdoutLine: {'line': b"writing manifest file '../../build/rotor_tm_config/rotor_tm_config.egg-info/SOURCES.txt'\n"}
[1.437384] (rotor_tm_utils) StdoutLine: {'line': b"reading manifest file '../../build/rotor_tm_utils/rotor_tm_utils.egg-info/SOURCES.txt'\n"}
[1.437678] (rotor_tm_config) StdoutLine: {'line': b'running build\n'}
[1.437761] (rotor_tm_config) StdoutLine: {'line': b'running build_py\n'}
[1.437832] (rotor_tm_config) StdoutLine: {'line': b'copying rotor_tm_config/__init__.py -> /home/swati/Quad_DR/RotorTM/build/rotor_tm_config/build/lib/rotor_tm_config\n'}
[1.437931] (rotor_tm_utils) StdoutLine: {'line': b"adding license file 'LICENSE'\n"}
[1.438002] (rotor_tm_config) StdoutLine: {'line': b'running install\n'}
[1.438181] (rotor_tm_utils) StdoutLine: {'line': b"writing manifest file '../../build/rotor_tm_utils/rotor_tm_utils.egg-info/SOURCES.txt'\n"}
[1.438289] (rotor_tm_utils) StdoutLine: {'line': b'running build\n'}
[1.438366] (rotor_tm_utils) StdoutLine: {'line': b'running build_py\n'}
[1.438537] (rotor_tm_utils) StdoutLine: {'line': b'copying rotor_tm_utils/rosutilslib.py -> /home/swati/Quad_DR/RotorTM/build/rotor_tm_utils/build/lib/rotor_tm_utils\n'}
[1.438671] (rotor_tm_utils) StdoutLine: {'line': b'copying rotor_tm_utils/__init__.py -> /home/swati/Quad_DR/RotorTM/build/rotor_tm_utils/build/lib/rotor_tm_utils\n'}
[1.438782] (rotor_tm_utils) StdoutLine: {'line': b'copying rotor_tm_utils/QuatToRot.py -> /home/swati/Quad_DR/RotorTM/build/rotor_tm_utils/build/lib/rotor_tm_utils\n'}
[1.438886] (rotor_tm_utils) StdoutLine: {'line': b'copying rotor_tm_utils/read_params.py -> /home/swati/Quad_DR/RotorTM/build/rotor_tm_utils/build/lib/rotor_tm_utils\n'}
[1.438983] (rotor_tm_utils) StdoutLine: {'line': b'running install\n'}
[1.440294] (rotor_tm_traj) StdoutLine: {'line': b"reading manifest file '../../build/rotor_tm_traj/rotor_tm_traj.egg-info/SOURCES.txt'\n"}
[1.440662] (rotor_tm_traj) StdoutLine: {'line': b"adding license file 'LICENSE'\n"}
[1.440841] (rotor_tm_config) StdoutLine: {'line': b'running install_lib\n'}
[1.441410] (rotor_tm_traj) StdoutLine: {'line': b"writing manifest file '../../build/rotor_tm_traj/rotor_tm_traj.egg-info/SOURCES.txt'\n"}
[1.441542] (rotor_tm_traj) StdoutLine: {'line': b'running build\n'}
[1.441649] (rotor_tm_traj) StdoutLine: {'line': b'running build_py\n'}
[1.441755] (rotor_tm_keyboard2wrench) StdoutLine: {'line': b"reading manifest file '../../build/rotor_tm_keyboard2wrench/rotor_tm_keyboard2wrench.egg-info/SOURCES.txt'\n"}
[1.441868] (rotor_tm_traj) StdoutLine: {'line': b'copying rotor_tm_traj/traj.py -> /home/swati/Quad_DR/RotorTM/build/rotor_tm_traj/build/lib/rotor_tm_traj\n'}
[1.441944] (rotor_tm_keyboard2wrench) StdoutLine: {'line': b"adding license file 'LICENSE'\n"}
[1.442079] (rotor_tm_traj) StdoutLine: {'line': b'copying rotor_tm_traj/traj_node.py -> /home/swati/Quad_DR/RotorTM/build/rotor_tm_traj/build/lib/rotor_tm_traj\n'}
[1.442161] (rotor_tm_utils) StdoutLine: {'line': b'running install_lib\n'}
[1.442668] (rotor_tm_traj) StdoutLine: {'line': b'copying rotor_tm_traj/Optimization/entire_path/__init__.py -> /home/swati/Quad_DR/RotorTM/build/rotor_tm_traj/build/lib/rotor_tm_traj/Optimization/entire_path\n'}
[1.442821] (rotor_tm_keyboard2wrench) StdoutLine: {'line': b"writing manifest file '../../build/rotor_tm_keyboard2wrench/rotor_tm_keyboard2wrench.egg-info/SOURCES.txt'\n"}
[1.442959] (rotor_tm_keyboard2wrench) StdoutLine: {'line': b'running build\n'}
[1.443090] (rotor_tm_keyboard2wrench) StdoutLine: {'line': b'running build_py\n'}
[1.443209] (rotor_tm_traj) StdoutLine: {'line': b'running install\n'}
[1.443314] (rotor_tm_keyboard2wrench) StdoutLine: {'line': b'copying rotor_tm_keyboard2wrench/ext_wrench_sub.py -> /home/swati/Quad_DR/RotorTM/build/rotor_tm_keyboard2wrench/build/lib/rotor_tm_keyboard2wrench\n'}
[1.443413] (rotor_tm_keyboard2wrench) StdoutLine: {'line': b'copying rotor_tm_keyboard2wrench/__init__.py -> /home/swati/Quad_DR/RotorTM/build/rotor_tm_keyboard2wrench/build/lib/rotor_tm_keyboard2wrench\n'}
[1.443514] (rotor_tm_keyboard2wrench) StdoutLine: {'line': b'copying rotor_tm_keyboard2wrench/keyboard2wrench.py -> /home/swati/Quad_DR/RotorTM/build/rotor_tm_keyboard2wrench/build/lib/rotor_tm_keyboard2wrench\n'}
[1.443670] (rotor_tm_keyboard2wrench) StdoutLine: {'line': b'running install\n'}
[1.445947] (rotor_tm_traj) StdoutLine: {'line': b'running install_lib\n'}
[1.446718] (rotor_tm_keyboard2wrench) StdoutLine: {'line': b'running install_lib\n'}
[1.452332] (rotor_tm_config) StdoutLine: {'line': b'running install_data\n'}
[1.452493] (rotor_tm_config) StdoutLine: {'line': b'copying resource/rotor_tm_config -> /home/swati/Quad_DR/RotorTM/install/rotor_tm_config/share/ament_index/resource_index/packages\n'}
[1.452652] (rotor_tm_config) StdoutLine: {'line': b'copying package.xml -> /home/swati/Quad_DR/RotorTM/install/rotor_tm_config/share/rotor_tm_config\n'}
[1.452814] (rotor_tm_config) StdoutLine: {'line': b'copying config/1_robot_point_mass_0-5m.yaml -> /home/swati/Quad_DR/RotorTM/install/rotor_tm_config/share/rotor_tm_config/config\n'}
[1.453158] (rotor_tm_utils) StdoutLine: {'line': b'running install_data\n'}
[1.453365] (rotor_tm_utils) StdoutLine: {'line': b'copying resource/rotor_tm_utils -> /home/swati/Quad_DR/RotorTM/install/rotor_tm_utils/share/ament_index/resource_index/packages\n'}
[1.453503] (rotor_tm_config) StdoutLine: {'line': b'copying config/load_params/pointmass_payload.yaml -> /home/swati/Quad_DR/RotorTM/install/rotor_tm_config/share/rotor_tm_config/config/load_params\n'}
[1.453599] (rotor_tm_utils) StdoutLine: {'line': b'copying package.xml -> /home/swati/Quad_DR/RotorTM/install/rotor_tm_utils/share/rotor_tm_utils\n'}
[1.453702] (rotor_tm_utils) StdoutLine: {'line': b'running install_egg_info\n'}
[1.453798] (rotor_tm_config) StdoutLine: {'line': b'copying config/load_params/triangular_payload.yaml -> /home/swati/Quad_DR/RotorTM/install/rotor_tm_config/share/rotor_tm_config/config/load_params\n'}
[1.453898] (rotor_tm_config) StdoutLine: {'line': b'copying config/load_params/long_bar_wood_payload.yaml -> /home/swati/Quad_DR/RotorTM/install/rotor_tm_config/share/rotor_tm_config/config/load_params\n'}
[1.453969] (rotor_tm_config) StdoutLine: {'line': b'copying config/load_params/fedex_box_payload.yaml -> /home/swati/Quad_DR/RotorTM/install/rotor_tm_config/share/rotor_tm_config/config/load_params\n'}
[1.454168] (rotor_tm_config) StdoutLine: {'line': b'copying config/control_params/snapdragonfly_control_gains.yaml -> /home/swati/Quad_DR/RotorTM/install/rotor_tm_config/share/rotor_tm_config/config/control_params\n'}
[1.454432] (rotor_tm_config) StdoutLine: {'line': b'copying config/cable/3_robots_triangular_payload_1m_bullnose_dragonfly.yaml -> /home/swati/Quad_DR/RotorTM/install/rotor_tm_config/share/rotor_tm_config/config/cable\n'}
[1.454529] (rotor_tm_config) StdoutLine: {'line': b'copying config/cable/2_robots_long_bar_payload_0-5m.yaml -> /home/swati/Quad_DR/RotorTM/install/rotor_tm_config/share/rotor_tm_config/config/cable\n'}
[1.454615] (rotor_tm_config) StdoutLine: {'line': b'copying config/cable/3_robots_triangular_payload_1m_0-5m_different_cable_length.yaml -> /home/swati/Quad_DR/RotorTM/install/rotor_tm_config/share/rotor_tm_config/config/cable\n'}
[1.454699] (rotor_tm_config) StdoutLine: {'line': b'copying config/cable/1_robot_point_mass_0-5m.yaml -> /home/swati/Quad_DR/RotorTM/install/rotor_tm_config/share/rotor_tm_config/config/cable\n'}
[1.454784] (rotor_tm_config) StdoutLine: {'line': b'copying config/cable/3_robots_triangular_payload_1m.yaml -> /home/swati/Quad_DR/RotorTM/install/rotor_tm_config/share/rotor_tm_config/config/cable\n'}
[1.454869] (rotor_tm_config) StdoutLine: {'line': b'copying config/cable/3_robots_triangular_payload_1-2m_1m_0-8m_different_cable_length.yaml -> /home/swati/Quad_DR/RotorTM/install/rotor_tm_config/share/rotor_tm_config/config/cable\n'}
[1.454954] (rotor_tm_config) StdoutLine: {'line': b'copying config/cable/6_robots_fedex_box_0_5m.yaml -> /home/swati/Quad_DR/RotorTM/install/rotor_tm_config/share/rotor_tm_config/config/cable\n'}
[1.455050] (rotor_tm_config) StdoutLine: {'line': b'copying config/cable/3_robots_triangular_payload_1m_different_robots_dynamics.yaml -> /home/swati/Quad_DR/RotorTM/install/rotor_tm_config/share/rotor_tm_config/config/cable\n'}
[1.455143] (rotor_tm_config) StdoutLine: {'line': b'copying config/cable/3_robots_triangular_payload_0-5m.yaml -> /home/swati/Quad_DR/RotorTM/install/rotor_tm_config/share/rotor_tm_config/config/cable\n'}
[1.455235] (rotor_tm_config) StdoutLine: {'line': b'copying config/cable/4_robots_fedex_box_0_5m.yaml -> /home/swati/Quad_DR/RotorTM/install/rotor_tm_config/share/rotor_tm_config/config/cable\n'}
[1.455361] (rotor_tm_config) StdoutLine: {'line': b'copying config/uav_params/hummingbird.yaml -> /home/swati/Quad_DR/RotorTM/install/rotor_tm_config/share/rotor_tm_config/config/uav_params\n'}
[1.455453] (rotor_tm_config) StdoutLine: {'line': b'copying config/uav_params/race.yaml -> /home/swati/Quad_DR/RotorTM/install/rotor_tm_config/share/rotor_tm_config/config/uav_params\n'}
[1.455538] (rotor_tm_config) StdoutLine: {'line': b'copying config/uav_params/snapdragonfly.yaml -> /home/swati/Quad_DR/RotorTM/install/rotor_tm_config/share/rotor_tm_config/config/uav_params\n'}
[1.455627] (rotor_tm_config) StdoutLine: {'line': b'copying config/uav_params/snapdragonfly_bullnose_prop.yaml -> /home/swati/Quad_DR/RotorTM/install/rotor_tm_config/share/rotor_tm_config/config/uav_params\n'}
[1.455715] (rotor_tm_config) StdoutLine: {'line': b'running install_egg_info\n'}
[1.457486] (rotor_tm_traj) StdoutLine: {'line': b'running install_data\n'}
[1.457661] (rotor_tm_traj) StdoutLine: {'line': b'copying resource/rotor_tm_traj -> /home/swati/Quad_DR/RotorTM/install/rotor_tm_traj/share/ament_index/resource_index/packages\n'}
[1.457816] (rotor_tm_traj) StdoutLine: {'line': b'copying package.xml -> /home/swati/Quad_DR/RotorTM/install/rotor_tm_traj/share/rotor_tm_traj\n'}
[1.457909] (rotor_tm_traj) StdoutLine: {'line': b'running install_egg_info\n'}
[1.458214] (rotor_tm_keyboard2wrench) StdoutLine: {'line': b'running install_data\n'}
[1.458448] (rotor_tm_keyboard2wrench) StdoutLine: {'line': b'copying resource/rotor_tm_keyboard2wrench -> /home/swati/Quad_DR/RotorTM/install/rotor_tm_keyboard2wrench/share/ament_index/resource_index/packages\n'}
[1.458617] (rotor_tm_keyboard2wrench) StdoutLine: {'line': b'copying package.xml -> /home/swati/Quad_DR/RotorTM/install/rotor_tm_keyboard2wrench/share/rotor_tm_keyboard2wrench\n'}
[1.458709] (rotor_tm_keyboard2wrench) StdoutLine: {'line': b'running install_egg_info\n'}
[1.464889] (rotor_tm_utils) StdoutLine: {'line': b"removing '/home/swati/Quad_DR/RotorTM/install/rotor_tm_utils/lib/python3.10/site-packages/rotor_tm_utils-0.0.0-py3.10.egg-info' (and everything under it)\n"}
[1.465050] (rotor_tm_utils) StdoutLine: {'line': b'Copying ../../build/rotor_tm_utils/rotor_tm_utils.egg-info to /home/swati/Quad_DR/RotorTM/install/rotor_tm_utils/lib/python3.10/site-packages/rotor_tm_utils-0.0.0-py3.10.egg-info\n'}
[1.465393] (rotor_tm_utils) StdoutLine: {'line': b'running install_scripts\n'}
[1.467256] (rotor_tm_config) StdoutLine: {'line': b"removing '/home/swati/Quad_DR/RotorTM/install/rotor_tm_config/lib/python3.10/site-packages/rotor_tm_config-0.0.0-py3.10.egg-info' (and everything under it)\n"}
[1.467420] (rotor_tm_config) StdoutLine: {'line': b'Copying ../../build/rotor_tm_config/rotor_tm_config.egg-info to /home/swati/Quad_DR/RotorTM/install/rotor_tm_config/lib/python3.10/site-packages/rotor_tm_config-0.0.0-py3.10.egg-info\n'}
[1.467766] (rotor_tm_config) StdoutLine: {'line': b'running install_scripts\n'}
[1.469193] (rotor_tm_traj) StdoutLine: {'line': b"removing '/home/swati/Quad_DR/RotorTM/install/rotor_tm_traj/lib/python3.10/site-packages/rotor_tm_traj-0.0.0-py3.10.egg-info' (and everything under it)\n"}
[1.469354] (rotor_tm_traj) StdoutLine: {'line': b'Copying ../../build/rotor_tm_traj/rotor_tm_traj.egg-info to /home/swati/Quad_DR/RotorTM/install/rotor_tm_traj/lib/python3.10/site-packages/rotor_tm_traj-0.0.0-py3.10.egg-info\n'}
[1.469763] (rotor_tm_traj) StdoutLine: {'line': b'running install_scripts\n'}
[1.470383] (rotor_tm_keyboard2wrench) StdoutLine: {'line': b"removing '/home/swati/Quad_DR/RotorTM/install/rotor_tm_keyboard2wrench/lib/python3.10/site-packages/rotor_tm_keyboard2wrench-0.0.0-py3.10.egg-info' (and everything under it)\n"}
[1.470562] (rotor_tm_keyboard2wrench) StdoutLine: {'line': b'Copying ../../build/rotor_tm_keyboard2wrench/rotor_tm_keyboard2wrench.egg-info to /home/swati/Quad_DR/RotorTM/install/rotor_tm_keyboard2wrench/lib/python3.10/site-packages/rotor_tm_keyboard2wrench-0.0.0-py3.10.egg-info\n'}
[1.470933] (rotor_tm_keyboard2wrench) StdoutLine: {'line': b'running install_scripts\n'}
[1.502542] (-) TimerEvent: {}
[1.552495] (rotor_tm_utils) StdoutLine: {'line': b"writing list of installed files to '/home/swati/Quad_DR/RotorTM/build/rotor_tm_utils/install.log'\n"}
[1.555528] (rotor_tm_traj) StdoutLine: {'line': b'Installing traj_node script to /home/swati/Quad_DR/RotorTM/install/rotor_tm_traj/lib/rotor_tm_traj\n'}
[1.555735] (rotor_tm_config) StdoutLine: {'line': b"writing list of installed files to '/home/swati/Quad_DR/RotorTM/build/rotor_tm_config/install.log'\n"}
[1.555875] (rotor_tm_traj) StdoutLine: {'line': b"writing list of installed files to '/home/swati/Quad_DR/RotorTM/build/rotor_tm_traj/install.log'\n"}
[1.558567] (rotor_tm_keyboard2wrench) StdoutLine: {'line': b'Installing keyboard_input script to /home/swati/Quad_DR/RotorTM/install/rotor_tm_keyboard2wrench/lib/rotor_tm_keyboard2wrench\n'}
[1.558880] (rotor_tm_keyboard2wrench) StdoutLine: {'line': b"writing list of installed files to '/home/swati/Quad_DR/RotorTM/build/rotor_tm_keyboard2wrench/install.log'\n"}
[1.579532] (rotor_tm_utils) CommandEnded: {'returncode': 0}
[1.583497] (rotor_tm_utils) JobEnded: {'identifier': 'rotor_tm_utils', 'rc': 0}
[1.584636] (rotor_tm_control) JobStarted: {'identifier': 'rotor_tm_control'}
[1.588719] (rotor_tm_config) CommandEnded: {'returncode': 0}
[1.595805] (rotor_tm_config) JobEnded: {'identifier': 'rotor_tm_config', 'rc': 0}
[1.596629] (rotor_tm_traj) CommandEnded: {'returncode': 0}
[1.600577] (rotor_tm_traj) JobEnded: {'identifier': 'rotor_tm_traj', 'rc': 0}
[1.601045] (rotor_tm_keyboard2wrench) CommandEnded: {'returncode': 0}
[1.602681] (-) TimerEvent: {}
[1.606864] (rotor_tm_keyboard2wrench) JobEnded: {'identifier': 'rotor_tm_keyboard2wrench', 'rc': 0}
[1.607375] (rotor_tm_sim) JobStarted: {'identifier': 'rotor_tm_sim'}
[1.702884] (-) TimerEvent: {}
[1.803165] (-) TimerEvent: {}
[1.903392] (-) TimerEvent: {}
[2.003658] (-) TimerEvent: {}
[2.103913] (-) TimerEvent: {}
[2.204126] (-) TimerEvent: {}
[2.304409] (-) TimerEvent: {}
[2.404688] (-) TimerEvent: {}
[2.409923] (rotor_tm_control) Command: {'cmd': ['/usr/bin/python3', '-W', 'ignore:setup.py install is deprecated', 'setup.py', 'egg_info', '--egg-base', '../../build/rotor_tm_control', 'build', '--build-base', '/home/swati/Quad_DR/RotorTM/build/rotor_tm_control/build', 'install', '--record', '/home/swati/Quad_DR/RotorTM/build/rotor_tm_control/install.log', '--single-version-externally-managed', 'install_data'], 'cwd': '/home/swati/Quad_DR/RotorTM/src/rotor_tm_control', 'env': {'LESSOPEN': '| /usr/bin/lesspipe %s', 'USER': 'swati', 'XDG_SESSION_TYPE': 'x11', 'SHLVL': '1', 'LD_LIBRARY_PATH': '/home/swati/Quad_DR/RotorTM/install/rotor_tm_msgs/lib:/opt/hsl/ma27:/usr/lib/x86_64-linux-gnu/gazebo-11/plugins:/opt/ros/humble/opt/rviz_ogre_vendor/lib:/opt/ros/humble/lib/x86_64-linux-gnu:/opt/ros/humble/lib:/usr/share/gazebo/../../lib/x86_64-linux-gnu/gazebo-11/plugins:/home/swati/acados/lib:/home/swati/acados/mpcenv/lib:/home/swati/.casadi_cpp/lib:/opt/hsl/lib', 'ACADOS_SOURCE_DIR': '/home/swati/acados', 'HOME': '/home/swati', 'OLDPWD': '/home/swati/Quad_DR/RotorTM/src', 'DESKTOP_SESSION': 'ubuntu', 'GAZEBO_MASTER_URI': 'http://localhost:11345', 'ROS_PYTHON_VERSION': '3', 'GNOME_SHELL_SESSION_MODE': 'ubuntu', 'GTK_MODULES': 'gail:atk-bridge', 'SYSTEMD_EXEC_PID': '3446', 'DBUS_SESSION_BUS_ADDRESS': 'unix:path=/run/user/1000/bus', 'COLORTERM': 'truecolor', 'CARLA_ROOT': '/home/swati/carla_sim/', 'COLCON_PREFIX_PATH': '/home/swati/Quad_DR/RotorTM/install', 'ROS_DISTRO': 'humble', 'GTK_IM_MODULE': 'ibus', 'LOGNAME': 'swati', '_': '/usr/bin/colcon', 'ROS_VERSION': '2', 'XDG_SESSION_CLASS': 'user', 'USERNAME': 'swati', 'TERM': 'xterm-256color', 'GAZEBO_MODEL_PATH': '/usr/share/gazebo/../../share/gazebo-11/models:', 'GNOME_DESKTOP_SESSION_ID': 'this-is-deprecated', 'ROS_LOCALHOST_ONLY': '0', 'WINDOWPATH': '2', 'OGRE_RESOURCE_PATH': '/usr/lib/x86_64-linux-gnu/OGRE-1.9.0', 'PATH': '/opt/cmake-3.28.3-linux-x86_64/bin:/opt/ros/humble/bin:/home/swati/miniconda3/bin:/home/swati/.cargo/bin:/home/swati/.local/bin:/usr/local/sbin:/usr/local/bin:/usr/sbin:/usr/bin:/sbin:/bin:/usr/games:/usr/local/games:/snap/bin:/snap/bin', 'SESSION_MANAGER': 'local/swati-Legion-Slim-5-16IRH8:@/tmp/.ICE-unix/3157,unix/swati-Legion-Slim-5-16IRH8:/tmp/.ICE-unix/3157', 'XDG_MENU_PREFIX': 'gnome-', 'GNOME_TERMINAL_SCREEN': '/org/gnome/Terminal/screen/4377c507_a8f8_440a_80a2_e0efbbdc9216', 'XDG_RUNTIME_DIR': '/run/user/1000', 'DISPLAY': ':1', 'LANG': 'en_US.UTF-8', 'XDG_CURRENT_DESKTOP': 'ubuntu:GNOME', 'XMODIFIERS': '@im=ibus', 'XDG_SESSION_DESKTOP': 'ubuntu', 'XAUTHORITY': '/run/user/1000/gdm/Xauthority', 'LS_COLORS': 'rs=0:di=01;34:ln=01;36:mh=00:pi=40;33:so=01;35:do=01;35:bd=40;33;01:cd=40;33;01:or=40;31;01:mi=00:su=37;41:sg=30;43:ca=30;41:tw=30;42:ow=34;42:st=37;44:ex=01;32:*.tar=01;31:*.tgz=01;31:*.arc=01;31:*.arj=01;31:*.taz=01;31:*.lha=01;31:*.lz4=01;31:*.lzh=01;31:*.lzma=01;31:*.tlz=01;31:*.txz=01;31:*.tzo=01;31:*.t7z=01;31:*.zip=01;31:*.z=01;31:*.dz=01;31:*.gz=01;31:*.lrz=01;31:*.lz=01;31:*.lzo=01;31:*.xz=01;31:*.zst=01;31:*.tzst=01;31:*.bz2=01;31:*.bz=01;31:*.tbz=01;31:*.tbz2=01;31:*.tz=01;31:*.deb=01;31:*.rpm=01;31:*.jar=01;31:*.war=01;31:*.ear=01;31:*.sar=01;31:*.rar=01;31:*.alz=01;31:*.ace=01;31:*.zoo=01;31:*.cpio=01;31:*.7z=01;31:*.rz=01;31:*.cab=01;31:*.wim=01;31:*.swm=01;31:*.dwm=01;31:*.esd=01;31:*.jpg=01;35:*.jpeg=01;35:*.mjpg=01;35:*.mjpeg=01;35:*.gif=01;35:*.bmp=01;35:*.pbm=01;35:*.pgm=01;35:*.ppm=01;35:*.tga=01;35:*.xbm=01;35:*.xpm=01;35:*.tif=01;35:*.tiff=01;35:*.png=01;35:*.svg=01;35:*.svgz=01;35:*.mng=01;35:*.pcx=01;35:*.mov=01;35:*.mpg=01;35:*.mpeg=01;35:*.m2v=01;35:*.mkv=01;35:*.webm=01;35:*.webp=01;35:*.ogm=01;35:*.mp4=01;35:*.m4v=01;35:*.mp4v=01;35:*.vob=01;35:*.qt=01;35:*.nuv=01;35:*.wmv=01;35:*.asf=01;35:*.rm=01;35:*.rmvb=01;35:*.flc=01;35:*.avi=01;35:*.fli=01;35:*.flv=01;35:*.gl=01;35:*.dl=01;35:*.xcf=01;35:*.xwd=01;35:*.yuv=01;35:*.cgm=01;35:*.emf=01;35:*.ogv=01;35:*.ogx=01;35:*.aac=00;36:*.au=00;36:*.flac=00;36:*.m4a=00;36:*.mid=00;36:*.midi=00;36:*.mka=00;36:*.mp3=00;36:*.mpc=00;36:*.ogg=00;36:*.ra=00;36:*.wav=00;36:*.oga=00;36:*.opus=00;36:*.spx=00;36:*.xspf=00;36:', 'GNOME_TERMINAL_SERVICE': ':1.135', 'SSH_AGENT_LAUNCHER': 'gnome-keyring', 'SSH_AUTH_SOCK': '/run/user/1000/keyring/ssh', 'AMENT_PREFIX_PATH': '/home/swati/Quad_DR/RotorTM/install/rotor_tm_utils:/home/swati/Quad_DR/RotorTM/install/rotor_tm_sim:/home/swati/Quad_DR/RotorTM/install/rotor_tm_control:/home/swati/Quad_DR/RotorTM/install/rotor_tm_traj:/home/swati/Quad_DR/RotorTM/install/rotor_tm_msgs:/home/swati/Quad_DR/RotorTM/install/rotor_tm_keyboard2wrench:/home/swati/Quad_DR/RotorTM/install/rotor_tm_config:/opt/ros/humble', 'SHELL': '/bin/bash', 'QT_ACCESSIBILITY': '1', 'GDMSESSION': 'ubuntu', 'LESSCLOSE': '/usr/bin/lesspipe %s %s', 'GPG_AGENT_INFO': '/run/user/1000/gnupg/S.gpg-agent:0:1', 'GAZEBO_RESOURCE_PATH': '/usr/share/gazebo/../../share/gazebo-11:', 'GAZEBO_MODEL_DATABASE_URI': 'http://models.gazebosim.org', 'QT_IM_MODULE': 'ibus', 'PWD': '/home/swati/Quad_DR/RotorTM/build/rotor_tm_control', 'LC_ALL': 'en_US.UTF-8', 'XDG_CONFIG_DIRS': '/etc/xdg/xdg-ubuntu:/etc/xdg', 'GAZEBO_PLUGIN_PATH': '/usr/share/gazebo/../../lib/x86_64-linux-gnu/gazebo-11/plugins:', 'XDG_DATA_DIRS': '/usr/share/ubuntu:/usr/share/gnome:/usr/local/share/:/usr/share/:/var/lib/snapd/desktop', 'PYTHONPATH': '/home/swati/Quad_DR/RotorTM/build/rotor_tm_control/prefix_override:/usr/lib/python3/dist-packages/colcon_core/task/python/colcon_distutils_commands:/home/swati/Quad_DR/RotorTM/install/rotor_tm_control/lib/python3.10/site-packages:/home/swati/Quad_DR/RotorTM/install/rotor_tm_utils/lib/python3.10/site-packages:/home/swati/Quad_DR/RotorTM/install/rotor_tm_sim/lib/python3.10/site-packages:/home/swati/Quad_DR/RotorTM/install/rotor_tm_control/lib/python3.10/site-packages:/home/swati/Quad_DR/RotorTM/install/rotor_tm_traj/lib/python3.10/site-packages:/home/swati/Quad_DR/RotorTM/install/rotor_tm_msgs/local/lib/python3.10/dist-packages:/home/swati/Quad_DR/RotorTM/install/rotor_tm_keyboard2wrench/lib/python3.10/site-packages:/home/swati/Quad_DR/RotorTM/install/rotor_tm_config/lib/python3.10/site-packages:/opt/ros/humble/lib/python3.10/site-packages:/opt/ros/humble/local/lib/python3.10/dist-packages:/PythonAPI/carla/dist/carla-0.9.14-py3.10-linux-x86_64.egg:/home/swati/carla_sim10/Carla-0.10.0-Linux-Shipping/PythonAPI/carla', 'CPATH': '/home/swati/.local/lib/python3.10/site-packages/casadi/include:', 'COLCON': '1', 'VTE_VERSION': '6800', 'CMAKE_PREFIX_PATH': '/home/swati/Quad_DR/RotorTM/install/rotor_tm_msgs'}, 'shell': False}
[2.418831] (rotor_tm_sim) Command: {'cmd': ['/usr/bin/python3', '-W', 'ignore:setup.py install is deprecated', 'setup.py', 'egg_info', '--egg-base', '../../build/rotor_tm_sim', 'build', '--build-base', '/home/swati/Quad_DR/RotorTM/build/rotor_tm_sim/build', 'install', '--record', '/home/swati/Quad_DR/RotorTM/build/rotor_tm_sim/install.log', '--single-version-externally-managed', 'install_data'], 'cwd': '/home/swati/Quad_DR/RotorTM/src/rotor_tm_sim', 'env': {'LESSOPEN': '| /usr/bin/lesspipe %s', 'USER': 'swati', 'XDG_SESSION_TYPE': 'x11', 'SHLVL': '1', 'LD_LIBRARY_PATH': '/home/swati/Quad_DR/RotorTM/install/rotor_tm_msgs/lib:/opt/hsl/ma27:/usr/lib/x86_64-linux-gnu/gazebo-11/plugins:/opt/ros/humble/opt/rviz_ogre_vendor/lib:/opt/ros/humble/lib/x86_64-linux-gnu:/opt/ros/humble/lib:/usr/share/gazebo/../../lib/x86_64-linux-gnu/gazebo-11/plugins:/home/swati/acados/lib:/home/swati/acados/mpcenv/lib:/home/swati/.casadi_cpp/lib:/opt/hsl/lib', 'ACADOS_SOURCE_DIR': '/home/swati/acados', 'HOME': '/home/swati', 'OLDPWD': '/home/swati/Quad_DR/RotorTM/src', 'DESKTOP_SESSION': 'ubuntu', 'GAZEBO_MASTER_URI': 'http://localhost:11345', 'ROS_PYTHON_VERSION': '3', 'GNOME_SHELL_SESSION_MODE': 'ubuntu', 'GTK_MODULES': 'gail:atk-bridge', 'SYSTEMD_EXEC_PID': '3446', 'DBUS_SESSION_BUS_ADDRESS': 'unix:path=/run/user/1000/bus', 'COLORTERM': 'truecolor', 'CARLA_ROOT': '/home/swati/carla_sim/', 'COLCON_PREFIX_PATH': '/home/swati/Quad_DR/RotorTM/install', 'ROS_DISTRO': 'humble', 'GTK_IM_MODULE': 'ibus', 'LOGNAME': 'swati', '_': '/usr/bin/colcon', 'ROS_VERSION': '2', 'XDG_SESSION_CLASS': 'user', 'USERNAME': 'swati', 'TERM': 'xterm-256color', 'GAZEBO_MODEL_PATH': '/usr/share/gazebo/../../share/gazebo-11/models:', 'GNOME_DESKTOP_SESSION_ID': 'this-is-deprecated', 'ROS_LOCALHOST_ONLY': '0', 'WINDOWPATH': '2', 'OGRE_RESOURCE_PATH': '/usr/lib/x86_64-linux-gnu/OGRE-1.9.0', 'PATH': '/opt/cmake-3.28.3-linux-x86_64/bin:/opt/ros/humble/bin:/home/swati/miniconda3/bin:/home/swati/.cargo/bin:/home/swati/.local/bin:/usr/local/sbin:/usr/local/bin:/usr/sbin:/usr/bin:/sbin:/bin:/usr/games:/usr/local/games:/snap/bin:/snap/bin', 'SESSION_MANAGER': 'local/swati-Legion-Slim-5-16IRH8:@/tmp/.ICE-unix/3157,unix/swati-Legion-Slim-5-16IRH8:/tmp/.ICE-unix/3157', 'XDG_MENU_PREFIX': 'gnome-', 'GNOME_TERMINAL_SCREEN': '/org/gnome/Terminal/screen/4377c507_a8f8_440a_80a2_e0efbbdc9216', 'XDG_RUNTIME_DIR': '/run/user/1000', 'DISPLAY': ':1', 'LANG': 'en_US.UTF-8', 'XDG_CURRENT_DESKTOP': 'ubuntu:GNOME', 'XMODIFIERS': '@im=ibus', 'XDG_SESSION_DESKTOP': 'ubuntu', 'XAUTHORITY': '/run/user/1000/gdm/Xauthority', 'LS_COLORS': 'rs=0:di=01;34:ln=01;36:mh=00:pi=40;33:so=01;35:do=01;35:bd=40;33;01:cd=40;33;01:or=40;31;01:mi=00:su=37;41:sg=30;43:ca=30;41:tw=30;42:ow=34;42:st=37;44:ex=01;32:*.tar=01;31:*.tgz=01;31:*.arc=01;31:*.arj=01;31:*.taz=01;31:*.lha=01;31:*.lz4=01;31:*.lzh=01;31:*.lzma=01;31:*.tlz=01;31:*.txz=01;31:*.tzo=01;31:*.t7z=01;31:*.zip=01;31:*.z=01;31:*.dz=01;31:*.gz=01;31:*.lrz=01;31:*.lz=01;31:*.lzo=01;31:*.xz=01;31:*.zst=01;31:*.tzst=01;31:*.bz2=01;31:*.bz=01;31:*.tbz=01;31:*.tbz2=01;31:*.tz=01;31:*.deb=01;31:*.rpm=01;31:*.jar=01;31:*.war=01;31:*.ear=01;31:*.sar=01;31:*.rar=01;31:*.alz=01;31:*.ace=01;31:*.zoo=01;31:*.cpio=01;31:*.7z=01;31:*.rz=01;31:*.cab=01;31:*.wim=01;31:*.swm=01;31:*.dwm=01;31:*.esd=01;31:*.jpg=01;35:*.jpeg=01;35:*.mjpg=01;35:*.mjpeg=01;35:*.gif=01;35:*.bmp=01;35:*.pbm=01;35:*.pgm=01;35:*.ppm=01;35:*.tga=01;35:*.xbm=01;35:*.xpm=01;35:*.tif=01;35:*.tiff=01;35:*.png=01;35:*.svg=01;35:*.svgz=01;35:*.mng=01;35:*.pcx=01;35:*.mov=01;35:*.mpg=01;35:*.mpeg=01;35:*.m2v=01;35:*.mkv=01;35:*.webm=01;35:*.webp=01;35:*.ogm=01;35:*.mp4=01;35:*.m4v=01;35:*.mp4v=01;35:*.vob=01;35:*.qt=01;35:*.nuv=01;35:*.wmv=01;35:*.asf=01;35:*.rm=01;35:*.rmvb=01;35:*.flc=01;35:*.avi=01;35:*.fli=01;35:*.flv=01;35:*.gl=01;35:*.dl=01;35:*.xcf=01;35:*.xwd=01;35:*.yuv=01;35:*.cgm=01;35:*.emf=01;35:*.ogv=01;35:*.ogx=01;35:*.aac=00;36:*.au=00;36:*.flac=00;36:*.m4a=00;36:*.mid=00;36:*.midi=00;36:*.mka=00;36:*.mp3=00;36:*.mpc=00;36:*.ogg=00;36:*.ra=00;36:*.wav=00;36:*.oga=00;36:*.opus=00;36:*.spx=00;36:*.xspf=00;36:', 'GNOME_TERMINAL_SERVICE': ':1.135', 'SSH_AGENT_LAUNCHER': 'gnome-keyring', 'SSH_AUTH_SOCK': '/run/user/1000/keyring/ssh', 'AMENT_PREFIX_PATH': '/home/swati/Quad_DR/RotorTM/install/rotor_tm_utils:/home/swati/Quad_DR/RotorTM/install/rotor_tm_config:/home/swati/Quad_DR/RotorTM/install/rotor_tm_sim:/home/swati/Quad_DR/RotorTM/install/rotor_tm_control:/home/swati/Quad_DR/RotorTM/install/rotor_tm_traj:/home/swati/Quad_DR/RotorTM/install/rotor_tm_msgs:/home/swati/Quad_DR/RotorTM/install/rotor_tm_keyboard2wrench:/opt/ros/humble', 'SHELL': '/bin/bash', 'QT_ACCESSIBILITY': '1', 'GDMSESSION': 'ubuntu', 'LESSCLOSE': '/usr/bin/lesspipe %s %s', 'GPG_AGENT_INFO': '/run/user/1000/gnupg/S.gpg-agent:0:1', 'GAZEBO_RESOURCE_PATH': '/usr/share/gazebo/../../share/gazebo-11:', 'GAZEBO_MODEL_DATABASE_URI': 'http://models.gazebosim.org', 'QT_IM_MODULE': 'ibus', 'PWD': '/home/swati/Quad_DR/RotorTM/build/rotor_tm_sim', 'LC_ALL': 'en_US.UTF-8', 'XDG_CONFIG_DIRS': '/etc/xdg/xdg-ubuntu:/etc/xdg', 'GAZEBO_PLUGIN_PATH': '/usr/share/gazebo/../../lib/x86_64-linux-gnu/gazebo-11/plugins:', 'XDG_DATA_DIRS': '/usr/share/ubuntu:/usr/share/gnome:/usr/local/share/:/usr/share/:/var/lib/snapd/desktop', 'PYTHONPATH': '/home/swati/Quad_DR/RotorTM/build/rotor_tm_sim/prefix_override:/usr/lib/python3/dist-packages/colcon_core/task/python/colcon_distutils_commands:/home/swati/Quad_DR/RotorTM/install/rotor_tm_sim/lib/python3.10/site-packages:/home/swati/Quad_DR/RotorTM/install/rotor_tm_utils/lib/python3.10/site-packages:/home/swati/Quad_DR/RotorTM/install/rotor_tm_config/lib/python3.10/site-packages:/home/swati/Quad_DR/RotorTM/install/rotor_tm_sim/lib/python3.10/site-packages:/home/swati/Quad_DR/RotorTM/install/rotor_tm_control/lib/python3.10/site-packages:/home/swati/Quad_DR/RotorTM/install/rotor_tm_traj/lib/python3.10/site-packages:/home/swati/Quad_DR/RotorTM/install/rotor_tm_msgs/local/lib/python3.10/dist-packages:/home/swati/Quad_DR/RotorTM/install/rotor_tm_keyboard2wrench/lib/python3.10/site-packages:/opt/ros/humble/lib/python3.10/site-packages:/opt/ros/humble/local/lib/python3.10/dist-packages:/PythonAPI/carla/dist/carla-0.9.14-py3.10-linux-x86_64.egg:/home/swati/carla_sim10/Carla-0.10.0-Linux-Shipping/PythonAPI/carla', 'CPATH': '/home/swati/.local/lib/python3.10/site-packages/casadi/include:', 'COLCON': '1', 'VTE_VERSION': '6800', 'CMAKE_PREFIX_PATH': '/home/swati/Quad_DR/RotorTM/install/rotor_tm_msgs'}, 'shell': False}
[2.504912] (-) TimerEvent: {}
[2.516382] (rotor_tm_control) StderrLine: {'line': b"/home/swati/.local/lib/python3.10/site-packages/setuptools/_distutils/dist.py:261: UserWarning: Unknown distribution option: 'tests_require'\n"}
[2.516625] (rotor_tm_control) StderrLine: {'line': b'  warnings.warn(msg)\n'}
[2.527176] (rotor_tm_sim) StderrLine: {'line': b"/home/swati/.local/lib/python3.10/site-packages/setuptools/_distutils/dist.py:261: UserWarning: Unknown distribution option: 'tests_require'\n"}
[2.527423] (rotor_tm_sim) StderrLine: {'line': b'  warnings.warn(msg)\n'}
[2.598182] (rotor_tm_control) StdoutLine: {'line': b'running egg_info\n'}
[2.605126] (-) TimerEvent: {}
[2.608642] (rotor_tm_control) StdoutLine: {'line': b'writing ../../build/rotor_tm_control/rotor_tm_control.egg-info/PKG-INFO\n'}
[2.608910] (rotor_tm_sim) StdoutLine: {'line': b'running egg_info\n'}
[2.609112] (rotor_tm_control) StdoutLine: {'line': b'writing dependency_links to ../../build/rotor_tm_control/rotor_tm_control.egg-info/dependency_links.txt\n'}
[2.609204] (rotor_tm_control) StdoutLine: {'line': b'writing entry points to ../../build/rotor_tm_control/rotor_tm_control.egg-info/entry_points.txt\n'}
[2.609286] (rotor_tm_control) StdoutLine: {'line': b'writing requirements to ../../build/rotor_tm_control/rotor_tm_control.egg-info/requires.txt\n'}
[2.609358] (rotor_tm_control) StdoutLine: {'line': b'writing top-level names to ../../build/rotor_tm_control/rotor_tm_control.egg-info/top_level.txt\n'}
[2.619308] (rotor_tm_sim) StdoutLine: {'line': b'writing ../../build/rotor_tm_sim/rotor_tm_sim.egg-info/PKG-INFO\n'}
[2.619560] (rotor_tm_sim) StdoutLine: {'line': b'writing dependency_links to ../../build/rotor_tm_sim/rotor_tm_sim.egg-info/dependency_links.txt\n'}
[2.619749] (rotor_tm_sim) StdoutLine: {'line': b'writing entry points to ../../build/rotor_tm_sim/rotor_tm_sim.egg-info/entry_points.txt\n'}
[2.619855] (rotor_tm_sim) StdoutLine: {'line': b'writing requirements to ../../build/rotor_tm_sim/rotor_tm_sim.egg-info/requires.txt\n'}
[2.619971] (rotor_tm_sim) StdoutLine: {'line': b'writing top-level names to ../../build/rotor_tm_sim/rotor_tm_sim.egg-info/top_level.txt\n'}
[2.641299] (rotor_tm_control) StdoutLine: {'line': b"reading manifest file '../../build/rotor_tm_control/rotor_tm_control.egg-info/SOURCES.txt'\n"}
[2.641542] (rotor_tm_control) StdoutLine: {'line': b"adding license file 'LICENSE'\n"}
[2.642256] (rotor_tm_control) StdoutLine: {'line': b"writing manifest file '../../build/rotor_tm_control/rotor_tm_control.egg-info/SOURCES.txt'\n"}
[2.642454] (rotor_tm_control) StdoutLine: {'line': b'running build\n'}
[2.642536] (rotor_tm_control) StdoutLine: {'line': b'running build_py\n'}
[2.642694] (rotor_tm_control) StdoutLine: {'line': b'copying rotor_tm_control/temp.py -> /home/swati/Quad_DR/RotorTM/build/rotor_tm_control/build/lib/rotor_tm_control\n'}
[2.642834] (rotor_tm_control) StdoutLine: {'line': b'copying rotor_tm_control/controller_node.py -> /home/swati/Quad_DR/RotorTM/build/rotor_tm_control/build/lib/rotor_tm_control\n'}
[2.642912] (rotor_tm_control) StdoutLine: {'line': b'copying rotor_tm_control/controller.py -> /home/swati/Quad_DR/RotorTM/build/rotor_tm_control/build/lib/rotor_tm_control\n'}
[2.643086] (rotor_tm_control) StdoutLine: {'line': b'copying rotor_tm_control/__init__.py -> /home/swati/Quad_DR/RotorTM/build/rotor_tm_control/build/lib/rotor_tm_control\n'}
[2.643193] (rotor_tm_control) StdoutLine: {'line': b'running install\n'}
[2.646186] (rotor_tm_control) StdoutLine: {'line': b'running install_lib\n'}
[2.652318] (rotor_tm_sim) StdoutLine: {'line': b"reading manifest file '../../build/rotor_tm_sim/rotor_tm_sim.egg-info/SOURCES.txt'\n"}
[2.652632] (rotor_tm_sim) StdoutLine: {'line': b"adding license file 'LICENSE'\n"}
[2.653356] (rotor_tm_sim) StdoutLine: {'line': b"writing manifest file '../../build/rotor_tm_sim/rotor_tm_sim.egg-info/SOURCES.txt'\n"}
[2.653487] (rotor_tm_sim) StdoutLine: {'line': b'running build\n'}
[2.653564] (rotor_tm_sim) StdoutLine: {'line': b'running build_py\n'}
[2.653733] (rotor_tm_sim) StdoutLine: {'line': b'copying rotor_tm_sim/temp.py -> /home/swati/Quad_DR/RotorTM/build/rotor_tm_sim/build/lib/rotor_tm_sim\n'}
[2.653844] (rotor_tm_sim) StdoutLine: {'line': b'copying rotor_tm_sim/sim_utils.py -> /home/swati/Quad_DR/RotorTM/build/rotor_tm_sim/build/lib/rotor_tm_sim\n'}
[2.653963] (rotor_tm_sim) StdoutLine: {'line': b'copying rotor_tm_sim/simulation_base.py -> /home/swati/Quad_DR/RotorTM/build/rotor_tm_sim/build/lib/rotor_tm_sim\n'}
[2.654050] (rotor_tm_sim) StdoutLine: {'line': b'copying rotor_tm_sim/__init__.py -> /home/swati/Quad_DR/RotorTM/build/rotor_tm_sim/build/lib/rotor_tm_sim\n'}
[2.654135] (rotor_tm_sim) StdoutLine: {'line': b'copying rotor_tm_sim/runsim.py -> /home/swati/Quad_DR/RotorTM/build/rotor_tm_sim/build/lib/rotor_tm_sim\n'}
[2.654222] (rotor_tm_sim) StdoutLine: {'line': b'running install\n'}
[2.657242] (rotor_tm_sim) StdoutLine: {'line': b'running install_lib\n'}
[2.657352] (rotor_tm_control) StdoutLine: {'line': b'running install_data\n'}
[2.657460] (rotor_tm_control) StdoutLine: {'line': b'copying resource/rotor_tm_control -> /home/swati/Quad_DR/RotorTM/install/rotor_tm_control/share/ament_index/resource_index/packages\n'}
[2.657624] (rotor_tm_control) StdoutLine: {'line': b'copying package.xml -> /home/swati/Quad_DR/RotorTM/install/rotor_tm_control/share/rotor_tm_control\n'}
[2.657727] (rotor_tm_control) StdoutLine: {'line': b'running install_egg_info\n'}
[2.668591] (rotor_tm_sim) StdoutLine: {'line': b'running install_data\n'}
[2.668839] (rotor_tm_sim) StdoutLine: {'line': b'copying resource/rotor_tm_sim -> /home/swati/Quad_DR/RotorTM/install/rotor_tm_sim/share/ament_index/resource_index/packages\n'}
[2.669008] (rotor_tm_sim) StdoutLine: {'line': b'copying package.xml -> /home/swati/Quad_DR/RotorTM/install/rotor_tm_sim/share/rotor_tm_sim\n'}
[2.669134] (rotor_tm_control) StdoutLine: {'line': b"removing '/home/swati/Quad_DR/RotorTM/install/rotor_tm_control/lib/python3.10/site-packages/rotor_tm_control-0.0.0-py3.10.egg-info' (and everything under it)\n"}
[2.669305] (rotor_tm_sim) StdoutLine: {'line': b'copying launch/sim_launch.py -> /home/swati/Quad_DR/RotorTM/install/rotor_tm_sim/share/rotor_tm_sim/launch\n'}
[2.669415] (rotor_tm_sim) StdoutLine: {'line': b'copying launch/rotortm_single_controller_node.py -> /home/swati/Quad_DR/RotorTM/install/rotor_tm_sim/share/rotor_tm_sim/launch\n'}
[2.669493] (rotor_tm_sim) StdoutLine: {'line': b'copying launch/editable_launch.py -> /home/swati/Quad_DR/RotorTM/install/rotor_tm_sim/share/rotor_tm_sim/launch\n'}
[2.669568] (rotor_tm_control) StdoutLine: {'line': b'Copying ../../build/rotor_tm_control/rotor_tm_control.egg-info to /home/swati/Quad_DR/RotorTM/install/rotor_tm_control/lib/python3.10/site-packages/rotor_tm_control-0.0.0-py3.10.egg-info\n'}
[2.669644] (rotor_tm_sim) StdoutLine: {'line': b'copying launch/rviz.py -> /home/swati/Quad_DR/RotorTM/install/rotor_tm_sim/share/rotor_tm_sim/launch\n'}
[2.669741] (rotor_tm_control) StdoutLine: {'line': b'running install_scripts\n'}
[2.669846] (rotor_tm_sim) StdoutLine: {'line': b'copying launch/controller_launcher.py -> /home/swati/Quad_DR/RotorTM/install/rotor_tm_sim/share/rotor_tm_sim/launch\n'}
[2.669918] (rotor_tm_sim) StdoutLine: {'line': b'running install_egg_info\n'}
[2.681271] (rotor_tm_sim) StdoutLine: {'line': b"removing '/home/swati/Quad_DR/RotorTM/install/rotor_tm_sim/lib/python3.10/site-packages/rotor_tm_sim-0.0.0-py3.10.egg-info' (and everything under it)\n"}
[2.681447] (rotor_tm_sim) StdoutLine: {'line': b'Copying ../../build/rotor_tm_sim/rotor_tm_sim.egg-info to /home/swati/Quad_DR/RotorTM/install/rotor_tm_sim/lib/python3.10/site-packages/rotor_tm_sim-0.0.0-py3.10.egg-info\n'}
[2.681946] (rotor_tm_sim) StdoutLine: {'line': b'running install_scripts\n'}
[2.705200] (-) TimerEvent: {}
[2.756626] (rotor_tm_control) StdoutLine: {'line': b'Installing controller_node script to /home/swati/Quad_DR/RotorTM/install/rotor_tm_control/lib/rotor_tm_control\n'}
[2.756783] (rotor_tm_control) StdoutLine: {'line': b"writing list of installed files to '/home/swati/Quad_DR/RotorTM/build/rotor_tm_control/install.log'\n"}
[2.769176] (rotor_tm_sim) StdoutLine: {'line': b'Installing sim_node script to /home/swati/Quad_DR/RotorTM/install/rotor_tm_sim/lib/rotor_tm_sim\n'}
[2.769372] (rotor_tm_sim) StdoutLine: {'line': b"writing list of installed files to '/home/swati/Quad_DR/RotorTM/build/rotor_tm_sim/install.log'\n"}
[2.775387] (rotor_tm_control) CommandEnded: {'returncode': 0}
[2.779986] (rotor_tm_control) JobEnded: {'identifier': 'rotor_tm_control', 'rc': 0}
[2.789913] (rotor_tm_sim) CommandEnded: {'returncode': 0}
[2.793774] (rotor_tm_sim) JobEnded: {'identifier': 'rotor_tm_sim', 'rc': 0}
[2.794113] (-) EventReactorShutdown: {}
