[0.000000] (-) TimerEvent: {}
[0.000240] (rotor_tm_config) JobQueued: {'identifier': 'rotor_tm_config', 'dependencies': OrderedDict()}
[0.000268] (rotor_tm_keyboard2wrench) JobQueued: {'identifier': 'rotor_tm_keyboard2wrench', 'dependencies': OrderedDict()}
[0.000279] (rotor_tm_msgs) JobQueued: {'identifier': 'rotor_tm_msgs', 'dependencies': OrderedDict()}
[0.000288] (rotor_tm_traj) JobQueued: {'identifier': 'rotor_tm_traj', 'dependencies': OrderedDict()}
[0.000296] (rotor_tm_utils) JobQueued: {'identifier': 'rotor_tm_utils', 'dependencies': OrderedDict()}
[0.000304] (rotor_tm_control) JobQueued: {'identifier': 'rotor_tm_control', 'dependencies': OrderedDict([('rotor_tm_msgs', '/home/swati/Quad_DR/RotorTM/install/rotor_tm_msgs'), ('rotor_tm_utils', '/home/swati/Quad_DR/RotorTM/install/rotor_tm_utils')])}
[0.000316] (rotor_tm_sim) JobQueued: {'identifier': 'rotor_tm_sim', 'dependencies': OrderedDict([('rotor_tm_config', '/home/swati/Quad_DR/RotorTM/install/rotor_tm_config'), ('rotor_tm_msgs', '/home/swati/Quad_DR/RotorTM/install/rotor_tm_msgs'), ('rotor_tm_utils', '/home/swati/Quad_DR/RotorTM/install/rotor_tm_utils')])}
[0.000556] (rotor_tm_msgs) JobStarted: {'identifier': 'rotor_tm_msgs'}
[0.005777] (rotor_tm_utils) JobStarted: {'identifier': 'rotor_tm_utils'}
[0.010075] (rotor_tm_config) JobStarted: {'identifier': 'rotor_tm_config'}
[0.013088] (rotor_tm_keyboard2wrench) JobStarted: {'identifier': 'rotor_tm_keyboard2wrench'}
[0.016147] (rotor_tm_traj) JobStarted: {'identifier': 'rotor_tm_traj'}
[0.020557] (rotor_tm_msgs) JobProgress: {'identifier': 'rotor_tm_msgs', 'progress': 'cmake'}
[0.021133] (rotor_tm_msgs) JobProgress: {'identifier': 'rotor_tm_msgs', 'progress': 'build'}
[0.021665] (rotor_tm_msgs) Command: {'cmd': ['/opt/cmake-3.28.3-linux-x86_64/bin/cmake', '--build', '/home/swati/Quad_DR/RotorTM/build/rotor_tm_msgs', '--', '-j20', '-l20'], 'cwd': '/home/swati/Quad_DR/RotorTM/build/rotor_tm_msgs', 'env': OrderedDict([('LESSOPEN', '| /usr/bin/lesspipe %s'), ('USER', 'swati'), ('XDG_SESSION_TYPE', 'x11'), ('SHLVL', '1'), ('LD_LIBRARY_PATH', '/home/swati/Quad_DR/RotorTM/install/rotor_tm_msgs/lib:/opt/hsl/ma27:/usr/lib/x86_64-linux-gnu/gazebo-11/plugins:/opt/ros/humble/opt/rviz_ogre_vendor/lib:/opt/ros/humble/lib/x86_64-linux-gnu:/opt/ros/humble/lib::/usr/share/gazebo/../../lib/x86_64-linux-gnu/gazebo-11/plugins::/home/swati/acados/lib:/home/swati/acados/mpcenv/lib:/home/swati/.casadi_cpp/lib:/opt/hsl/lib'), ('ACADOS_SOURCE_DIR', '/home/swati/acados'), ('HOME', '/home/swati'), ('OLDPWD', '/home/swati/Quad_DR/RotorTM/src'), ('DESKTOP_SESSION', 'ubuntu'), ('GAZEBO_MASTER_URI', 'http://localhost:11345'), ('ROS_PYTHON_VERSION', '3'), ('GNOME_SHELL_SESSION_MODE', 'ubuntu'), ('GTK_MODULES', 'gail:atk-bridge'), ('SYSTEMD_EXEC_PID', '3446'), ('DBUS_SESSION_BUS_ADDRESS', 'unix:path=/run/user/1000/bus'), ('COLORTERM', 'truecolor'), ('CARLA_ROOT', '/home/swati/carla_sim/'), ('COLCON_PREFIX_PATH', '/home/swati/Quad_DR/RotorTM/install'), ('ROS_DISTRO', 'humble'), ('GTK_IM_MODULE', 'ibus'), ('LOGNAME', 'swati'), ('_', '/usr/bin/colcon'), ('ROS_VERSION', '2'), ('XDG_SESSION_CLASS', 'user'), ('USERNAME', 'swati'), ('TERM', 'xterm-256color'), ('GAZEBO_MODEL_PATH', '/usr/share/gazebo/../../share/gazebo-11/models:'), ('GNOME_DESKTOP_SESSION_ID', 'this-is-deprecated'), ('ROS_LOCALHOST_ONLY', '0'), ('WINDOWPATH', '2'), ('OGRE_RESOURCE_PATH', '/usr/lib/x86_64-linux-gnu/OGRE-1.9.0'), ('PATH', '/opt/cmake-3.28.3-linux-x86_64/bin:/opt/ros/humble/bin:/home/swati/miniconda3/bin:/home/swati/.cargo/bin:/home/swati/.local/bin:/usr/local/sbin:/usr/local/bin:/usr/sbin:/usr/bin:/sbin:/bin:/usr/games:/usr/local/games:/snap/bin:/snap/bin'), ('SESSION_MANAGER', 'local/swati-Legion-Slim-5-16IRH8:@/tmp/.ICE-unix/3157,unix/swati-Legion-Slim-5-16IRH8:/tmp/.ICE-unix/3157'), ('XDG_MENU_PREFIX', 'gnome-'), ('GNOME_TERMINAL_SCREEN', '/org/gnome/Terminal/screen/4377c507_a8f8_440a_80a2_e0efbbdc9216'), ('XDG_RUNTIME_DIR', '/run/user/1000'), ('DISPLAY', ':1'), ('LANG', 'en_US.UTF-8'), ('XDG_CURRENT_DESKTOP', 'ubuntu:GNOME'), ('XMODIFIERS', '@im=ibus'), ('XDG_SESSION_DESKTOP', 'ubuntu'), ('XAUTHORITY', '/run/user/1000/gdm/Xauthority'), ('LS_COLORS', 'rs=0:di=01;34:ln=01;36:mh=00:pi=40;33:so=01;35:do=01;35:bd=40;33;01:cd=40;33;01:or=40;31;01:mi=00:su=37;41:sg=30;43:ca=30;41:tw=30;42:ow=34;42:st=37;44:ex=01;32:*.tar=01;31:*.tgz=01;31:*.arc=01;31:*.arj=01;31:*.taz=01;31:*.lha=01;31:*.lz4=01;31:*.lzh=01;31:*.lzma=01;31:*.tlz=01;31:*.txz=01;31:*.tzo=01;31:*.t7z=01;31:*.zip=01;31:*.z=01;31:*.dz=01;31:*.gz=01;31:*.lrz=01;31:*.lz=01;31:*.lzo=01;31:*.xz=01;31:*.zst=01;31:*.tzst=01;31:*.bz2=01;31:*.bz=01;31:*.tbz=01;31:*.tbz2=01;31:*.tz=01;31:*.deb=01;31:*.rpm=01;31:*.jar=01;31:*.war=01;31:*.ear=01;31:*.sar=01;31:*.rar=01;31:*.alz=01;31:*.ace=01;31:*.zoo=01;31:*.cpio=01;31:*.7z=01;31:*.rz=01;31:*.cab=01;31:*.wim=01;31:*.swm=01;31:*.dwm=01;31:*.esd=01;31:*.jpg=01;35:*.jpeg=01;35:*.mjpg=01;35:*.mjpeg=01;35:*.gif=01;35:*.bmp=01;35:*.pbm=01;35:*.pgm=01;35:*.ppm=01;35:*.tga=01;35:*.xbm=01;35:*.xpm=01;35:*.tif=01;35:*.tiff=01;35:*.png=01;35:*.svg=01;35:*.svgz=01;35:*.mng=01;35:*.pcx=01;35:*.mov=01;35:*.mpg=01;35:*.mpeg=01;35:*.m2v=01;35:*.mkv=01;35:*.webm=01;35:*.webp=01;35:*.ogm=01;35:*.mp4=01;35:*.m4v=01;35:*.mp4v=01;35:*.vob=01;35:*.qt=01;35:*.nuv=01;35:*.wmv=01;35:*.asf=01;35:*.rm=01;35:*.rmvb=01;35:*.flc=01;35:*.avi=01;35:*.fli=01;35:*.flv=01;35:*.gl=01;35:*.dl=01;35:*.xcf=01;35:*.xwd=01;35:*.yuv=01;35:*.cgm=01;35:*.emf=01;35:*.ogv=01;35:*.ogx=01;35:*.aac=00;36:*.au=00;36:*.flac=00;36:*.m4a=00;36:*.mid=00;36:*.midi=00;36:*.mka=00;36:*.mp3=00;36:*.mpc=00;36:*.ogg=00;36:*.ra=00;36:*.wav=00;36:*.oga=00;36:*.opus=00;36:*.spx=00;36:*.xspf=00;36:'), ('GNOME_TERMINAL_SERVICE', ':1.135'), ('SSH_AGENT_LAUNCHER', 'gnome-keyring'), ('SSH_AUTH_SOCK', '/run/user/1000/keyring/ssh'), ('AMENT_PREFIX_PATH', '/home/swati/Quad_DR/RotorTM/install/rotor_tm_sim:/home/swati/Quad_DR/RotorTM/install/rotor_tm_control:/home/swati/Quad_DR/RotorTM/install/rotor_tm_utils:/home/swati/Quad_DR/RotorTM/install/rotor_tm_traj:/home/swati/Quad_DR/RotorTM/install/rotor_tm_msgs:/home/swati/Quad_DR/RotorTM/install/rotor_tm_keyboard2wrench:/home/swati/Quad_DR/RotorTM/install/rotor_tm_config:/opt/ros/humble'), ('SHELL', '/bin/bash'), ('QT_ACCESSIBILITY', '1'), ('GDMSESSION', 'ubuntu'), ('LESSCLOSE', '/usr/bin/lesspipe %s %s'), ('GPG_AGENT_INFO', '/run/user/1000/gnupg/S.gpg-agent:0:1'), ('GAZEBO_RESOURCE_PATH', '/usr/share/gazebo/../../share/gazebo-11:'), ('GAZEBO_MODEL_DATABASE_URI', 'http://models.gazebosim.org'), ('QT_IM_MODULE', 'ibus'), ('PWD', '/home/swati/Quad_DR/RotorTM/build/rotor_tm_msgs'), ('LC_ALL', 'en_US.UTF-8'), ('XDG_CONFIG_DIRS', '/etc/xdg/xdg-ubuntu:/etc/xdg'), ('GAZEBO_PLUGIN_PATH', '/usr/share/gazebo/../../lib/x86_64-linux-gnu/gazebo-11/plugins:'), ('XDG_DATA_DIRS', '/usr/share/ubuntu:/usr/share/gnome:/usr/local/share/:/usr/share/:/var/lib/snapd/desktop'), ('PYTHONPATH', '/home/swati/Quad_DR/RotorTM/install/rotor_tm_sim/lib/python3.10/site-packages:/home/swati/Quad_DR/RotorTM/install/rotor_tm_control/lib/python3.10/site-packages:/home/swati/Quad_DR/RotorTM/install/rotor_tm_utils/lib/python3.10/site-packages:/home/swati/Quad_DR/RotorTM/install/rotor_tm_traj/lib/python3.10/site-packages:/home/swati/Quad_DR/RotorTM/install/rotor_tm_msgs/local/lib/python3.10/dist-packages:/home/swati/Quad_DR/RotorTM/install/rotor_tm_keyboard2wrench/lib/python3.10/site-packages:/home/swati/Quad_DR/RotorTM/install/rotor_tm_config/lib/python3.10/site-packages:/opt/ros/humble/lib/python3.10/site-packages:/opt/ros/humble/local/lib/python3.10/dist-packages:/PythonAPI/carla/dist/carla-0.9.14-py3.10-linux-x86_64.egg:/home/swati/carla_sim10/Carla-0.10.0-Linux-Shipping/PythonAPI/carla'), ('CPATH', '/home/swati/.local/lib/python3.10/site-packages/casadi/include:'), ('COLCON', '1'), ('VTE_VERSION', '6800'), ('CMAKE_PREFIX_PATH', '/home/swati/Quad_DR/RotorTM/install/rotor_tm_msgs:/home/swati/Quad_DR/RotorTM/install/rotor_tm_sim:/home/swati/Quad_DR/RotorTM/install/rotor_tm_control:/home/swati/Quad_DR/RotorTM/install/rotor_tm_utils:/home/swati/Quad_DR/RotorTM/install/rotor_tm_traj:/home/swati/Quad_DR/RotorTM/install/rotor_tm_keyboard2wrench:/home/swati/Quad_DR/RotorTM/install/rotor_tm_config:/opt/ros/humble')]), 'shell': False}
[0.099820] (-) TimerEvent: {}
[0.200068] (-) TimerEvent: {}
[0.300309] (-) TimerEvent: {}
[0.400523] (-) TimerEvent: {}
[0.500860] (-) TimerEvent: {}
[0.570068] (rotor_tm_msgs) StdoutLine: {'line': b'[  0%] Built target rotor_tm_msgs__cpp\n'}
[0.570982] (rotor_tm_msgs) StdoutLine: {'line': b'[  0%] Built target ament_cmake_python_copy_rotor_tm_msgs\n'}
[0.571485] (rotor_tm_msgs) StdoutLine: {'line': b'[ 12%] Built target rotor_tm_msgs__rosidl_generator_c\n'}
[0.571584] (rotor_tm_msgs) StdoutLine: {'line': b'[ 24%] Built target rotor_tm_msgs__rosidl_typesupport_cpp\n'}
[0.571663] (rotor_tm_msgs) StdoutLine: {'line': b'[ 36%] Built target rotor_tm_msgs__rosidl_typesupport_c\n'}
[0.571738] (rotor_tm_msgs) StdoutLine: {'line': b'[ 48%] Built target rotor_tm_msgs__rosidl_typesupport_introspection_cpp\n'}
[0.571812] (rotor_tm_msgs) StdoutLine: {'line': b'[ 60%] Built target rotor_tm_msgs__rosidl_typesupport_fastrtps_cpp\n'}
[0.571886] (rotor_tm_msgs) StdoutLine: {'line': b'[ 72%] Built target rotor_tm_msgs__rosidl_typesupport_introspection_c\n'}
[0.571960] (rotor_tm_msgs) StdoutLine: {'line': b'[ 84%] Built target rotor_tm_msgs__rosidl_typesupport_fastrtps_c\n'}
[0.572033] (rotor_tm_msgs) StdoutLine: {'line': b'[ 84%] Built target rotor_tm_msgs\n'}
[0.572106] (rotor_tm_msgs) StdoutLine: {'line': b'[ 85%] Built target rotor_tm_msgs__py\n'}
[0.572193] (rotor_tm_msgs) StdoutLine: {'line': b'[ 96%] Built target rotor_tm_msgs__rosidl_generator_py\n'}
[0.572270] (rotor_tm_msgs) StdoutLine: {'line': b'[ 98%] Built target rotor_tm_msgs__rosidl_typesupport_introspection_c__pyext\n'}
[0.572345] (rotor_tm_msgs) StdoutLine: {'line': b'[ 99%] Built target rotor_tm_msgs__rosidl_typesupport_fastrtps_c__pyext\n'}
[0.572428] (rotor_tm_msgs) StdoutLine: {'line': b'[100%] Built target rotor_tm_msgs__rosidl_typesupport_c__pyext\n'}
[0.572503] (rotor_tm_msgs) StdoutLine: {'line': b'running egg_info\n'}
[0.572573] (rotor_tm_msgs) StdoutLine: {'line': b'writing rotor_tm_msgs.egg-info/PKG-INFO\n'}
[0.572643] (rotor_tm_msgs) StdoutLine: {'line': b'writing dependency_links to rotor_tm_msgs.egg-info/dependency_links.txt\n'}
[0.572715] (rotor_tm_msgs) StdoutLine: {'line': b'writing top-level names to rotor_tm_msgs.egg-info/top_level.txt\n'}
[0.572787] (rotor_tm_msgs) StdoutLine: {'line': b"reading manifest file 'rotor_tm_msgs.egg-info/SOURCES.txt'\n"}
[0.572859] (rotor_tm_msgs) StdoutLine: {'line': b"writing manifest file 'rotor_tm_msgs.egg-info/SOURCES.txt'\n"}
[0.572930] (rotor_tm_msgs) StdoutLine: {'line': b'[100%] Built target ament_cmake_python_build_rotor_tm_msgs_egg\n'}
[0.600996] (-) TimerEvent: {}
[0.701324] (-) TimerEvent: {}
[0.753820] (rotor_tm_msgs) CommandEnded: {'returncode': 0}
[0.801445] (-) TimerEvent: {}
[0.901857] (-) TimerEvent: {}
[1.002144] (-) TimerEvent: {}
[1.018399] (rotor_tm_msgs) JobProgress: {'identifier': 'rotor_tm_msgs', 'progress': 'install'}
[1.020729] (rotor_tm_msgs) Command: {'cmd': ['/opt/cmake-3.28.3-linux-x86_64/bin/cmake', '--install', '/home/swati/Quad_DR/RotorTM/build/rotor_tm_msgs'], 'cwd': '/home/swati/Quad_DR/RotorTM/build/rotor_tm_msgs', 'env': OrderedDict([('LESSOPEN', '| /usr/bin/lesspipe %s'), ('USER', 'swati'), ('XDG_SESSION_TYPE', 'x11'), ('SHLVL', '1'), ('LD_LIBRARY_PATH', '/home/swati/Quad_DR/RotorTM/install/rotor_tm_msgs/lib:/opt/hsl/ma27:/usr/lib/x86_64-linux-gnu/gazebo-11/plugins:/opt/ros/humble/opt/rviz_ogre_vendor/lib:/opt/ros/humble/lib/x86_64-linux-gnu:/opt/ros/humble/lib::/usr/share/gazebo/../../lib/x86_64-linux-gnu/gazebo-11/plugins::/home/swati/acados/lib:/home/swati/acados/mpcenv/lib:/home/swati/.casadi_cpp/lib:/opt/hsl/lib'), ('ACADOS_SOURCE_DIR', '/home/swati/acados'), ('HOME', '/home/swati'), ('OLDPWD', '/home/swati/Quad_DR/RotorTM/src'), ('DESKTOP_SESSION', 'ubuntu'), ('GAZEBO_MASTER_URI', 'http://localhost:11345'), ('ROS_PYTHON_VERSION', '3'), ('GNOME_SHELL_SESSION_MODE', 'ubuntu'), ('GTK_MODULES', 'gail:atk-bridge'), ('SYSTEMD_EXEC_PID', '3446'), ('DBUS_SESSION_BUS_ADDRESS', 'unix:path=/run/user/1000/bus'), ('COLORTERM', 'truecolor'), ('CARLA_ROOT', '/home/swati/carla_sim/'), ('COLCON_PREFIX_PATH', '/home/swati/Quad_DR/RotorTM/install'), ('ROS_DISTRO', 'humble'), ('GTK_IM_MODULE', 'ibus'), ('LOGNAME', 'swati'), ('_', '/usr/bin/colcon'), ('ROS_VERSION', '2'), ('XDG_SESSION_CLASS', 'user'), ('USERNAME', 'swati'), ('TERM', 'xterm-256color'), ('GAZEBO_MODEL_PATH', '/usr/share/gazebo/../../share/gazebo-11/models:'), ('GNOME_DESKTOP_SESSION_ID', 'this-is-deprecated'), ('ROS_LOCALHOST_ONLY', '0'), ('WINDOWPATH', '2'), ('OGRE_RESOURCE_PATH', '/usr/lib/x86_64-linux-gnu/OGRE-1.9.0'), ('PATH', '/opt/cmake-3.28.3-linux-x86_64/bin:/opt/ros/humble/bin:/home/swati/miniconda3/bin:/home/swati/.cargo/bin:/home/swati/.local/bin:/usr/local/sbin:/usr/local/bin:/usr/sbin:/usr/bin:/sbin:/bin:/usr/games:/usr/local/games:/snap/bin:/snap/bin'), ('SESSION_MANAGER', 'local/swati-Legion-Slim-5-16IRH8:@/tmp/.ICE-unix/3157,unix/swati-Legion-Slim-5-16IRH8:/tmp/.ICE-unix/3157'), ('XDG_MENU_PREFIX', 'gnome-'), ('GNOME_TERMINAL_SCREEN', '/org/gnome/Terminal/screen/4377c507_a8f8_440a_80a2_e0efbbdc9216'), ('XDG_RUNTIME_DIR', '/run/user/1000'), ('DISPLAY', ':1'), ('LANG', 'en_US.UTF-8'), ('XDG_CURRENT_DESKTOP', 'ubuntu:GNOME'), ('XMODIFIERS', '@im=ibus'), ('XDG_SESSION_DESKTOP', 'ubuntu'), ('XAUTHORITY', '/run/user/1000/gdm/Xauthority'), ('LS_COLORS', 'rs=0:di=01;34:ln=01;36:mh=00:pi=40;33:so=01;35:do=01;35:bd=40;33;01:cd=40;33;01:or=40;31;01:mi=00:su=37;41:sg=30;43:ca=30;41:tw=30;42:ow=34;42:st=37;44:ex=01;32:*.tar=01;31:*.tgz=01;31:*.arc=01;31:*.arj=01;31:*.taz=01;31:*.lha=01;31:*.lz4=01;31:*.lzh=01;31:*.lzma=01;31:*.tlz=01;31:*.txz=01;31:*.tzo=01;31:*.t7z=01;31:*.zip=01;31:*.z=01;31:*.dz=01;31:*.gz=01;31:*.lrz=01;31:*.lz=01;31:*.lzo=01;31:*.xz=01;31:*.zst=01;31:*.tzst=01;31:*.bz2=01;31:*.bz=01;31:*.tbz=01;31:*.tbz2=01;31:*.tz=01;31:*.deb=01;31:*.rpm=01;31:*.jar=01;31:*.war=01;31:*.ear=01;31:*.sar=01;31:*.rar=01;31:*.alz=01;31:*.ace=01;31:*.zoo=01;31:*.cpio=01;31:*.7z=01;31:*.rz=01;31:*.cab=01;31:*.wim=01;31:*.swm=01;31:*.dwm=01;31:*.esd=01;31:*.jpg=01;35:*.jpeg=01;35:*.mjpg=01;35:*.mjpeg=01;35:*.gif=01;35:*.bmp=01;35:*.pbm=01;35:*.pgm=01;35:*.ppm=01;35:*.tga=01;35:*.xbm=01;35:*.xpm=01;35:*.tif=01;35:*.tiff=01;35:*.png=01;35:*.svg=01;35:*.svgz=01;35:*.mng=01;35:*.pcx=01;35:*.mov=01;35:*.mpg=01;35:*.mpeg=01;35:*.m2v=01;35:*.mkv=01;35:*.webm=01;35:*.webp=01;35:*.ogm=01;35:*.mp4=01;35:*.m4v=01;35:*.mp4v=01;35:*.vob=01;35:*.qt=01;35:*.nuv=01;35:*.wmv=01;35:*.asf=01;35:*.rm=01;35:*.rmvb=01;35:*.flc=01;35:*.avi=01;35:*.fli=01;35:*.flv=01;35:*.gl=01;35:*.dl=01;35:*.xcf=01;35:*.xwd=01;35:*.yuv=01;35:*.cgm=01;35:*.emf=01;35:*.ogv=01;35:*.ogx=01;35:*.aac=00;36:*.au=00;36:*.flac=00;36:*.m4a=00;36:*.mid=00;36:*.midi=00;36:*.mka=00;36:*.mp3=00;36:*.mpc=00;36:*.ogg=00;36:*.ra=00;36:*.wav=00;36:*.oga=00;36:*.opus=00;36:*.spx=00;36:*.xspf=00;36:'), ('GNOME_TERMINAL_SERVICE', ':1.135'), ('SSH_AGENT_LAUNCHER', 'gnome-keyring'), ('SSH_AUTH_SOCK', '/run/user/1000/keyring/ssh'), ('AMENT_PREFIX_PATH', '/home/swati/Quad_DR/RotorTM/install/rotor_tm_sim:/home/swati/Quad_DR/RotorTM/install/rotor_tm_control:/home/swati/Quad_DR/RotorTM/install/rotor_tm_utils:/home/swati/Quad_DR/RotorTM/install/rotor_tm_traj:/home/swati/Quad_DR/RotorTM/install/rotor_tm_msgs:/home/swati/Quad_DR/RotorTM/install/rotor_tm_keyboard2wrench:/home/swati/Quad_DR/RotorTM/install/rotor_tm_config:/opt/ros/humble'), ('SHELL', '/bin/bash'), ('QT_ACCESSIBILITY', '1'), ('GDMSESSION', 'ubuntu'), ('LESSCLOSE', '/usr/bin/lesspipe %s %s'), ('GPG_AGENT_INFO', '/run/user/1000/gnupg/S.gpg-agent:0:1'), ('GAZEBO_RESOURCE_PATH', '/usr/share/gazebo/../../share/gazebo-11:'), ('GAZEBO_MODEL_DATABASE_URI', 'http://models.gazebosim.org'), ('QT_IM_MODULE', 'ibus'), ('PWD', '/home/swati/Quad_DR/RotorTM/build/rotor_tm_msgs'), ('LC_ALL', 'en_US.UTF-8'), ('XDG_CONFIG_DIRS', '/etc/xdg/xdg-ubuntu:/etc/xdg'), ('GAZEBO_PLUGIN_PATH', '/usr/share/gazebo/../../lib/x86_64-linux-gnu/gazebo-11/plugins:'), ('XDG_DATA_DIRS', '/usr/share/ubuntu:/usr/share/gnome:/usr/local/share/:/usr/share/:/var/lib/snapd/desktop'), ('PYTHONPATH', '/home/swati/Quad_DR/RotorTM/install/rotor_tm_sim/lib/python3.10/site-packages:/home/swati/Quad_DR/RotorTM/install/rotor_tm_control/lib/python3.10/site-packages:/home/swati/Quad_DR/RotorTM/install/rotor_tm_utils/lib/python3.10/site-packages:/home/swati/Quad_DR/RotorTM/install/rotor_tm_traj/lib/python3.10/site-packages:/home/swati/Quad_DR/RotorTM/install/rotor_tm_msgs/local/lib/python3.10/dist-packages:/home/swati/Quad_DR/RotorTM/install/rotor_tm_keyboard2wrench/lib/python3.10/site-packages:/home/swati/Quad_DR/RotorTM/install/rotor_tm_config/lib/python3.10/site-packages:/opt/ros/humble/lib/python3.10/site-packages:/opt/ros/humble/local/lib/python3.10/dist-packages:/PythonAPI/carla/dist/carla-0.9.14-py3.10-linux-x86_64.egg:/home/swati/carla_sim10/Carla-0.10.0-Linux-Shipping/PythonAPI/carla'), ('CPATH', '/home/swati/.local/lib/python3.10/site-packages/casadi/include:'), ('COLCON', '1'), ('VTE_VERSION', '6800'), ('CMAKE_PREFIX_PATH', '/home/swati/Quad_DR/RotorTM/install/rotor_tm_msgs:/home/swati/Quad_DR/RotorTM/install/rotor_tm_sim:/home/swati/Quad_DR/RotorTM/install/rotor_tm_control:/home/swati/Quad_DR/RotorTM/install/rotor_tm_utils:/home/swati/Quad_DR/RotorTM/install/rotor_tm_traj:/home/swati/Quad_DR/RotorTM/install/rotor_tm_keyboard2wrench:/home/swati/Quad_DR/RotorTM/install/rotor_tm_config:/opt/ros/humble')]), 'shell': False}
[1.023812] (rotor_tm_msgs) StdoutLine: {'line': b'-- Install configuration: ""\n'}
[1.024635] (rotor_tm_msgs) StdoutLine: {'line': b'-- Up-to-date: /home/swati/Quad_DR/RotorTM/install/rotor_tm_msgs/share/ament_index/resource_index/rosidl_interfaces/rotor_tm_msgs\n'}
[1.024698] (rotor_tm_msgs) StdoutLine: {'line': b'-- Up-to-date: /home/swati/Quad_DR/RotorTM/install/rotor_tm_msgs/include/rotor_tm_msgs/rotor_tm_msgs\n'}
[1.024736] (rotor_tm_msgs) StdoutLine: {'line': b'-- Up-to-date: /home/swati/Quad_DR/RotorTM/install/rotor_tm_msgs/include/rotor_tm_msgs/rotor_tm_msgs/srv\n'}
[1.024783] (rotor_tm_msgs) StdoutLine: {'line': b'-- Up-to-date: /home/swati/Quad_DR/RotorTM/install/rotor_tm_msgs/include/rotor_tm_msgs/rotor_tm_msgs/srv/vec4.h\n'}
[1.024844] (rotor_tm_msgs) StdoutLine: {'line': b'-- Up-to-date: /home/swati/Quad_DR/RotorTM/install/rotor_tm_msgs/include/rotor_tm_msgs/rotor_tm_msgs/srv/step_pose.h\n'}
[1.024880] (rotor_tm_msgs) StdoutLine: {'line': b'-- Up-to-date: /home/swati/Quad_DR/RotorTM/install/rotor_tm_msgs/include/rotor_tm_msgs/rotor_tm_msgs/srv/circle.h\n'}
[1.024913] (rotor_tm_msgs) StdoutLine: {'line': b'-- Up-to-date: /home/swati/Quad_DR/RotorTM/install/rotor_tm_msgs/include/rotor_tm_msgs/rotor_tm_msgs/srv/detail\n'}
[1.024946] (rotor_tm_msgs) StdoutLine: {'line': b'-- Up-to-date: /home/swati/Quad_DR/RotorTM/install/rotor_tm_msgs/include/rotor_tm_msgs/rotor_tm_msgs/srv/detail/step_pose__functions.c\n'}
[1.024986] (rotor_tm_msgs) StdoutLine: {'line': b'-- Up-to-date: /home/swati/Quad_DR/RotorTM/install/rotor_tm_msgs/include/rotor_tm_msgs/rotor_tm_msgs/srv/detail/circle__type_support.h\n'}
[1.025049] (rotor_tm_msgs) StdoutLine: {'line': b'-- Up-to-date: /home/swati/Quad_DR/RotorTM/install/rotor_tm_msgs/include/rotor_tm_msgs/rotor_tm_msgs/srv/detail/circle_with_rotation__functions.h\n'}
[1.025082] (rotor_tm_msgs) StdoutLine: {'line': b'-- Up-to-date: /home/swati/Quad_DR/RotorTM/install/rotor_tm_msgs/include/rotor_tm_msgs/rotor_tm_msgs/srv/detail/vec4__type_support.h\n'}
[1.025114] (rotor_tm_msgs) StdoutLine: {'line': b'-- Up-to-date: /home/swati/Quad_DR/RotorTM/install/rotor_tm_msgs/include/rotor_tm_msgs/rotor_tm_msgs/srv/detail/line__functions.c\n'}
[1.025154] (rotor_tm_msgs) StdoutLine: {'line': b'-- Up-to-date: /home/swati/Quad_DR/RotorTM/install/rotor_tm_msgs/include/rotor_tm_msgs/rotor_tm_msgs/srv/detail/copr_status_cmd__type_support.h\n'}
[1.025188] (rotor_tm_msgs) StdoutLine: {'line': b'-- Up-to-date: /home/swati/Quad_DR/RotorTM/install/rotor_tm_msgs/include/rotor_tm_msgs/rotor_tm_msgs/srv/detail/vec4__struct.h\n'}
[1.025220] (rotor_tm_msgs) StdoutLine: {'line': b'-- Up-to-date: /home/swati/Quad_DR/RotorTM/install/rotor_tm_msgs/include/rotor_tm_msgs/rotor_tm_msgs/srv/detail/line__functions.h\n'}
[1.025251] (rotor_tm_msgs) StdoutLine: {'line': b'-- Up-to-date: /home/swati/Quad_DR/RotorTM/install/rotor_tm_msgs/include/rotor_tm_msgs/rotor_tm_msgs/srv/detail/step_pose__functions.h\n'}
[1.025371] (rotor_tm_msgs) StdoutLine: {'line': b'-- Up-to-date: /home/swati/Quad_DR/RotorTM/install/rotor_tm_msgs/include/rotor_tm_msgs/rotor_tm_msgs/srv/detail/line__struct.h\n'}
[1.025414] (rotor_tm_msgs) StdoutLine: {'line': b'-- Up-to-date: /home/swati/Quad_DR/RotorTM/install/rotor_tm_msgs/include/rotor_tm_msgs/rotor_tm_msgs/srv/detail/step_pose__struct.h\n'}
[1.025448] (rotor_tm_msgs) StdoutLine: {'line': b'-- Up-to-date: /home/swati/Quad_DR/RotorTM/install/rotor_tm_msgs/include/rotor_tm_msgs/rotor_tm_msgs/srv/detail/circle_with_rotation__struct.h\n'}
[1.025480] (rotor_tm_msgs) StdoutLine: {'line': b'-- Up-to-date: /home/swati/Quad_DR/RotorTM/install/rotor_tm_msgs/include/rotor_tm_msgs/rotor_tm_msgs/srv/detail/circle_with_rotation__functions.c\n'}
[1.025510] (rotor_tm_msgs) StdoutLine: {'line': b'-- Up-to-date: /home/swati/Quad_DR/RotorTM/install/rotor_tm_msgs/include/rotor_tm_msgs/rotor_tm_msgs/srv/detail/circle__functions.c\n'}
[1.025540] (rotor_tm_msgs) StdoutLine: {'line': b'-- Up-to-date: /home/swati/Quad_DR/RotorTM/install/rotor_tm_msgs/include/rotor_tm_msgs/rotor_tm_msgs/srv/detail/copr_status_cmd__functions.c\n'}
[1.025579] (rotor_tm_msgs) StdoutLine: {'line': b'-- Up-to-date: /home/swati/Quad_DR/RotorTM/install/rotor_tm_msgs/include/rotor_tm_msgs/rotor_tm_msgs/srv/detail/circle__struct.h\n'}
[1.025608] (rotor_tm_msgs) StdoutLine: {'line': b'-- Up-to-date: /home/swati/Quad_DR/RotorTM/install/rotor_tm_msgs/include/rotor_tm_msgs/rotor_tm_msgs/srv/detail/copr_status_cmd__struct.h\n'}
[1.025637] (rotor_tm_msgs) StdoutLine: {'line': b'-- Up-to-date: /home/swati/Quad_DR/RotorTM/install/rotor_tm_msgs/include/rotor_tm_msgs/rotor_tm_msgs/srv/detail/circle__functions.h\n'}
[1.025664] (rotor_tm_msgs) StdoutLine: {'line': b'-- Up-to-date: /home/swati/Quad_DR/RotorTM/install/rotor_tm_msgs/include/rotor_tm_msgs/rotor_tm_msgs/srv/detail/step_pose__type_support.h\n'}
[1.025691] (rotor_tm_msgs) StdoutLine: {'line': b'-- Up-to-date: /home/swati/Quad_DR/RotorTM/install/rotor_tm_msgs/include/rotor_tm_msgs/rotor_tm_msgs/srv/detail/copr_status_cmd__functions.h\n'}
[1.026246] (rotor_tm_msgs) StdoutLine: {'line': b'-- Up-to-date: /home/swati/Quad_DR/RotorTM/install/rotor_tm_msgs/include/rotor_tm_msgs/rotor_tm_msgs/srv/detail/vec4__functions.h\n'}
[1.026340] (rotor_tm_msgs) StdoutLine: {'line': b'-- Up-to-date: /home/swati/Quad_DR/RotorTM/install/rotor_tm_msgs/include/rotor_tm_msgs/rotor_tm_msgs/srv/detail/vec4__functions.c\n'}
[1.026380] (rotor_tm_msgs) StdoutLine: {'line': b'-- Up-to-date: /home/swati/Quad_DR/RotorTM/install/rotor_tm_msgs/include/rotor_tm_msgs/rotor_tm_msgs/srv/detail/circle_with_rotation__type_support.h\n'}
[1.026414] (rotor_tm_msgs) StdoutLine: {'line': b'-- Up-to-date: /home/swati/Quad_DR/RotorTM/install/rotor_tm_msgs/include/rotor_tm_msgs/rotor_tm_msgs/srv/detail/line__type_support.h\n'}
[1.026462] (rotor_tm_msgs) StdoutLine: {'line': b'-- Up-to-date: /home/swati/Quad_DR/RotorTM/install/rotor_tm_msgs/include/rotor_tm_msgs/rotor_tm_msgs/srv/copr_status_cmd.h\n'}
[1.026524] (rotor_tm_msgs) StdoutLine: {'line': b'-- Up-to-date: /home/swati/Quad_DR/RotorTM/install/rotor_tm_msgs/include/rotor_tm_msgs/rotor_tm_msgs/srv/line.h\n'}
[1.026557] (rotor_tm_msgs) StdoutLine: {'line': b'-- Up-to-date: /home/swati/Quad_DR/RotorTM/install/rotor_tm_msgs/include/rotor_tm_msgs/rotor_tm_msgs/srv/circle_with_rotation.h\n'}
[1.026590] (rotor_tm_msgs) StdoutLine: {'line': b'-- Up-to-date: /home/swati/Quad_DR/RotorTM/install/rotor_tm_msgs/include/rotor_tm_msgs/rotor_tm_msgs/msg\n'}
[1.026620] (rotor_tm_msgs) StdoutLine: {'line': b'-- Up-to-date: /home/swati/Quad_DR/RotorTM/install/rotor_tm_msgs/include/rotor_tm_msgs/rotor_tm_msgs/msg/cen_pl_command.h\n'}
[1.026649] (rotor_tm_msgs) StdoutLine: {'line': b'-- Up-to-date: /home/swati/Quad_DR/RotorTM/install/rotor_tm_msgs/include/rotor_tm_msgs/rotor_tm_msgs/msg/fm_command.h\n'}
[1.026686] (rotor_tm_msgs) StdoutLine: {'line': b'-- Up-to-date: /home/swati/Quad_DR/RotorTM/install/rotor_tm_msgs/include/rotor_tm_msgs/rotor_tm_msgs/msg/rpm_command.h\n'}
[1.026744] (rotor_tm_msgs) StdoutLine: {'line': b'-- Up-to-date: /home/swati/Quad_DR/RotorTM/install/rotor_tm_msgs/include/rotor_tm_msgs/rotor_tm_msgs/msg/trpy_command.h\n'}
[1.026774] (rotor_tm_msgs) StdoutLine: {'line': b'-- Up-to-date: /home/swati/Quad_DR/RotorTM/install/rotor_tm_msgs/include/rotor_tm_msgs/rotor_tm_msgs/msg/status_data.h\n'}
[1.026803] (rotor_tm_msgs) StdoutLine: {'line': b'-- Up-to-date: /home/swati/Quad_DR/RotorTM/install/rotor_tm_msgs/include/rotor_tm_msgs/rotor_tm_msgs/msg/so3_command.h\n'}
[1.026832] (rotor_tm_msgs) StdoutLine: {'line': b'-- Up-to-date: /home/swati/Quad_DR/RotorTM/install/rotor_tm_msgs/include/rotor_tm_msgs/rotor_tm_msgs/msg/detail\n'}
[1.026862] (rotor_tm_msgs) StdoutLine: {'line': b'-- Up-to-date: /home/swati/Quad_DR/RotorTM/install/rotor_tm_msgs/include/rotor_tm_msgs/rotor_tm_msgs/msg/detail/trpy_command__type_support.h\n'}
[1.026891] (rotor_tm_msgs) StdoutLine: {'line': b'-- Up-to-date: /home/swati/Quad_DR/RotorTM/install/rotor_tm_msgs/include/rotor_tm_msgs/rotor_tm_msgs/msg/detail/position_command__type_support.h\n'}
[1.026920] (rotor_tm_msgs) StdoutLine: {'line': b'-- Up-to-date: /home/swati/Quad_DR/RotorTM/install/rotor_tm_msgs/include/rotor_tm_msgs/rotor_tm_msgs/msg/detail/so3_command__type_support.h\n'}
[1.026950] (rotor_tm_msgs) StdoutLine: {'line': b'-- Up-to-date: /home/swati/Quad_DR/RotorTM/install/rotor_tm_msgs/include/rotor_tm_msgs/rotor_tm_msgs/msg/detail/fm_command__functions.c\n'}
[1.026978] (rotor_tm_msgs) StdoutLine: {'line': b'-- Up-to-date: /home/swati/Quad_DR/RotorTM/install/rotor_tm_msgs/include/rotor_tm_msgs/rotor_tm_msgs/msg/detail/trpy_command__struct.h\n'}
[1.027008] (rotor_tm_msgs) StdoutLine: {'line': b'-- Up-to-date: /home/swati/Quad_DR/RotorTM/install/rotor_tm_msgs/include/rotor_tm_msgs/rotor_tm_msgs/msg/detail/rpm_command__struct.h\n'}
[1.027036] (rotor_tm_msgs) StdoutLine: {'line': b'-- Up-to-date: /home/swati/Quad_DR/RotorTM/install/rotor_tm_msgs/include/rotor_tm_msgs/rotor_tm_msgs/msg/detail/status_data__functions.c\n'}
[1.027063] (rotor_tm_msgs) StdoutLine: {'line': b'-- Up-to-date: /home/swati/Quad_DR/RotorTM/install/rotor_tm_msgs/include/rotor_tm_msgs/rotor_tm_msgs/msg/detail/position_command__struct.h\n'}
[1.027105] (rotor_tm_msgs) StdoutLine: {'line': b'-- Up-to-date: /home/swati/Quad_DR/RotorTM/install/rotor_tm_msgs/include/rotor_tm_msgs/rotor_tm_msgs/msg/detail/rpm_command__functions.c\n'}
[1.027207] (rotor_tm_msgs) StdoutLine: {'line': b'-- Up-to-date: /home/swati/Quad_DR/RotorTM/install/rotor_tm_msgs/include/rotor_tm_msgs/rotor_tm_msgs/msg/detail/status_data__functions.h\n'}
[1.027345] (rotor_tm_msgs) StdoutLine: {'line': b'-- Up-to-date: /home/swati/Quad_DR/RotorTM/install/rotor_tm_msgs/include/rotor_tm_msgs/rotor_tm_msgs/msg/detail/position_command__functions.c\n'}
[1.027427] (rotor_tm_msgs) StdoutLine: {'line': b'-- Up-to-date: /home/swati/Quad_DR/RotorTM/install/rotor_tm_msgs/include/rotor_tm_msgs/rotor_tm_msgs/msg/detail/cen_pl_command__functions.c\n'}
[1.027520] (rotor_tm_msgs) StdoutLine: {'line': b'-- Up-to-date: /home/swati/Quad_DR/RotorTM/install/rotor_tm_msgs/include/rotor_tm_msgs/rotor_tm_msgs/msg/detail/cen_pl_command__struct.h\n'}
[1.027593] (rotor_tm_msgs) StdoutLine: {'line': b'-- Up-to-date: /home/swati/Quad_DR/RotorTM/install/rotor_tm_msgs/include/rotor_tm_msgs/rotor_tm_msgs/msg/detail/fm_command__struct.h\n'}
[1.027664] (rotor_tm_msgs) StdoutLine: {'line': b'-- Up-to-date: /home/swati/Quad_DR/RotorTM/install/rotor_tm_msgs/include/rotor_tm_msgs/rotor_tm_msgs/msg/detail/trpy_command__functions.h\n'}
[1.027735] (rotor_tm_msgs) StdoutLine: {'line': b'-- Up-to-date: /home/swati/Quad_DR/RotorTM/install/rotor_tm_msgs/include/rotor_tm_msgs/rotor_tm_msgs/msg/detail/rpm_command__type_support.h\n'}
[1.027807] (rotor_tm_msgs) StdoutLine: {'line': b'-- Up-to-date: /home/swati/Quad_DR/RotorTM/install/rotor_tm_msgs/include/rotor_tm_msgs/rotor_tm_msgs/msg/detail/so3_command__functions.h\n'}
[1.027907] (rotor_tm_msgs) StdoutLine: {'line': b'-- Up-to-date: /home/swati/Quad_DR/RotorTM/install/rotor_tm_msgs/include/rotor_tm_msgs/rotor_tm_msgs/msg/detail/trpy_command__functions.c\n'}
[1.027979] (rotor_tm_msgs) StdoutLine: {'line': b'-- Up-to-date: /home/swati/Quad_DR/RotorTM/install/rotor_tm_msgs/include/rotor_tm_msgs/rotor_tm_msgs/msg/detail/status_data__type_support.h\n'}
[1.028049] (rotor_tm_msgs) StdoutLine: {'line': b'-- Up-to-date: /home/swati/Quad_DR/RotorTM/install/rotor_tm_msgs/include/rotor_tm_msgs/rotor_tm_msgs/msg/detail/position_command__functions.h\n'}
[1.028151] (rotor_tm_msgs) StdoutLine: {'line': b'-- Up-to-date: /home/swati/Quad_DR/RotorTM/install/rotor_tm_msgs/include/rotor_tm_msgs/rotor_tm_msgs/msg/detail/status_data__struct.h\n'}
[1.028273] (rotor_tm_msgs) StdoutLine: {'line': b'-- Up-to-date: /home/swati/Quad_DR/RotorTM/install/rotor_tm_msgs/include/rotor_tm_msgs/rotor_tm_msgs/msg/detail/so3_command__functions.c\n'}
[1.028372] (rotor_tm_msgs) StdoutLine: {'line': b'-- Up-to-date: /home/swati/Quad_DR/RotorTM/install/rotor_tm_msgs/include/rotor_tm_msgs/rotor_tm_msgs/msg/detail/fm_command__type_support.h\n'}
[1.028477] (rotor_tm_msgs) StdoutLine: {'line': b'-- Up-to-date: /home/swati/Quad_DR/RotorTM/install/rotor_tm_msgs/include/rotor_tm_msgs/rotor_tm_msgs/msg/detail/cen_pl_command__functions.h\n'}
[1.028594] (rotor_tm_msgs) StdoutLine: {'line': b'-- Up-to-date: /home/swati/Quad_DR/RotorTM/install/rotor_tm_msgs/include/rotor_tm_msgs/rotor_tm_msgs/msg/detail/cen_pl_command__type_support.h\n'}
[1.028676] (rotor_tm_msgs) StdoutLine: {'line': b'-- Up-to-date: /home/swati/Quad_DR/RotorTM/install/rotor_tm_msgs/include/rotor_tm_msgs/rotor_tm_msgs/msg/detail/so3_command__struct.h\n'}
[1.028751] (rotor_tm_msgs) StdoutLine: {'line': b'-- Up-to-date: /home/swati/Quad_DR/RotorTM/install/rotor_tm_msgs/include/rotor_tm_msgs/rotor_tm_msgs/msg/detail/fm_command__functions.h\n'}
[1.028841] (rotor_tm_msgs) StdoutLine: {'line': b'-- Up-to-date: /home/swati/Quad_DR/RotorTM/install/rotor_tm_msgs/include/rotor_tm_msgs/rotor_tm_msgs/msg/detail/rpm_command__functions.h\n'}
[1.028912] (rotor_tm_msgs) StdoutLine: {'line': b'-- Up-to-date: /home/swati/Quad_DR/RotorTM/install/rotor_tm_msgs/include/rotor_tm_msgs/rotor_tm_msgs/msg/position_command.h\n'}
[1.029022] (rotor_tm_msgs) StdoutLine: {'line': b'-- Up-to-date: /home/swati/Quad_DR/RotorTM/install/rotor_tm_msgs/include/rotor_tm_msgs/rotor_tm_msgs/msg/rosidl_generator_c__visibility_control.h\n'}
[1.029125] (rotor_tm_msgs) StdoutLine: {'line': b'-- Up-to-date: /home/swati/Quad_DR/RotorTM/install/rotor_tm_msgs/share/rotor_tm_msgs/environment/library_path.sh\n'}
[1.029237] (rotor_tm_msgs) StdoutLine: {'line': b'-- Up-to-date: /home/swati/Quad_DR/RotorTM/install/rotor_tm_msgs/share/rotor_tm_msgs/environment/library_path.dsv\n'}
[1.029345] (rotor_tm_msgs) StdoutLine: {'line': b'-- Up-to-date: /home/swati/Quad_DR/RotorTM/install/rotor_tm_msgs/lib/librotor_tm_msgs__rosidl_generator_c.so\n'}
[1.029449] (rotor_tm_msgs) StdoutLine: {'line': b'-- Up-to-date: /home/swati/Quad_DR/RotorTM/install/rotor_tm_msgs/include/rotor_tm_msgs/rotor_tm_msgs\n'}
[1.029574] (rotor_tm_msgs) StdoutLine: {'line': b'-- Up-to-date: /home/swati/Quad_DR/RotorTM/install/rotor_tm_msgs/include/rotor_tm_msgs/rotor_tm_msgs/srv\n'}
[1.029630] (rotor_tm_msgs) StdoutLine: {'line': b'-- Up-to-date: /home/swati/Quad_DR/RotorTM/install/rotor_tm_msgs/include/rotor_tm_msgs/rotor_tm_msgs/srv/detail\n'}
[1.029668] (rotor_tm_msgs) StdoutLine: {'line': b'-- Up-to-date: /home/swati/Quad_DR/RotorTM/install/rotor_tm_msgs/include/rotor_tm_msgs/rotor_tm_msgs/srv/detail/line__rosidl_typesupport_fastrtps_c.h\n'}
[1.029710] (rotor_tm_msgs) StdoutLine: {'line': b'-- Up-to-date: /home/swati/Quad_DR/RotorTM/install/rotor_tm_msgs/include/rotor_tm_msgs/rotor_tm_msgs/srv/detail/step_pose__rosidl_typesupport_fastrtps_c.h\n'}
[1.029751] (rotor_tm_msgs) StdoutLine: {'line': b'-- Up-to-date: /home/swati/Quad_DR/RotorTM/install/rotor_tm_msgs/include/rotor_tm_msgs/rotor_tm_msgs/srv/detail/circle_with_rotation__rosidl_typesupport_fastrtps_c.h\n'}
[1.029823] (rotor_tm_msgs) StdoutLine: {'line': b'-- Up-to-date: /home/swati/Quad_DR/RotorTM/install/rotor_tm_msgs/include/rotor_tm_msgs/rotor_tm_msgs/srv/detail/vec4__rosidl_typesupport_fastrtps_c.h\n'}
[1.029857] (rotor_tm_msgs) StdoutLine: {'line': b'-- Up-to-date: /home/swati/Quad_DR/RotorTM/install/rotor_tm_msgs/include/rotor_tm_msgs/rotor_tm_msgs/srv/detail/circle__rosidl_typesupport_fastrtps_c.h\n'}
[1.029891] (rotor_tm_msgs) StdoutLine: {'line': b'-- Up-to-date: /home/swati/Quad_DR/RotorTM/install/rotor_tm_msgs/include/rotor_tm_msgs/rotor_tm_msgs/srv/detail/copr_status_cmd__rosidl_typesupport_fastrtps_c.h\n'}
[1.029981] (rotor_tm_msgs) StdoutLine: {'line': b'-- Up-to-date: /home/swati/Quad_DR/RotorTM/install/rotor_tm_msgs/include/rotor_tm_msgs/rotor_tm_msgs/msg\n'}
[1.030016] (rotor_tm_msgs) StdoutLine: {'line': b'-- Up-to-date: /home/swati/Quad_DR/RotorTM/install/rotor_tm_msgs/include/rotor_tm_msgs/rotor_tm_msgs/msg/rosidl_typesupport_fastrtps_c__visibility_control.h\n'}
[1.030052] (rotor_tm_msgs) StdoutLine: {'line': b'-- Up-to-date: /home/swati/Quad_DR/RotorTM/install/rotor_tm_msgs/include/rotor_tm_msgs/rotor_tm_msgs/msg/detail\n'}
[1.030089] (rotor_tm_msgs) StdoutLine: {'line': b'-- Up-to-date: /home/swati/Quad_DR/RotorTM/install/rotor_tm_msgs/include/rotor_tm_msgs/rotor_tm_msgs/msg/detail/status_data__rosidl_typesupport_fastrtps_c.h\n'}
[1.030128] (rotor_tm_msgs) StdoutLine: {'line': b'-- Up-to-date: /home/swati/Quad_DR/RotorTM/install/rotor_tm_msgs/include/rotor_tm_msgs/rotor_tm_msgs/msg/detail/so3_command__rosidl_typesupport_fastrtps_c.h\n'}
[1.030198] (rotor_tm_msgs) StdoutLine: {'line': b'-- Up-to-date: /home/swati/Quad_DR/RotorTM/install/rotor_tm_msgs/include/rotor_tm_msgs/rotor_tm_msgs/msg/detail/rpm_command__rosidl_typesupport_fastrtps_c.h\n'}
[1.030237] (rotor_tm_msgs) StdoutLine: {'line': b'-- Up-to-date: /home/swati/Quad_DR/RotorTM/install/rotor_tm_msgs/include/rotor_tm_msgs/rotor_tm_msgs/msg/detail/fm_command__rosidl_typesupport_fastrtps_c.h\n'}
[1.030274] (rotor_tm_msgs) StdoutLine: {'line': b'-- Up-to-date: /home/swati/Quad_DR/RotorTM/install/rotor_tm_msgs/include/rotor_tm_msgs/rotor_tm_msgs/msg/detail/cen_pl_command__rosidl_typesupport_fastrtps_c.h\n'}
[1.030308] (rotor_tm_msgs) StdoutLine: {'line': b'-- Up-to-date: /home/swati/Quad_DR/RotorTM/install/rotor_tm_msgs/include/rotor_tm_msgs/rotor_tm_msgs/msg/detail/position_command__rosidl_typesupport_fastrtps_c.h\n'}
[1.030382] (rotor_tm_msgs) StdoutLine: {'line': b'-- Up-to-date: /home/swati/Quad_DR/RotorTM/install/rotor_tm_msgs/include/rotor_tm_msgs/rotor_tm_msgs/msg/detail/trpy_command__rosidl_typesupport_fastrtps_c.h\n'}
[1.030415] (rotor_tm_msgs) StdoutLine: {'line': b'-- Up-to-date: /home/swati/Quad_DR/RotorTM/install/rotor_tm_msgs/lib/librotor_tm_msgs__rosidl_typesupport_fastrtps_c.so\n'}
[1.030447] (rotor_tm_msgs) StdoutLine: {'line': b'-- Up-to-date: /home/swati/Quad_DR/RotorTM/install/rotor_tm_msgs/include/rotor_tm_msgs/rotor_tm_msgs\n'}
[1.030481] (rotor_tm_msgs) StdoutLine: {'line': b'-- Up-to-date: /home/swati/Quad_DR/RotorTM/install/rotor_tm_msgs/include/rotor_tm_msgs/rotor_tm_msgs/srv\n'}
[1.030513] (rotor_tm_msgs) StdoutLine: {'line': b'-- Up-to-date: /home/swati/Quad_DR/RotorTM/install/rotor_tm_msgs/include/rotor_tm_msgs/rotor_tm_msgs/srv/detail\n'}
[1.030546] (rotor_tm_msgs) StdoutLine: {'line': b'-- Up-to-date: /home/swati/Quad_DR/RotorTM/install/rotor_tm_msgs/include/rotor_tm_msgs/rotor_tm_msgs/srv/detail/line__rosidl_typesupport_introspection_c.h\n'}
[1.030583] (rotor_tm_msgs) StdoutLine: {'line': b'-- Up-to-date: /home/swati/Quad_DR/RotorTM/install/rotor_tm_msgs/include/rotor_tm_msgs/rotor_tm_msgs/srv/detail/step_pose__type_support.c\n'}
[1.030620] (rotor_tm_msgs) StdoutLine: {'line': b'-- Up-to-date: /home/swati/Quad_DR/RotorTM/install/rotor_tm_msgs/include/rotor_tm_msgs/rotor_tm_msgs/srv/detail/circle__rosidl_typesupport_introspection_c.h\n'}
[1.030654] (rotor_tm_msgs) StdoutLine: {'line': b'-- Up-to-date: /home/swati/Quad_DR/RotorTM/install/rotor_tm_msgs/include/rotor_tm_msgs/rotor_tm_msgs/srv/detail/circle_with_rotation__rosidl_typesupport_introspection_c.h\n'}
[1.030835] (rotor_tm_msgs) StdoutLine: {'line': b'-- Up-to-date: /home/swati/Quad_DR/RotorTM/install/rotor_tm_msgs/include/rotor_tm_msgs/rotor_tm_msgs/srv/detail/circle_with_rotation__type_support.c\n'}
[1.030872] (rotor_tm_msgs) StdoutLine: {'line': b'-- Up-to-date: /home/swati/Quad_DR/RotorTM/install/rotor_tm_msgs/include/rotor_tm_msgs/rotor_tm_msgs/srv/detail/step_pose__rosidl_typesupport_introspection_c.h\n'}
[1.030908] (rotor_tm_msgs) StdoutLine: {'line': b'-- Up-to-date: /home/swati/Quad_DR/RotorTM/install/rotor_tm_msgs/include/rotor_tm_msgs/rotor_tm_msgs/srv/detail/circle__type_support.c\n'}
[1.030941] (rotor_tm_msgs) StdoutLine: {'line': b'-- Up-to-date: /home/swati/Quad_DR/RotorTM/install/rotor_tm_msgs/include/rotor_tm_msgs/rotor_tm_msgs/srv/detail/vec4__rosidl_typesupport_introspection_c.h\n'}
[1.030973] (rotor_tm_msgs) StdoutLine: {'line': b'-- Up-to-date: /home/swati/Quad_DR/RotorTM/install/rotor_tm_msgs/include/rotor_tm_msgs/rotor_tm_msgs/srv/detail/copr_status_cmd__rosidl_typesupport_introspection_c.h\n'}
[1.031004] (rotor_tm_msgs) StdoutLine: {'line': b'-- Up-to-date: /home/swati/Quad_DR/RotorTM/install/rotor_tm_msgs/include/rotor_tm_msgs/rotor_tm_msgs/srv/detail/line__type_support.c\n'}
[1.031035] (rotor_tm_msgs) StdoutLine: {'line': b'-- Up-to-date: /home/swati/Quad_DR/RotorTM/install/rotor_tm_msgs/include/rotor_tm_msgs/rotor_tm_msgs/srv/detail/vec4__type_support.c\n'}
[1.031067] (rotor_tm_msgs) StdoutLine: {'line': b'-- Up-to-date: /home/swati/Quad_DR/RotorTM/install/rotor_tm_msgs/include/rotor_tm_msgs/rotor_tm_msgs/srv/detail/copr_status_cmd__type_support.c\n'}
[1.031099] (rotor_tm_msgs) StdoutLine: {'line': b'-- Up-to-date: /home/swati/Quad_DR/RotorTM/install/rotor_tm_msgs/include/rotor_tm_msgs/rotor_tm_msgs/msg\n'}
[1.031132] (rotor_tm_msgs) StdoutLine: {'line': b'-- Up-to-date: /home/swati/Quad_DR/RotorTM/install/rotor_tm_msgs/include/rotor_tm_msgs/rotor_tm_msgs/msg/rosidl_typesupport_introspection_c__visibility_control.h\n'}
[1.031172] (rotor_tm_msgs) StdoutLine: {'line': b'-- Up-to-date: /home/swati/Quad_DR/RotorTM/install/rotor_tm_msgs/include/rotor_tm_msgs/rotor_tm_msgs/msg/detail\n'}
[1.031240] (rotor_tm_msgs) StdoutLine: {'line': b'-- Up-to-date: /home/swati/Quad_DR/RotorTM/install/rotor_tm_msgs/include/rotor_tm_msgs/rotor_tm_msgs/msg/detail/rpm_command__rosidl_typesupport_introspection_c.h\n'}
[1.031275] (rotor_tm_msgs) StdoutLine: {'line': b'-- Up-to-date: /home/swati/Quad_DR/RotorTM/install/rotor_tm_msgs/include/rotor_tm_msgs/rotor_tm_msgs/msg/detail/trpy_command__type_support.c\n'}
[1.031309] (rotor_tm_msgs) StdoutLine: {'line': b'-- Up-to-date: /home/swati/Quad_DR/RotorTM/install/rotor_tm_msgs/include/rotor_tm_msgs/rotor_tm_msgs/msg/detail/so3_command__rosidl_typesupport_introspection_c.h\n'}
[1.031342] (rotor_tm_msgs) StdoutLine: {'line': b'-- Up-to-date: /home/swati/Quad_DR/RotorTM/install/rotor_tm_msgs/include/rotor_tm_msgs/rotor_tm_msgs/msg/detail/status_data__type_support.c\n'}
[1.031377] (rotor_tm_msgs) StdoutLine: {'line': b'-- Up-to-date: /home/swati/Quad_DR/RotorTM/install/rotor_tm_msgs/include/rotor_tm_msgs/rotor_tm_msgs/msg/detail/status_data__rosidl_typesupport_introspection_c.h\n'}
[1.031409] (rotor_tm_msgs) StdoutLine: {'line': b'-- Up-to-date: /home/swati/Quad_DR/RotorTM/install/rotor_tm_msgs/include/rotor_tm_msgs/rotor_tm_msgs/msg/detail/cen_pl_command__rosidl_typesupport_introspection_c.h\n'}
[1.031444] (rotor_tm_msgs) StdoutLine: {'line': b'-- Up-to-date: /home/swati/Quad_DR/RotorTM/install/rotor_tm_msgs/include/rotor_tm_msgs/rotor_tm_msgs/msg/detail/fm_command__rosidl_typesupport_introspection_c.h\n'}
[1.031528] (rotor_tm_msgs) StdoutLine: {'line': b'-- Up-to-date: /home/swati/Quad_DR/RotorTM/install/rotor_tm_msgs/include/rotor_tm_msgs/rotor_tm_msgs/msg/detail/rpm_command__type_support.c\n'}
[1.031564] (rotor_tm_msgs) StdoutLine: {'line': b'-- Up-to-date: /home/swati/Quad_DR/RotorTM/install/rotor_tm_msgs/include/rotor_tm_msgs/rotor_tm_msgs/msg/detail/trpy_command__rosidl_typesupport_introspection_c.h\n'}
[1.031598] (rotor_tm_msgs) StdoutLine: {'line': b'-- Up-to-date: /home/swati/Quad_DR/RotorTM/install/rotor_tm_msgs/include/rotor_tm_msgs/rotor_tm_msgs/msg/detail/so3_command__type_support.c\n'}
[1.031634] (rotor_tm_msgs) StdoutLine: {'line': b'-- Up-to-date: /home/swati/Quad_DR/RotorTM/install/rotor_tm_msgs/include/rotor_tm_msgs/rotor_tm_msgs/msg/detail/fm_command__type_support.c\n'}
[1.031668] (rotor_tm_msgs) StdoutLine: {'line': b'-- Up-to-date: /home/swati/Quad_DR/RotorTM/install/rotor_tm_msgs/include/rotor_tm_msgs/rotor_tm_msgs/msg/detail/position_command__rosidl_typesupport_introspection_c.h\n'}
[1.031702] (rotor_tm_msgs) StdoutLine: {'line': b'-- Up-to-date: /home/swati/Quad_DR/RotorTM/install/rotor_tm_msgs/include/rotor_tm_msgs/rotor_tm_msgs/msg/detail/position_command__type_support.c\n'}
[1.031734] (rotor_tm_msgs) StdoutLine: {'line': b'-- Up-to-date: /home/swati/Quad_DR/RotorTM/install/rotor_tm_msgs/include/rotor_tm_msgs/rotor_tm_msgs/msg/detail/cen_pl_command__type_support.c\n'}
[1.031767] (rotor_tm_msgs) StdoutLine: {'line': b'-- Up-to-date: /home/swati/Quad_DR/RotorTM/install/rotor_tm_msgs/lib/librotor_tm_msgs__rosidl_typesupport_introspection_c.so\n'}
[1.031799] (rotor_tm_msgs) StdoutLine: {'line': b'-- Up-to-date: /home/swati/Quad_DR/RotorTM/install/rotor_tm_msgs/lib/librotor_tm_msgs__rosidl_typesupport_c.so\n'}
[1.031831] (rotor_tm_msgs) StdoutLine: {'line': b'-- Up-to-date: /home/swati/Quad_DR/RotorTM/install/rotor_tm_msgs/include/rotor_tm_msgs/rotor_tm_msgs\n'}
[1.031862] (rotor_tm_msgs) StdoutLine: {'line': b'-- Up-to-date: /home/swati/Quad_DR/RotorTM/install/rotor_tm_msgs/include/rotor_tm_msgs/rotor_tm_msgs/srv\n'}
[1.031893] (rotor_tm_msgs) StdoutLine: {'line': b'-- Up-to-date: /home/swati/Quad_DR/RotorTM/install/rotor_tm_msgs/include/rotor_tm_msgs/rotor_tm_msgs/srv/vec4.hpp\n'}
[1.031924] (rotor_tm_msgs) StdoutLine: {'line': b'-- Up-to-date: /home/swati/Quad_DR/RotorTM/install/rotor_tm_msgs/include/rotor_tm_msgs/rotor_tm_msgs/srv/copr_status_cmd.hpp\n'}
[1.031955] (rotor_tm_msgs) StdoutLine: {'line': b'-- Up-to-date: /home/swati/Quad_DR/RotorTM/install/rotor_tm_msgs/include/rotor_tm_msgs/rotor_tm_msgs/srv/circle_with_rotation.hpp\n'}
[1.031985] (rotor_tm_msgs) StdoutLine: {'line': b'-- Up-to-date: /home/swati/Quad_DR/RotorTM/install/rotor_tm_msgs/include/rotor_tm_msgs/rotor_tm_msgs/srv/line.hpp\n'}
[1.032018] (rotor_tm_msgs) StdoutLine: {'line': b'-- Up-to-date: /home/swati/Quad_DR/RotorTM/install/rotor_tm_msgs/include/rotor_tm_msgs/rotor_tm_msgs/srv/step_pose.hpp\n'}
[1.032048] (rotor_tm_msgs) StdoutLine: {'line': b'-- Up-to-date: /home/swati/Quad_DR/RotorTM/install/rotor_tm_msgs/include/rotor_tm_msgs/rotor_tm_msgs/srv/detail\n'}
[1.032080] (rotor_tm_msgs) StdoutLine: {'line': b'-- Up-to-date: /home/swati/Quad_DR/RotorTM/install/rotor_tm_msgs/include/rotor_tm_msgs/rotor_tm_msgs/srv/detail/step_pose__struct.hpp\n'}
[1.032129] (rotor_tm_msgs) StdoutLine: {'line': b'-- Up-to-date: /home/swati/Quad_DR/RotorTM/install/rotor_tm_msgs/include/rotor_tm_msgs/rotor_tm_msgs/srv/detail/copr_status_cmd__traits.hpp\n'}
[1.032167] (rotor_tm_msgs) StdoutLine: {'line': b'-- Up-to-date: /home/swati/Quad_DR/RotorTM/install/rotor_tm_msgs/include/rotor_tm_msgs/rotor_tm_msgs/srv/detail/copr_status_cmd__builder.hpp\n'}
[1.032199] (rotor_tm_msgs) StdoutLine: {'line': b'-- Up-to-date: /home/swati/Quad_DR/RotorTM/install/rotor_tm_msgs/include/rotor_tm_msgs/rotor_tm_msgs/srv/detail/line__struct.hpp\n'}
[1.032233] (rotor_tm_msgs) StdoutLine: {'line': b'-- Up-to-date: /home/swati/Quad_DR/RotorTM/install/rotor_tm_msgs/include/rotor_tm_msgs/rotor_tm_msgs/srv/detail/circle_with_rotation__struct.hpp\n'}
[1.032264] (rotor_tm_msgs) StdoutLine: {'line': b'-- Up-to-date: /home/swati/Quad_DR/RotorTM/install/rotor_tm_msgs/include/rotor_tm_msgs/rotor_tm_msgs/srv/detail/circle_with_rotation__traits.hpp\n'}
[1.032384] (rotor_tm_msgs) StdoutLine: {'line': b'-- Up-to-date: /home/swati/Quad_DR/RotorTM/install/rotor_tm_msgs/include/rotor_tm_msgs/rotor_tm_msgs/srv/detail/vec4__struct.hpp\n'}
[1.032418] (rotor_tm_msgs) StdoutLine: {'line': b'-- Up-to-date: /home/swati/Quad_DR/RotorTM/install/rotor_tm_msgs/include/rotor_tm_msgs/rotor_tm_msgs/srv/detail/circle__traits.hpp\n'}
[1.032468] (rotor_tm_msgs) StdoutLine: {'line': b'-- Up-to-date: /home/swati/Quad_DR/RotorTM/install/rotor_tm_msgs/include/rotor_tm_msgs/rotor_tm_msgs/srv/detail/line__traits.hpp\n'}
[1.032500] (rotor_tm_msgs) StdoutLine: {'line': b'-- Up-to-date: /home/swati/Quad_DR/RotorTM/install/rotor_tm_msgs/include/rotor_tm_msgs/rotor_tm_msgs/srv/detail/line__builder.hpp\n'}
[1.032531] (rotor_tm_msgs) StdoutLine: {'line': b'-- Up-to-date: /home/swati/Quad_DR/RotorTM/install/rotor_tm_msgs/include/rotor_tm_msgs/rotor_tm_msgs/srv/detail/circle_with_rotation__builder.hpp\n'}
[1.032563] (rotor_tm_msgs) StdoutLine: {'line': b'-- Up-to-date: /home/swati/Quad_DR/RotorTM/install/rotor_tm_msgs/include/rotor_tm_msgs/rotor_tm_msgs/srv/detail/step_pose__traits.hpp\n'}
[1.032595] (rotor_tm_msgs) StdoutLine: {'line': b'-- Up-to-date: /home/swati/Quad_DR/RotorTM/install/rotor_tm_msgs/include/rotor_tm_msgs/rotor_tm_msgs/srv/detail/copr_status_cmd__struct.hpp\n'}
[1.032627] (rotor_tm_msgs) StdoutLine: {'line': b'-- Up-to-date: /home/swati/Quad_DR/RotorTM/install/rotor_tm_msgs/include/rotor_tm_msgs/rotor_tm_msgs/srv/detail/step_pose__builder.hpp\n'}
[1.032656] (rotor_tm_msgs) StdoutLine: {'line': b'-- Up-to-date: /home/swati/Quad_DR/RotorTM/install/rotor_tm_msgs/include/rotor_tm_msgs/rotor_tm_msgs/srv/detail/vec4__traits.hpp\n'}
[1.032686] (rotor_tm_msgs) StdoutLine: {'line': b'-- Up-to-date: /home/swati/Quad_DR/RotorTM/install/rotor_tm_msgs/include/rotor_tm_msgs/rotor_tm_msgs/srv/detail/vec4__builder.hpp\n'}
[1.032716] (rotor_tm_msgs) StdoutLine: {'line': b'-- Up-to-date: /home/swati/Quad_DR/RotorTM/install/rotor_tm_msgs/include/rotor_tm_msgs/rotor_tm_msgs/srv/detail/circle__builder.hpp\n'}
[1.032745] (rotor_tm_msgs) StdoutLine: {'line': b'-- Up-to-date: /home/swati/Quad_DR/RotorTM/install/rotor_tm_msgs/include/rotor_tm_msgs/rotor_tm_msgs/srv/detail/circle__struct.hpp\n'}
[1.032774] (rotor_tm_msgs) StdoutLine: {'line': b'-- Up-to-date: /home/swati/Quad_DR/RotorTM/install/rotor_tm_msgs/include/rotor_tm_msgs/rotor_tm_msgs/srv/circle.hpp\n'}
[1.032804] (rotor_tm_msgs) StdoutLine: {'line': b'-- Up-to-date: /home/swati/Quad_DR/RotorTM/install/rotor_tm_msgs/include/rotor_tm_msgs/rotor_tm_msgs/msg\n'}
[1.032835] (rotor_tm_msgs) StdoutLine: {'line': b'-- Up-to-date: /home/swati/Quad_DR/RotorTM/install/rotor_tm_msgs/include/rotor_tm_msgs/rotor_tm_msgs/msg/status_data.hpp\n'}
[1.032865] (rotor_tm_msgs) StdoutLine: {'line': b'-- Up-to-date: /home/swati/Quad_DR/RotorTM/install/rotor_tm_msgs/include/rotor_tm_msgs/rotor_tm_msgs/msg/rpm_command.hpp\n'}
[1.032895] (rotor_tm_msgs) StdoutLine: {'line': b'-- Up-to-date: /home/swati/Quad_DR/RotorTM/install/rotor_tm_msgs/include/rotor_tm_msgs/rotor_tm_msgs/msg/trpy_command.hpp\n'}
[1.032925] (rotor_tm_msgs) StdoutLine: {'line': b'-- Up-to-date: /home/swati/Quad_DR/RotorTM/install/rotor_tm_msgs/include/rotor_tm_msgs/rotor_tm_msgs/msg/so3_command.hpp\n'}
[1.032955] (rotor_tm_msgs) StdoutLine: {'line': b'-- Up-to-date: /home/swati/Quad_DR/RotorTM/install/rotor_tm_msgs/include/rotor_tm_msgs/rotor_tm_msgs/msg/fm_command.hpp\n'}
[1.032985] (rotor_tm_msgs) StdoutLine: {'line': b'-- Up-to-date: /home/swati/Quad_DR/RotorTM/install/rotor_tm_msgs/include/rotor_tm_msgs/rotor_tm_msgs/msg/detail\n'}
[1.033015] (rotor_tm_msgs) StdoutLine: {'line': b'-- Up-to-date: /home/swati/Quad_DR/RotorTM/install/rotor_tm_msgs/include/rotor_tm_msgs/rotor_tm_msgs/msg/detail/position_command__traits.hpp\n'}
[1.033045] (rotor_tm_msgs) StdoutLine: {'line': b'-- Up-to-date: /home/swati/Quad_DR/RotorTM/install/rotor_tm_msgs/include/rotor_tm_msgs/rotor_tm_msgs/msg/detail/so3_command__traits.hpp\n'}
[1.033074] (rotor_tm_msgs) StdoutLine: {'line': b'-- Up-to-date: /home/swati/Quad_DR/RotorTM/install/rotor_tm_msgs/include/rotor_tm_msgs/rotor_tm_msgs/msg/detail/fm_command__builder.hpp\n'}
[1.033126] (rotor_tm_msgs) StdoutLine: {'line': b'-- Up-to-date: /home/swati/Quad_DR/RotorTM/install/rotor_tm_msgs/include/rotor_tm_msgs/rotor_tm_msgs/msg/detail/trpy_command__builder.hpp\n'}
[1.033166] (rotor_tm_msgs) StdoutLine: {'line': b'-- Up-to-date: /home/swati/Quad_DR/RotorTM/install/rotor_tm_msgs/include/rotor_tm_msgs/rotor_tm_msgs/msg/detail/cen_pl_command__builder.hpp\n'}
[1.033228] (rotor_tm_msgs) StdoutLine: {'line': b'-- Up-to-date: /home/swati/Quad_DR/RotorTM/install/rotor_tm_msgs/include/rotor_tm_msgs/rotor_tm_msgs/msg/detail/fm_command__traits.hpp\n'}
[1.033256] (rotor_tm_msgs) StdoutLine: {'line': b'-- Up-to-date: /home/swati/Quad_DR/RotorTM/install/rotor_tm_msgs/include/rotor_tm_msgs/rotor_tm_msgs/msg/detail/cen_pl_command__traits.hpp\n'}
[1.033284] (rotor_tm_msgs) StdoutLine: {'line': b'-- Up-to-date: /home/swati/Quad_DR/RotorTM/install/rotor_tm_msgs/include/rotor_tm_msgs/rotor_tm_msgs/msg/detail/status_data__traits.hpp\n'}
[1.033312] (rotor_tm_msgs) StdoutLine: {'line': b'-- Up-to-date: /home/swati/Quad_DR/RotorTM/install/rotor_tm_msgs/include/rotor_tm_msgs/rotor_tm_msgs/msg/detail/status_data__builder.hpp\n'}
[1.033340] (rotor_tm_msgs) StdoutLine: {'line': b'-- Up-to-date: /home/swati/Quad_DR/RotorTM/install/rotor_tm_msgs/include/rotor_tm_msgs/rotor_tm_msgs/msg/detail/so3_command__struct.hpp\n'}
[1.033367] (rotor_tm_msgs) StdoutLine: {'line': b'-- Up-to-date: /home/swati/Quad_DR/RotorTM/install/rotor_tm_msgs/include/rotor_tm_msgs/rotor_tm_msgs/msg/detail/rpm_command__traits.hpp\n'}
[1.033401] (rotor_tm_msgs) StdoutLine: {'line': b'-- Up-to-date: /home/swati/Quad_DR/RotorTM/install/rotor_tm_msgs/include/rotor_tm_msgs/rotor_tm_msgs/msg/detail/rpm_command__builder.hpp\n'}
[1.033428] (rotor_tm_msgs) StdoutLine: {'line': b'-- Up-to-date: /home/swati/Quad_DR/RotorTM/install/rotor_tm_msgs/include/rotor_tm_msgs/rotor_tm_msgs/msg/detail/position_command__struct.hpp\n'}
[1.033455] (rotor_tm_msgs) StdoutLine: {'line': b'-- Up-to-date: /home/swati/Quad_DR/RotorTM/install/rotor_tm_msgs/include/rotor_tm_msgs/rotor_tm_msgs/msg/detail/position_command__builder.hpp\n'}
[1.033484] (rotor_tm_msgs) StdoutLine: {'line': b'-- Up-to-date: /home/swati/Quad_DR/RotorTM/install/rotor_tm_msgs/include/rotor_tm_msgs/rotor_tm_msgs/msg/detail/status_data__struct.hpp\n'}
[1.033514] (rotor_tm_msgs) StdoutLine: {'line': b'-- Up-to-date: /home/swati/Quad_DR/RotorTM/install/rotor_tm_msgs/include/rotor_tm_msgs/rotor_tm_msgs/msg/detail/so3_command__builder.hpp\n'}
[1.033563] (rotor_tm_msgs) StdoutLine: {'line': b'-- Up-to-date: /home/swati/Quad_DR/RotorTM/install/rotor_tm_msgs/include/rotor_tm_msgs/rotor_tm_msgs/msg/detail/rpm_command__struct.hpp\n'}
[1.033593] (rotor_tm_msgs) StdoutLine: {'line': b'-- Up-to-date: /home/swati/Quad_DR/RotorTM/install/rotor_tm_msgs/include/rotor_tm_msgs/rotor_tm_msgs/msg/detail/trpy_command__struct.hpp\n'}
[1.033621] (rotor_tm_msgs) StdoutLine: {'line': b'-- Up-to-date: /home/swati/Quad_DR/RotorTM/install/rotor_tm_msgs/include/rotor_tm_msgs/rotor_tm_msgs/msg/detail/fm_command__struct.hpp\n'}
[1.033647] (rotor_tm_msgs) StdoutLine: {'line': b'-- Up-to-date: /home/swati/Quad_DR/RotorTM/install/rotor_tm_msgs/include/rotor_tm_msgs/rotor_tm_msgs/msg/detail/trpy_command__traits.hpp\n'}
[1.033705] (rotor_tm_msgs) StdoutLine: {'line': b'-- Up-to-date: /home/swati/Quad_DR/RotorTM/install/rotor_tm_msgs/include/rotor_tm_msgs/rotor_tm_msgs/msg/detail/cen_pl_command__struct.hpp\n'}
[1.033731] (rotor_tm_msgs) StdoutLine: {'line': b'-- Up-to-date: /home/swati/Quad_DR/RotorTM/install/rotor_tm_msgs/include/rotor_tm_msgs/rotor_tm_msgs/msg/cen_pl_command.hpp\n'}
[1.033760] (rotor_tm_msgs) StdoutLine: {'line': b'-- Up-to-date: /home/swati/Quad_DR/RotorTM/install/rotor_tm_msgs/include/rotor_tm_msgs/rotor_tm_msgs/msg/position_command.hpp\n'}
[1.033789] (rotor_tm_msgs) StdoutLine: {'line': b'-- Up-to-date: /home/swati/Quad_DR/RotorTM/install/rotor_tm_msgs/include/rotor_tm_msgs/rotor_tm_msgs\n'}
[1.033818] (rotor_tm_msgs) StdoutLine: {'line': b'-- Up-to-date: /home/swati/Quad_DR/RotorTM/install/rotor_tm_msgs/include/rotor_tm_msgs/rotor_tm_msgs/srv\n'}
[1.033847] (rotor_tm_msgs) StdoutLine: {'line': b'-- Up-to-date: /home/swati/Quad_DR/RotorTM/install/rotor_tm_msgs/include/rotor_tm_msgs/rotor_tm_msgs/srv/detail\n'}
[1.033902] (rotor_tm_msgs) StdoutLine: {'line': b'-- Up-to-date: /home/swati/Quad_DR/RotorTM/install/rotor_tm_msgs/include/rotor_tm_msgs/rotor_tm_msgs/srv/detail/vec4__rosidl_typesupport_fastrtps_cpp.hpp\n'}
[1.033930] (rotor_tm_msgs) StdoutLine: {'line': b'-- Up-to-date: /home/swati/Quad_DR/RotorTM/install/rotor_tm_msgs/include/rotor_tm_msgs/rotor_tm_msgs/srv/detail/step_pose__rosidl_typesupport_fastrtps_cpp.hpp\n'}
[1.033957] (rotor_tm_msgs) StdoutLine: {'line': b'-- Up-to-date: /home/swati/Quad_DR/RotorTM/install/rotor_tm_msgs/include/rotor_tm_msgs/rotor_tm_msgs/srv/detail/circle_with_rotation__rosidl_typesupport_fastrtps_cpp.hpp\n'}
[1.033986] (rotor_tm_msgs) StdoutLine: {'line': b'-- Up-to-date: /home/swati/Quad_DR/RotorTM/install/rotor_tm_msgs/include/rotor_tm_msgs/rotor_tm_msgs/srv/detail/copr_status_cmd__rosidl_typesupport_fastrtps_cpp.hpp\n'}
[1.034013] (rotor_tm_msgs) StdoutLine: {'line': b'-- Up-to-date: /home/swati/Quad_DR/RotorTM/install/rotor_tm_msgs/include/rotor_tm_msgs/rotor_tm_msgs/srv/detail/circle__rosidl_typesupport_fastrtps_cpp.hpp\n'}
[1.034041] (rotor_tm_msgs) StdoutLine: {'line': b'-- Up-to-date: /home/swati/Quad_DR/RotorTM/install/rotor_tm_msgs/include/rotor_tm_msgs/rotor_tm_msgs/srv/detail/line__rosidl_typesupport_fastrtps_cpp.hpp\n'}
[1.034071] (rotor_tm_msgs) StdoutLine: {'line': b'-- Up-to-date: /home/swati/Quad_DR/RotorTM/install/rotor_tm_msgs/include/rotor_tm_msgs/rotor_tm_msgs/srv/detail/dds_fastrtps\n'}
[1.034100] (rotor_tm_msgs) StdoutLine: {'line': b'-- Up-to-date: /home/swati/Quad_DR/RotorTM/install/rotor_tm_msgs/include/rotor_tm_msgs/rotor_tm_msgs/msg\n'}
[1.034129] (rotor_tm_msgs) StdoutLine: {'line': b'-- Up-to-date: /home/swati/Quad_DR/RotorTM/install/rotor_tm_msgs/include/rotor_tm_msgs/rotor_tm_msgs/msg/rosidl_typesupport_fastrtps_cpp__visibility_control.h\n'}
[1.034163] (rotor_tm_msgs) StdoutLine: {'line': b'-- Up-to-date: /home/swati/Quad_DR/RotorTM/install/rotor_tm_msgs/include/rotor_tm_msgs/rotor_tm_msgs/msg/detail\n'}
[1.034193] (rotor_tm_msgs) StdoutLine: {'line': b'-- Up-to-date: /home/swati/Quad_DR/RotorTM/install/rotor_tm_msgs/include/rotor_tm_msgs/rotor_tm_msgs/msg/detail/status_data__rosidl_typesupport_fastrtps_cpp.hpp\n'}
[1.034222] (rotor_tm_msgs) StdoutLine: {'line': b'-- Up-to-date: /home/swati/Quad_DR/RotorTM/install/rotor_tm_msgs/include/rotor_tm_msgs/rotor_tm_msgs/msg/detail/position_command__rosidl_typesupport_fastrtps_cpp.hpp\n'}
[1.034252] (rotor_tm_msgs) StdoutLine: {'line': b'-- Up-to-date: /home/swati/Quad_DR/RotorTM/install/rotor_tm_msgs/include/rotor_tm_msgs/rotor_tm_msgs/msg/detail/so3_command__rosidl_typesupport_fastrtps_cpp.hpp\n'}
[1.034282] (rotor_tm_msgs) StdoutLine: {'line': b'-- Up-to-date: /home/swati/Quad_DR/RotorTM/install/rotor_tm_msgs/include/rotor_tm_msgs/rotor_tm_msgs/msg/detail/trpy_command__rosidl_typesupport_fastrtps_cpp.hpp\n'}
[1.034310] (rotor_tm_msgs) StdoutLine: {'line': b'-- Up-to-date: /home/swati/Quad_DR/RotorTM/install/rotor_tm_msgs/include/rotor_tm_msgs/rotor_tm_msgs/msg/detail/rpm_command__rosidl_typesupport_fastrtps_cpp.hpp\n'}
[1.034363] (rotor_tm_msgs) StdoutLine: {'line': b'-- Up-to-date: /home/swati/Quad_DR/RotorTM/install/rotor_tm_msgs/include/rotor_tm_msgs/rotor_tm_msgs/msg/detail/fm_command__rosidl_typesupport_fastrtps_cpp.hpp\n'}
[1.034391] (rotor_tm_msgs) StdoutLine: {'line': b'-- Up-to-date: /home/swati/Quad_DR/RotorTM/install/rotor_tm_msgs/include/rotor_tm_msgs/rotor_tm_msgs/msg/detail/cen_pl_command__rosidl_typesupport_fastrtps_cpp.hpp\n'}
[1.034422] (rotor_tm_msgs) StdoutLine: {'line': b'-- Up-to-date: /home/swati/Quad_DR/RotorTM/install/rotor_tm_msgs/include/rotor_tm_msgs/rotor_tm_msgs/msg/detail/dds_fastrtps\n'}
[1.034449] (rotor_tm_msgs) StdoutLine: {'line': b'-- Up-to-date: /home/swati/Quad_DR/RotorTM/install/rotor_tm_msgs/lib/librotor_tm_msgs__rosidl_typesupport_fastrtps_cpp.so\n'}
[1.034477] (rotor_tm_msgs) StdoutLine: {'line': b'-- Up-to-date: /home/swati/Quad_DR/RotorTM/install/rotor_tm_msgs/include/rotor_tm_msgs/rotor_tm_msgs\n'}
[1.034508] (rotor_tm_msgs) StdoutLine: {'line': b'-- Up-to-date: /home/swati/Quad_DR/RotorTM/install/rotor_tm_msgs/include/rotor_tm_msgs/rotor_tm_msgs/srv\n'}
[1.034553] (rotor_tm_msgs) StdoutLine: {'line': b'-- Up-to-date: /home/swati/Quad_DR/RotorTM/install/rotor_tm_msgs/include/rotor_tm_msgs/rotor_tm_msgs/srv/detail\n'}
[1.034581] (rotor_tm_msgs) StdoutLine: {'line': b'-- Up-to-date: /home/swati/Quad_DR/RotorTM/install/rotor_tm_msgs/include/rotor_tm_msgs/rotor_tm_msgs/srv/detail/copr_status_cmd__type_support.cpp\n'}
[1.034611] (rotor_tm_msgs) StdoutLine: {'line': b'-- Up-to-date: /home/swati/Quad_DR/RotorTM/install/rotor_tm_msgs/include/rotor_tm_msgs/rotor_tm_msgs/srv/detail/line__rosidl_typesupport_introspection_cpp.hpp\n'}
[1.034640] (rotor_tm_msgs) StdoutLine: {'line': b'-- Up-to-date: /home/swati/Quad_DR/RotorTM/install/rotor_tm_msgs/include/rotor_tm_msgs/rotor_tm_msgs/srv/detail/step_pose__rosidl_typesupport_introspection_cpp.hpp\n'}
[1.034669] (rotor_tm_msgs) StdoutLine: {'line': b'-- Up-to-date: /home/swati/Quad_DR/RotorTM/install/rotor_tm_msgs/include/rotor_tm_msgs/rotor_tm_msgs/srv/detail/circle__type_support.cpp\n'}
[1.034698] (rotor_tm_msgs) StdoutLine: {'line': b'-- Up-to-date: /home/swati/Quad_DR/RotorTM/install/rotor_tm_msgs/include/rotor_tm_msgs/rotor_tm_msgs/srv/detail/vec4__rosidl_typesupport_introspection_cpp.hpp\n'}
[1.034727] (rotor_tm_msgs) StdoutLine: {'line': b'-- Up-to-date: /home/swati/Quad_DR/RotorTM/install/rotor_tm_msgs/include/rotor_tm_msgs/rotor_tm_msgs/srv/detail/step_pose__type_support.cpp\n'}
[1.034756] (rotor_tm_msgs) StdoutLine: {'line': b'-- Up-to-date: /home/swati/Quad_DR/RotorTM/install/rotor_tm_msgs/include/rotor_tm_msgs/rotor_tm_msgs/srv/detail/copr_status_cmd__rosidl_typesupport_introspection_cpp.hpp\n'}
[1.034784] (rotor_tm_msgs) StdoutLine: {'line': b'-- Up-to-date: /home/swati/Quad_DR/RotorTM/install/rotor_tm_msgs/include/rotor_tm_msgs/rotor_tm_msgs/srv/detail/vec4__type_support.cpp\n'}
[1.034813] (rotor_tm_msgs) StdoutLine: {'line': b'-- Up-to-date: /home/swati/Quad_DR/RotorTM/install/rotor_tm_msgs/include/rotor_tm_msgs/rotor_tm_msgs/srv/detail/circle_with_rotation__rosidl_typesupport_introspection_cpp.hpp\n'}
[1.034841] (rotor_tm_msgs) StdoutLine: {'line': b'-- Up-to-date: /home/swati/Quad_DR/RotorTM/install/rotor_tm_msgs/include/rotor_tm_msgs/rotor_tm_msgs/srv/detail/circle_with_rotation__type_support.cpp\n'}
[1.034869] (rotor_tm_msgs) StdoutLine: {'line': b'-- Up-to-date: /home/swati/Quad_DR/RotorTM/install/rotor_tm_msgs/include/rotor_tm_msgs/rotor_tm_msgs/srv/detail/circle__rosidl_typesupport_introspection_cpp.hpp\n'}
[1.034898] (rotor_tm_msgs) StdoutLine: {'line': b'-- Up-to-date: /home/swati/Quad_DR/RotorTM/install/rotor_tm_msgs/include/rotor_tm_msgs/rotor_tm_msgs/srv/detail/line__type_support.cpp\n'}
[1.034927] (rotor_tm_msgs) StdoutLine: {'line': b'-- Up-to-date: /home/swati/Quad_DR/RotorTM/install/rotor_tm_msgs/include/rotor_tm_msgs/rotor_tm_msgs/msg\n'}
[1.034970] (rotor_tm_msgs) StdoutLine: {'line': b'-- Up-to-date: /home/swati/Quad_DR/RotorTM/install/rotor_tm_msgs/include/rotor_tm_msgs/rotor_tm_msgs/msg/detail\n'}
[1.034999] (rotor_tm_msgs) StdoutLine: {'line': b'-- Up-to-date: /home/swati/Quad_DR/RotorTM/install/rotor_tm_msgs/include/rotor_tm_msgs/rotor_tm_msgs/msg/detail/cen_pl_command__type_support.cpp\n'}
[1.035028] (rotor_tm_msgs) StdoutLine: {'line': b'-- Up-to-date: /home/swati/Quad_DR/RotorTM/install/rotor_tm_msgs/include/rotor_tm_msgs/rotor_tm_msgs/msg/detail/rpm_command__type_support.cpp\n'}
[1.035058] (rotor_tm_msgs) StdoutLine: {'line': b'-- Up-to-date: /home/swati/Quad_DR/RotorTM/install/rotor_tm_msgs/include/rotor_tm_msgs/rotor_tm_msgs/msg/detail/cen_pl_command__rosidl_typesupport_introspection_cpp.hpp\n'}
[1.035087] (rotor_tm_msgs) StdoutLine: {'line': b'-- Up-to-date: /home/swati/Quad_DR/RotorTM/install/rotor_tm_msgs/include/rotor_tm_msgs/rotor_tm_msgs/msg/detail/trpy_command__type_support.cpp\n'}
[1.035117] (rotor_tm_msgs) StdoutLine: {'line': b'-- Up-to-date: /home/swati/Quad_DR/RotorTM/install/rotor_tm_msgs/include/rotor_tm_msgs/rotor_tm_msgs/msg/detail/position_command__rosidl_typesupport_introspection_cpp.hpp\n'}
[1.035214] (rotor_tm_msgs) StdoutLine: {'line': b'-- Up-to-date: /home/swati/Quad_DR/RotorTM/install/rotor_tm_msgs/include/rotor_tm_msgs/rotor_tm_msgs/msg/detail/so3_command__rosidl_typesupport_introspection_cpp.hpp\n'}
[1.035245] (rotor_tm_msgs) StdoutLine: {'line': b'-- Up-to-date: /home/swati/Quad_DR/RotorTM/install/rotor_tm_msgs/include/rotor_tm_msgs/rotor_tm_msgs/msg/detail/status_data__rosidl_typesupport_introspection_cpp.hpp\n'}
[1.035325] (rotor_tm_msgs) StdoutLine: {'line': b'-- Up-to-date: /home/swati/Quad_DR/RotorTM/install/rotor_tm_msgs/include/rotor_tm_msgs/rotor_tm_msgs/msg/detail/trpy_command__rosidl_typesupport_introspection_cpp.hpp\n'}
[1.035374] (rotor_tm_msgs) StdoutLine: {'line': b'-- Up-to-date: /home/swati/Quad_DR/RotorTM/install/rotor_tm_msgs/include/rotor_tm_msgs/rotor_tm_msgs/msg/detail/position_command__type_support.cpp\n'}
[1.035404] (rotor_tm_msgs) StdoutLine: {'line': b'-- Up-to-date: /home/swati/Quad_DR/RotorTM/install/rotor_tm_msgs/include/rotor_tm_msgs/rotor_tm_msgs/msg/detail/rpm_command__rosidl_typesupport_introspection_cpp.hpp\n'}
[1.035432] (rotor_tm_msgs) StdoutLine: {'line': b'-- Up-to-date: /home/swati/Quad_DR/RotorTM/install/rotor_tm_msgs/include/rotor_tm_msgs/rotor_tm_msgs/msg/detail/so3_command__type_support.cpp\n'}
[1.035460] (rotor_tm_msgs) StdoutLine: {'line': b'-- Up-to-date: /home/swati/Quad_DR/RotorTM/install/rotor_tm_msgs/include/rotor_tm_msgs/rotor_tm_msgs/msg/detail/fm_command__rosidl_typesupport_introspection_cpp.hpp\n'}
[1.035486] (rotor_tm_msgs) StdoutLine: {'line': b'-- Up-to-date: /home/swati/Quad_DR/RotorTM/install/rotor_tm_msgs/include/rotor_tm_msgs/rotor_tm_msgs/msg/detail/status_data__type_support.cpp\n'}
[1.035513] (rotor_tm_msgs) StdoutLine: {'line': b'-- Up-to-date: /home/swati/Quad_DR/RotorTM/install/rotor_tm_msgs/include/rotor_tm_msgs/rotor_tm_msgs/msg/detail/fm_command__type_support.cpp\n'}
[1.035540] (rotor_tm_msgs) StdoutLine: {'line': b'-- Up-to-date: /home/swati/Quad_DR/RotorTM/install/rotor_tm_msgs/lib/librotor_tm_msgs__rosidl_typesupport_introspection_cpp.so\n'}
[1.035568] (rotor_tm_msgs) StdoutLine: {'line': b'-- Up-to-date: /home/swati/Quad_DR/RotorTM/install/rotor_tm_msgs/lib/librotor_tm_msgs__rosidl_typesupport_cpp.so\n'}
[1.035594] (rotor_tm_msgs) StdoutLine: {'line': b'-- Up-to-date: /home/swati/Quad_DR/RotorTM/install/rotor_tm_msgs/share/rotor_tm_msgs/environment/pythonpath.sh\n'}
[1.035621] (rotor_tm_msgs) StdoutLine: {'line': b'-- Up-to-date: /home/swati/Quad_DR/RotorTM/install/rotor_tm_msgs/share/rotor_tm_msgs/environment/pythonpath.dsv\n'}
[1.035648] (rotor_tm_msgs) StdoutLine: {'line': b'-- Up-to-date: /home/swati/Quad_DR/RotorTM/install/rotor_tm_msgs/local/lib/python3.10/dist-packages/rotor_tm_msgs-0.0.0-py3.10.egg-info\n'}
[1.035673] (rotor_tm_msgs) StdoutLine: {'line': b'-- Installing: /home/swati/Quad_DR/RotorTM/install/rotor_tm_msgs/local/lib/python3.10/dist-packages/rotor_tm_msgs-0.0.0-py3.10.egg-info/top_level.txt\n'}
[1.035700] (rotor_tm_msgs) StdoutLine: {'line': b'-- Installing: /home/swati/Quad_DR/RotorTM/install/rotor_tm_msgs/local/lib/python3.10/dist-packages/rotor_tm_msgs-0.0.0-py3.10.egg-info/PKG-INFO\n'}
[1.035727] (rotor_tm_msgs) StdoutLine: {'line': b'-- Installing: /home/swati/Quad_DR/RotorTM/install/rotor_tm_msgs/local/lib/python3.10/dist-packages/rotor_tm_msgs-0.0.0-py3.10.egg-info/SOURCES.txt\n'}
[1.035755] (rotor_tm_msgs) StdoutLine: {'line': b'-- Installing: /home/swati/Quad_DR/RotorTM/install/rotor_tm_msgs/local/lib/python3.10/dist-packages/rotor_tm_msgs-0.0.0-py3.10.egg-info/dependency_links.txt\n'}
[1.035782] (rotor_tm_msgs) StdoutLine: {'line': b'-- Up-to-date: /home/swati/Quad_DR/RotorTM/install/rotor_tm_msgs/local/lib/python3.10/dist-packages/rotor_tm_msgs\n'}
[1.035808] (rotor_tm_msgs) StdoutLine: {'line': b'-- Up-to-date: /home/swati/Quad_DR/RotorTM/install/rotor_tm_msgs/local/lib/python3.10/dist-packages/rotor_tm_msgs/_rotor_tm_msgs_s.ep.rosidl_typesupport_introspection_c.c\n'}
[1.035835] (rotor_tm_msgs) StdoutLine: {'line': b'-- Up-to-date: /home/swati/Quad_DR/RotorTM/install/rotor_tm_msgs/local/lib/python3.10/dist-packages/rotor_tm_msgs/librotor_tm_msgs__rosidl_generator_py.so\n'}
[1.035863] (rotor_tm_msgs) StdoutLine: {'line': b'-- Up-to-date: /home/swati/Quad_DR/RotorTM/install/rotor_tm_msgs/local/lib/python3.10/dist-packages/rotor_tm_msgs/_rotor_tm_msgs_s.ep.rosidl_typesupport_c.c\n'}
[1.035889] (rotor_tm_msgs) StdoutLine: {'line': b'-- Up-to-date: /home/swati/Quad_DR/RotorTM/install/rotor_tm_msgs/local/lib/python3.10/dist-packages/rotor_tm_msgs/_rotor_tm_msgs_s.ep.rosidl_typesupport_fastrtps_c.c\n'}
[1.035915] (rotor_tm_msgs) StdoutLine: {'line': b'-- Up-to-date: /home/swati/Quad_DR/RotorTM/install/rotor_tm_msgs/local/lib/python3.10/dist-packages/rotor_tm_msgs/srv\n'}
[1.035941] (rotor_tm_msgs) StdoutLine: {'line': b'-- Up-to-date: /home/swati/Quad_DR/RotorTM/install/rotor_tm_msgs/local/lib/python3.10/dist-packages/rotor_tm_msgs/srv/_circle_with_rotation.py\n'}
[1.035968] (rotor_tm_msgs) StdoutLine: {'line': b'-- Up-to-date: /home/swati/Quad_DR/RotorTM/install/rotor_tm_msgs/local/lib/python3.10/dist-packages/rotor_tm_msgs/srv/_copr_status_cmd_s.c\n'}
[1.035995] (rotor_tm_msgs) StdoutLine: {'line': b'-- Up-to-date: /home/swati/Quad_DR/RotorTM/install/rotor_tm_msgs/local/lib/python3.10/dist-packages/rotor_tm_msgs/srv/_circle_s.c\n'}
[1.036021] (rotor_tm_msgs) StdoutLine: {'line': b'-- Up-to-date: /home/swati/Quad_DR/RotorTM/install/rotor_tm_msgs/local/lib/python3.10/dist-packages/rotor_tm_msgs/srv/_vec4_s.c\n'}
[1.036048] (rotor_tm_msgs) StdoutLine: {'line': b'-- Up-to-date: /home/swati/Quad_DR/RotorTM/install/rotor_tm_msgs/local/lib/python3.10/dist-packages/rotor_tm_msgs/srv/_line.py\n'}
[1.036075] (rotor_tm_msgs) StdoutLine: {'line': b'-- Up-to-date: /home/swati/Quad_DR/RotorTM/install/rotor_tm_msgs/local/lib/python3.10/dist-packages/rotor_tm_msgs/srv/__init__.py\n'}
[1.036103] (rotor_tm_msgs) StdoutLine: {'line': b'-- Up-to-date: /home/swati/Quad_DR/RotorTM/install/rotor_tm_msgs/local/lib/python3.10/dist-packages/rotor_tm_msgs/srv/_circle.py\n'}
[1.036134] (rotor_tm_msgs) StdoutLine: {'line': b'-- Up-to-date: /home/swati/Quad_DR/RotorTM/install/rotor_tm_msgs/local/lib/python3.10/dist-packages/rotor_tm_msgs/srv/_circle_with_rotation_s.c\n'}
[1.036165] (rotor_tm_msgs) StdoutLine: {'line': b'-- Up-to-date: /home/swati/Quad_DR/RotorTM/install/rotor_tm_msgs/local/lib/python3.10/dist-packages/rotor_tm_msgs/srv/_line_s.c\n'}
[1.036192] (rotor_tm_msgs) StdoutLine: {'line': b'-- Up-to-date: /home/swati/Quad_DR/RotorTM/install/rotor_tm_msgs/local/lib/python3.10/dist-packages/rotor_tm_msgs/srv/_step_pose.py\n'}
[1.036218] (rotor_tm_msgs) StdoutLine: {'line': b'-- Up-to-date: /home/swati/Quad_DR/RotorTM/install/rotor_tm_msgs/local/lib/python3.10/dist-packages/rotor_tm_msgs/srv/_copr_status_cmd.py\n'}
[1.036244] (rotor_tm_msgs) StdoutLine: {'line': b'-- Up-to-date: /home/swati/Quad_DR/RotorTM/install/rotor_tm_msgs/local/lib/python3.10/dist-packages/rotor_tm_msgs/srv/_step_pose_s.c\n'}
[1.036271] (rotor_tm_msgs) StdoutLine: {'line': b'-- Up-to-date: /home/swati/Quad_DR/RotorTM/install/rotor_tm_msgs/local/lib/python3.10/dist-packages/rotor_tm_msgs/srv/_vec4.py\n'}
[1.036298] (rotor_tm_msgs) StdoutLine: {'line': b'-- Up-to-date: /home/swati/Quad_DR/RotorTM/install/rotor_tm_msgs/local/lib/python3.10/dist-packages/rotor_tm_msgs/__init__.py\n'}
[1.036325] (rotor_tm_msgs) StdoutLine: {'line': b'-- Up-to-date: /home/swati/Quad_DR/RotorTM/install/rotor_tm_msgs/local/lib/python3.10/dist-packages/rotor_tm_msgs/rotor_tm_msgs_s__rosidl_typesupport_introspection_c.cpython-310-x86_64-linux-gnu.so\n'}
[1.036352] (rotor_tm_msgs) StdoutLine: {'line': b'-- Up-to-date: /home/swati/Quad_DR/RotorTM/install/rotor_tm_msgs/local/lib/python3.10/dist-packages/rotor_tm_msgs/rotor_tm_msgs_s__rosidl_typesupport_c.cpython-310-x86_64-linux-gnu.so\n'}
[1.036380] (rotor_tm_msgs) StdoutLine: {'line': b'-- Up-to-date: /home/swati/Quad_DR/RotorTM/install/rotor_tm_msgs/local/lib/python3.10/dist-packages/rotor_tm_msgs/msg\n'}
[1.036409] (rotor_tm_msgs) StdoutLine: {'line': b'-- Up-to-date: /home/swati/Quad_DR/RotorTM/install/rotor_tm_msgs/local/lib/python3.10/dist-packages/rotor_tm_msgs/msg/_rpm_command.py\n'}
[1.036442] (rotor_tm_msgs) StdoutLine: {'line': b'-- Up-to-date: /home/swati/Quad_DR/RotorTM/install/rotor_tm_msgs/local/lib/python3.10/dist-packages/rotor_tm_msgs/msg/_trpy_command_s.c\n'}
[1.036470] (rotor_tm_msgs) StdoutLine: {'line': b'-- Up-to-date: /home/swati/Quad_DR/RotorTM/install/rotor_tm_msgs/local/lib/python3.10/dist-packages/rotor_tm_msgs/msg/_so3_command_s.c\n'}
[1.036496] (rotor_tm_msgs) StdoutLine: {'line': b'-- Up-to-date: /home/swati/Quad_DR/RotorTM/install/rotor_tm_msgs/local/lib/python3.10/dist-packages/rotor_tm_msgs/msg/_cen_pl_command.py\n'}
[1.036523] (rotor_tm_msgs) StdoutLine: {'line': b'-- Up-to-date: /home/swati/Quad_DR/RotorTM/install/rotor_tm_msgs/local/lib/python3.10/dist-packages/rotor_tm_msgs/msg/_cen_pl_command_s.c\n'}
[1.036551] (rotor_tm_msgs) StdoutLine: {'line': b'-- Up-to-date: /home/swati/Quad_DR/RotorTM/install/rotor_tm_msgs/local/lib/python3.10/dist-packages/rotor_tm_msgs/msg/_trpy_command.py\n'}
[1.036577] (rotor_tm_msgs) StdoutLine: {'line': b'-- Up-to-date: /home/swati/Quad_DR/RotorTM/install/rotor_tm_msgs/local/lib/python3.10/dist-packages/rotor_tm_msgs/msg/__init__.py\n'}
[1.036603] (rotor_tm_msgs) StdoutLine: {'line': b'-- Up-to-date: /home/swati/Quad_DR/RotorTM/install/rotor_tm_msgs/local/lib/python3.10/dist-packages/rotor_tm_msgs/msg/_status_data_s.c\n'}
[1.036630] (rotor_tm_msgs) StdoutLine: {'line': b'-- Up-to-date: /home/swati/Quad_DR/RotorTM/install/rotor_tm_msgs/local/lib/python3.10/dist-packages/rotor_tm_msgs/msg/_so3_command.py\n'}
[1.036657] (rotor_tm_msgs) StdoutLine: {'line': b'-- Up-to-date: /home/swati/Quad_DR/RotorTM/install/rotor_tm_msgs/local/lib/python3.10/dist-packages/rotor_tm_msgs/msg/_position_command.py\n'}
[1.036682] (rotor_tm_msgs) StdoutLine: {'line': b'-- Up-to-date: /home/swati/Quad_DR/RotorTM/install/rotor_tm_msgs/local/lib/python3.10/dist-packages/rotor_tm_msgs/msg/_rpm_command_s.c\n'}
[1.036709] (rotor_tm_msgs) StdoutLine: {'line': b'-- Up-to-date: /home/swati/Quad_DR/RotorTM/install/rotor_tm_msgs/local/lib/python3.10/dist-packages/rotor_tm_msgs/msg/_position_command_s.c\n'}
[1.036736] (rotor_tm_msgs) StdoutLine: {'line': b'-- Up-to-date: /home/swati/Quad_DR/RotorTM/install/rotor_tm_msgs/local/lib/python3.10/dist-packages/rotor_tm_msgs/msg/_fm_command.py\n'}
[1.036761] (rotor_tm_msgs) StdoutLine: {'line': b'-- Up-to-date: /home/swati/Quad_DR/RotorTM/install/rotor_tm_msgs/local/lib/python3.10/dist-packages/rotor_tm_msgs/msg/_status_data.py\n'}
[1.036788] (rotor_tm_msgs) StdoutLine: {'line': b'-- Up-to-date: /home/swati/Quad_DR/RotorTM/install/rotor_tm_msgs/local/lib/python3.10/dist-packages/rotor_tm_msgs/msg/_fm_command_s.c\n'}
[1.036814] (rotor_tm_msgs) StdoutLine: {'line': b'-- Up-to-date: /home/swati/Quad_DR/RotorTM/install/rotor_tm_msgs/local/lib/python3.10/dist-packages/rotor_tm_msgs/rotor_tm_msgs_s__rosidl_typesupport_fastrtps_c.cpython-310-x86_64-linux-gnu.so\n'}
[1.062763] (rotor_tm_msgs) StdoutLine: {'line': b"Listing '/home/swati/Quad_DR/RotorTM/install/rotor_tm_msgs/local/lib/python3.10/dist-packages/rotor_tm_msgs'...\n"}
[1.062944] (rotor_tm_msgs) StdoutLine: {'line': b"Listing '/home/swati/Quad_DR/RotorTM/install/rotor_tm_msgs/local/lib/python3.10/dist-packages/rotor_tm_msgs/msg'...\n"}
[1.063032] (rotor_tm_msgs) StdoutLine: {'line': b"Listing '/home/swati/Quad_DR/RotorTM/install/rotor_tm_msgs/local/lib/python3.10/dist-packages/rotor_tm_msgs/srv'...\n"}
[1.066195] (rotor_tm_msgs) StdoutLine: {'line': b'-- Up-to-date: /home/swati/Quad_DR/RotorTM/install/rotor_tm_msgs/local/lib/python3.10/dist-packages/rotor_tm_msgs/rotor_tm_msgs_s__rosidl_typesupport_fastrtps_c.cpython-310-x86_64-linux-gnu.so\n'}
[1.066782] (rotor_tm_msgs) StdoutLine: {'line': b'-- Up-to-date: /home/swati/Quad_DR/RotorTM/install/rotor_tm_msgs/local/lib/python3.10/dist-packages/rotor_tm_msgs/rotor_tm_msgs_s__rosidl_typesupport_introspection_c.cpython-310-x86_64-linux-gnu.so\n'}
[1.066954] (rotor_tm_msgs) StdoutLine: {'line': b'-- Up-to-date: /home/swati/Quad_DR/RotorTM/install/rotor_tm_msgs/local/lib/python3.10/dist-packages/rotor_tm_msgs/rotor_tm_msgs_s__rosidl_typesupport_c.cpython-310-x86_64-linux-gnu.so\n'}
[1.067129] (rotor_tm_msgs) StdoutLine: {'line': b'-- Up-to-date: /home/swati/Quad_DR/RotorTM/install/rotor_tm_msgs/lib/librotor_tm_msgs__rosidl_generator_py.so\n'}
[1.067258] (rotor_tm_msgs) StdoutLine: {'line': b'-- Up-to-date: /home/swati/Quad_DR/RotorTM/install/rotor_tm_msgs/share/rotor_tm_msgs/msg/PositionCommand.idl\n'}
[1.067366] (rotor_tm_msgs) StdoutLine: {'line': b'-- Up-to-date: /home/swati/Quad_DR/RotorTM/install/rotor_tm_msgs/share/rotor_tm_msgs/msg/FMCommand.idl\n'}
[1.067494] (rotor_tm_msgs) StdoutLine: {'line': b'-- Up-to-date: /home/swati/Quad_DR/RotorTM/install/rotor_tm_msgs/share/rotor_tm_msgs/msg/RPMCommand.idl\n'}
[1.067574] (rotor_tm_msgs) StdoutLine: {'line': b'-- Up-to-date: /home/swati/Quad_DR/RotorTM/install/rotor_tm_msgs/share/rotor_tm_msgs/msg/SO3Command.idl\n'}
[1.067650] (rotor_tm_msgs) StdoutLine: {'line': b'-- Up-to-date: /home/swati/Quad_DR/RotorTM/install/rotor_tm_msgs/share/rotor_tm_msgs/msg/CenPLCommand.idl\n'}
[1.067726] (rotor_tm_msgs) StdoutLine: {'line': b'-- Up-to-date: /home/swati/Quad_DR/RotorTM/install/rotor_tm_msgs/share/rotor_tm_msgs/msg/StatusData.idl\n'}
[1.067803] (rotor_tm_msgs) StdoutLine: {'line': b'-- Up-to-date: /home/swati/Quad_DR/RotorTM/install/rotor_tm_msgs/share/rotor_tm_msgs/msg/TRPYCommand.idl\n'}
[1.067881] (rotor_tm_msgs) StdoutLine: {'line': b'-- Up-to-date: /home/swati/Quad_DR/RotorTM/install/rotor_tm_msgs/share/rotor_tm_msgs/srv/Vec4.idl\n'}
[1.067957] (rotor_tm_msgs) StdoutLine: {'line': b'-- Up-to-date: /home/swati/Quad_DR/RotorTM/install/rotor_tm_msgs/share/rotor_tm_msgs/srv/Circle.idl\n'}
[1.068057] (rotor_tm_msgs) StdoutLine: {'line': b'-- Up-to-date: /home/swati/Quad_DR/RotorTM/install/rotor_tm_msgs/share/rotor_tm_msgs/srv/CircleWithRotation.idl\n'}
[1.068281] (rotor_tm_msgs) StdoutLine: {'line': b'-- Up-to-date: /home/swati/Quad_DR/RotorTM/install/rotor_tm_msgs/share/rotor_tm_msgs/srv/Line.idl\n'}
[1.068389] (rotor_tm_msgs) StdoutLine: {'line': b'-- Up-to-date: /home/swati/Quad_DR/RotorTM/install/rotor_tm_msgs/share/rotor_tm_msgs/srv/CoprStatusCmd.idl\n'}
[1.068464] (rotor_tm_msgs) StdoutLine: {'line': b'-- Up-to-date: /home/swati/Quad_DR/RotorTM/install/rotor_tm_msgs/share/rotor_tm_msgs/srv/StepPose.idl\n'}
[1.068598] (rotor_tm_msgs) StdoutLine: {'line': b'-- Up-to-date: /home/swati/Quad_DR/RotorTM/install/rotor_tm_msgs/share/rotor_tm_msgs/msg/PositionCommand.msg\n'}
[1.068674] (rotor_tm_msgs) StdoutLine: {'line': b'-- Up-to-date: /home/swati/Quad_DR/RotorTM/install/rotor_tm_msgs/share/rotor_tm_msgs/msg/FMCommand.msg\n'}
[1.068747] (rotor_tm_msgs) StdoutLine: {'line': b'-- Up-to-date: /home/swati/Quad_DR/RotorTM/install/rotor_tm_msgs/share/rotor_tm_msgs/msg/RPMCommand.msg\n'}
[1.068820] (rotor_tm_msgs) StdoutLine: {'line': b'-- Up-to-date: /home/swati/Quad_DR/RotorTM/install/rotor_tm_msgs/share/rotor_tm_msgs/msg/SO3Command.msg\n'}
[1.068894] (rotor_tm_msgs) StdoutLine: {'line': b'-- Up-to-date: /home/swati/Quad_DR/RotorTM/install/rotor_tm_msgs/share/rotor_tm_msgs/msg/CenPLCommand.msg\n'}
[1.068971] (rotor_tm_msgs) StdoutLine: {'line': b'-- Up-to-date: /home/swati/Quad_DR/RotorTM/install/rotor_tm_msgs/share/rotor_tm_msgs/msg/StatusData.msg\n'}
[1.069045] (rotor_tm_msgs) StdoutLine: {'line': b'-- Up-to-date: /home/swati/Quad_DR/RotorTM/install/rotor_tm_msgs/share/rotor_tm_msgs/msg/TRPYCommand.msg\n'}
[1.069120] (rotor_tm_msgs) StdoutLine: {'line': b'-- Up-to-date: /home/swati/Quad_DR/RotorTM/install/rotor_tm_msgs/share/rotor_tm_msgs/srv/Vec4.srv\n'}
[1.069246] (rotor_tm_msgs) StdoutLine: {'line': b'-- Up-to-date: /home/swati/Quad_DR/RotorTM/install/rotor_tm_msgs/share/rotor_tm_msgs/srv/Vec4_Request.msg\n'}
[1.069345] (rotor_tm_msgs) StdoutLine: {'line': b'-- Up-to-date: /home/swati/Quad_DR/RotorTM/install/rotor_tm_msgs/share/rotor_tm_msgs/srv/Vec4_Response.msg\n'}
[1.069422] (rotor_tm_msgs) StdoutLine: {'line': b'-- Up-to-date: /home/swati/Quad_DR/RotorTM/install/rotor_tm_msgs/share/rotor_tm_msgs/srv/Circle.srv\n'}
[1.069498] (rotor_tm_msgs) StdoutLine: {'line': b'-- Up-to-date: /home/swati/Quad_DR/RotorTM/install/rotor_tm_msgs/share/rotor_tm_msgs/srv/Circle_Request.msg\n'}
[1.069600] (rotor_tm_msgs) StdoutLine: {'line': b'-- Up-to-date: /home/swati/Quad_DR/RotorTM/install/rotor_tm_msgs/share/rotor_tm_msgs/srv/Circle_Response.msg\n'}
[1.069673] (rotor_tm_msgs) StdoutLine: {'line': b'-- Up-to-date: /home/swati/Quad_DR/RotorTM/install/rotor_tm_msgs/share/rotor_tm_msgs/srv/CircleWithRotation.srv\n'}
[1.069775] (rotor_tm_msgs) StdoutLine: {'line': b'-- Up-to-date: /home/swati/Quad_DR/RotorTM/install/rotor_tm_msgs/share/rotor_tm_msgs/srv/CircleWithRotation_Request.msg\n'}
[1.069852] (rotor_tm_msgs) StdoutLine: {'line': b'-- Up-to-date: /home/swati/Quad_DR/RotorTM/install/rotor_tm_msgs/share/rotor_tm_msgs/srv/CircleWithRotation_Response.msg\n'}
[1.069924] (rotor_tm_msgs) StdoutLine: {'line': b'-- Up-to-date: /home/swati/Quad_DR/RotorTM/install/rotor_tm_msgs/share/rotor_tm_msgs/srv/Line.srv\n'}
[1.069999] (rotor_tm_msgs) StdoutLine: {'line': b'-- Up-to-date: /home/swati/Quad_DR/RotorTM/install/rotor_tm_msgs/share/rotor_tm_msgs/srv/Line_Request.msg\n'}
[1.070074] (rotor_tm_msgs) StdoutLine: {'line': b'-- Up-to-date: /home/swati/Quad_DR/RotorTM/install/rotor_tm_msgs/share/rotor_tm_msgs/srv/Line_Response.msg\n'}
[1.070163] (rotor_tm_msgs) StdoutLine: {'line': b'-- Up-to-date: /home/swati/Quad_DR/RotorTM/install/rotor_tm_msgs/share/rotor_tm_msgs/srv/CoprStatusCmd.srv\n'}
[1.070283] (rotor_tm_msgs) StdoutLine: {'line': b'-- Up-to-date: /home/swati/Quad_DR/RotorTM/install/rotor_tm_msgs/share/rotor_tm_msgs/srv/CoprStatusCmd_Request.msg\n'}
[1.070373] (rotor_tm_msgs) StdoutLine: {'line': b'-- Up-to-date: /home/swati/Quad_DR/RotorTM/install/rotor_tm_msgs/share/rotor_tm_msgs/srv/CoprStatusCmd_Response.msg\n'}
[1.070451] (rotor_tm_msgs) StdoutLine: {'line': b'-- Up-to-date: /home/swati/Quad_DR/RotorTM/install/rotor_tm_msgs/share/rotor_tm_msgs/srv/StepPose.srv\n'}
[1.070523] (rotor_tm_msgs) StdoutLine: {'line': b'-- Up-to-date: /home/swati/Quad_DR/RotorTM/install/rotor_tm_msgs/share/rotor_tm_msgs/srv/StepPose_Request.msg\n'}
[1.070600] (rotor_tm_msgs) StdoutLine: {'line': b'-- Up-to-date: /home/swati/Quad_DR/RotorTM/install/rotor_tm_msgs/share/rotor_tm_msgs/srv/StepPose_Response.msg\n'}
[1.070675] (rotor_tm_msgs) StdoutLine: {'line': b'-- Up-to-date: /home/swati/Quad_DR/RotorTM/install/rotor_tm_msgs/share/ament_index/resource_index/package_run_dependencies/rotor_tm_msgs\n'}
[1.070756] (rotor_tm_msgs) StdoutLine: {'line': b'-- Up-to-date: /home/swati/Quad_DR/RotorTM/install/rotor_tm_msgs/share/ament_index/resource_index/parent_prefix_path/rotor_tm_msgs\n'}
[1.070835] (rotor_tm_msgs) StdoutLine: {'line': b'-- Up-to-date: /home/swati/Quad_DR/RotorTM/install/rotor_tm_msgs/share/rotor_tm_msgs/environment/ament_prefix_path.sh\n'}
[1.070916] (rotor_tm_msgs) StdoutLine: {'line': b'-- Up-to-date: /home/swati/Quad_DR/RotorTM/install/rotor_tm_msgs/share/rotor_tm_msgs/environment/ament_prefix_path.dsv\n'}
[1.070990] (rotor_tm_msgs) StdoutLine: {'line': b'-- Up-to-date: /home/swati/Quad_DR/RotorTM/install/rotor_tm_msgs/share/rotor_tm_msgs/environment/path.sh\n'}
[1.071063] (rotor_tm_msgs) StdoutLine: {'line': b'-- Up-to-date: /home/swati/Quad_DR/RotorTM/install/rotor_tm_msgs/share/rotor_tm_msgs/environment/path.dsv\n'}
[1.071142] (rotor_tm_msgs) StdoutLine: {'line': b'-- Up-to-date: /home/swati/Quad_DR/RotorTM/install/rotor_tm_msgs/share/rotor_tm_msgs/local_setup.bash\n'}
[1.071296] (rotor_tm_msgs) StdoutLine: {'line': b'-- Up-to-date: /home/swati/Quad_DR/RotorTM/install/rotor_tm_msgs/share/rotor_tm_msgs/local_setup.sh\n'}
[1.071374] (rotor_tm_msgs) StdoutLine: {'line': b'-- Up-to-date: /home/swati/Quad_DR/RotorTM/install/rotor_tm_msgs/share/rotor_tm_msgs/local_setup.zsh\n'}
[1.071448] (rotor_tm_msgs) StdoutLine: {'line': b'-- Up-to-date: /home/swati/Quad_DR/RotorTM/install/rotor_tm_msgs/share/rotor_tm_msgs/local_setup.dsv\n'}
[1.071520] (rotor_tm_msgs) StdoutLine: {'line': b'-- Installing: /home/swati/Quad_DR/RotorTM/install/rotor_tm_msgs/share/rotor_tm_msgs/package.dsv\n'}
[1.071589] (rotor_tm_msgs) StdoutLine: {'line': b'-- Up-to-date: /home/swati/Quad_DR/RotorTM/install/rotor_tm_msgs/share/ament_index/resource_index/packages/rotor_tm_msgs\n'}
[1.071663] (rotor_tm_msgs) StdoutLine: {'line': b'-- Up-to-date: /home/swati/Quad_DR/RotorTM/install/rotor_tm_msgs/share/rotor_tm_msgs/cmake/export_rotor_tm_msgs__rosidl_generator_cExport.cmake\n'}
[1.071732] (rotor_tm_msgs) StdoutLine: {'line': b'-- Up-to-date: /home/swati/Quad_DR/RotorTM/install/rotor_tm_msgs/share/rotor_tm_msgs/cmake/export_rotor_tm_msgs__rosidl_generator_cExport-noconfig.cmake\n'}
[1.071803] (rotor_tm_msgs) StdoutLine: {'line': b'-- Up-to-date: /home/swati/Quad_DR/RotorTM/install/rotor_tm_msgs/share/rotor_tm_msgs/cmake/export_rotor_tm_msgs__rosidl_typesupport_fastrtps_cExport.cmake\n'}
[1.071873] (rotor_tm_msgs) StdoutLine: {'line': b'-- Up-to-date: /home/swati/Quad_DR/RotorTM/install/rotor_tm_msgs/share/rotor_tm_msgs/cmake/export_rotor_tm_msgs__rosidl_typesupport_fastrtps_cExport-noconfig.cmake\n'}
[1.071941] (rotor_tm_msgs) StdoutLine: {'line': b'-- Up-to-date: /home/swati/Quad_DR/RotorTM/install/rotor_tm_msgs/share/rotor_tm_msgs/cmake/rotor_tm_msgs__rosidl_typesupport_introspection_cExport.cmake\n'}
[1.072009] (rotor_tm_msgs) StdoutLine: {'line': b'-- Up-to-date: /home/swati/Quad_DR/RotorTM/install/rotor_tm_msgs/share/rotor_tm_msgs/cmake/rotor_tm_msgs__rosidl_typesupport_introspection_cExport-noconfig.cmake\n'}
[1.072076] (rotor_tm_msgs) StdoutLine: {'line': b'-- Up-to-date: /home/swati/Quad_DR/RotorTM/install/rotor_tm_msgs/share/rotor_tm_msgs/cmake/rotor_tm_msgs__rosidl_typesupport_cExport.cmake\n'}
[1.072213] (rotor_tm_msgs) StdoutLine: {'line': b'-- Up-to-date: /home/swati/Quad_DR/RotorTM/install/rotor_tm_msgs/share/rotor_tm_msgs/cmake/rotor_tm_msgs__rosidl_typesupport_cExport-noconfig.cmake\n'}
[1.072627] (rotor_tm_msgs) StdoutLine: {'line': b'-- Up-to-date: /home/swati/Quad_DR/RotorTM/install/rotor_tm_msgs/share/rotor_tm_msgs/cmake/export_rotor_tm_msgs__rosidl_generator_cppExport.cmake\n'}
[1.072890] (rotor_tm_msgs) StdoutLine: {'line': b'-- Up-to-date: /home/swati/Quad_DR/RotorTM/install/rotor_tm_msgs/share/rotor_tm_msgs/cmake/export_rotor_tm_msgs__rosidl_typesupport_fastrtps_cppExport.cmake\n'}
[1.072985] (rotor_tm_msgs) StdoutLine: {'line': b'-- Up-to-date: /home/swati/Quad_DR/RotorTM/install/rotor_tm_msgs/share/rotor_tm_msgs/cmake/export_rotor_tm_msgs__rosidl_typesupport_fastrtps_cppExport-noconfig.cmake\n'}
[1.073069] (rotor_tm_msgs) StdoutLine: {'line': b'-- Up-to-date: /home/swati/Quad_DR/RotorTM/install/rotor_tm_msgs/share/rotor_tm_msgs/cmake/rotor_tm_msgs__rosidl_typesupport_introspection_cppExport.cmake\n'}
[1.073158] (rotor_tm_msgs) StdoutLine: {'line': b'-- Up-to-date: /home/swati/Quad_DR/RotorTM/install/rotor_tm_msgs/share/rotor_tm_msgs/cmake/rotor_tm_msgs__rosidl_typesupport_introspection_cppExport-noconfig.cmake\n'}
[1.073438] (rotor_tm_msgs) StdoutLine: {'line': b'-- Up-to-date: /home/swati/Quad_DR/RotorTM/install/rotor_tm_msgs/share/rotor_tm_msgs/cmake/rotor_tm_msgs__rosidl_typesupport_cppExport.cmake\n'}
[1.073485] (rotor_tm_msgs) StdoutLine: {'line': b'-- Up-to-date: /home/swati/Quad_DR/RotorTM/install/rotor_tm_msgs/share/rotor_tm_msgs/cmake/rotor_tm_msgs__rosidl_typesupport_cppExport-noconfig.cmake\n'}
[1.073526] (rotor_tm_msgs) StdoutLine: {'line': b'-- Up-to-date: /home/swati/Quad_DR/RotorTM/install/rotor_tm_msgs/share/rotor_tm_msgs/cmake/export_rotor_tm_msgs__rosidl_generator_pyExport.cmake\n'}
[1.073750] (rotor_tm_msgs) StdoutLine: {'line': b'-- Up-to-date: /home/swati/Quad_DR/RotorTM/install/rotor_tm_msgs/share/rotor_tm_msgs/cmake/export_rotor_tm_msgs__rosidl_generator_pyExport-noconfig.cmake\n'}
[1.073788] (rotor_tm_msgs) StdoutLine: {'line': b'-- Up-to-date: /home/swati/Quad_DR/RotorTM/install/rotor_tm_msgs/share/rotor_tm_msgs/cmake/rosidl_cmake-extras.cmake\n'}
[1.073837] (rotor_tm_msgs) StdoutLine: {'line': b'-- Up-to-date: /home/swati/Quad_DR/RotorTM/install/rotor_tm_msgs/share/rotor_tm_msgs/cmake/ament_cmake_export_dependencies-extras.cmake\n'}
[1.073865] (rotor_tm_msgs) StdoutLine: {'line': b'-- Up-to-date: /home/swati/Quad_DR/RotorTM/install/rotor_tm_msgs/share/rotor_tm_msgs/cmake/ament_cmake_export_include_directories-extras.cmake\n'}
[1.073896] (rotor_tm_msgs) StdoutLine: {'line': b'-- Up-to-date: /home/swati/Quad_DR/RotorTM/install/rotor_tm_msgs/share/rotor_tm_msgs/cmake/ament_cmake_export_libraries-extras.cmake\n'}
[1.073939] (rotor_tm_msgs) StdoutLine: {'line': b'-- Up-to-date: /home/swati/Quad_DR/RotorTM/install/rotor_tm_msgs/share/rotor_tm_msgs/cmake/ament_cmake_export_targets-extras.cmake\n'}
[1.073969] (rotor_tm_msgs) StdoutLine: {'line': b'-- Up-to-date: /home/swati/Quad_DR/RotorTM/install/rotor_tm_msgs/share/rotor_tm_msgs/cmake/rosidl_cmake_export_typesupport_targets-extras.cmake\n'}
[1.073999] (rotor_tm_msgs) StdoutLine: {'line': b'-- Up-to-date: /home/swati/Quad_DR/RotorTM/install/rotor_tm_msgs/share/rotor_tm_msgs/cmake/rosidl_cmake_export_typesupport_libraries-extras.cmake\n'}
[1.074028] (rotor_tm_msgs) StdoutLine: {'line': b'-- Up-to-date: /home/swati/Quad_DR/RotorTM/install/rotor_tm_msgs/share/rotor_tm_msgs/cmake/rotor_tm_msgsConfig.cmake\n'}
[1.074058] (rotor_tm_msgs) StdoutLine: {'line': b'-- Up-to-date: /home/swati/Quad_DR/RotorTM/install/rotor_tm_msgs/share/rotor_tm_msgs/cmake/rotor_tm_msgsConfig-version.cmake\n'}
[1.074087] (rotor_tm_msgs) StdoutLine: {'line': b'-- Up-to-date: /home/swati/Quad_DR/RotorTM/install/rotor_tm_msgs/share/rotor_tm_msgs/package.xml\n'}
[1.074118] (rotor_tm_msgs) CommandEnded: {'returncode': 0}
[1.102170] (-) TimerEvent: {}
[1.202384] (-) TimerEvent: {}
[1.282095] (rotor_tm_keyboard2wrench) Command: {'cmd': ['/usr/bin/python3', '-W', 'ignore:setup.py install is deprecated', 'setup.py', 'egg_info', '--egg-base', '../../build/rotor_tm_keyboard2wrench', 'build', '--build-base', '/home/swati/Quad_DR/RotorTM/build/rotor_tm_keyboard2wrench/build', 'install', '--record', '/home/swati/Quad_DR/RotorTM/build/rotor_tm_keyboard2wrench/install.log', '--single-version-externally-managed', 'install_data'], 'cwd': '/home/swati/Quad_DR/RotorTM/src/rotor_tm_keyboard2wrench', 'env': {'LESSOPEN': '| /usr/bin/lesspipe %s', 'USER': 'swati', 'XDG_SESSION_TYPE': 'x11', 'SHLVL': '1', 'LD_LIBRARY_PATH': '/home/swati/Quad_DR/RotorTM/install/rotor_tm_msgs/lib:/opt/hsl/ma27:/usr/lib/x86_64-linux-gnu/gazebo-11/plugins:/opt/ros/humble/opt/rviz_ogre_vendor/lib:/opt/ros/humble/lib/x86_64-linux-gnu:/opt/ros/humble/lib::/usr/share/gazebo/../../lib/x86_64-linux-gnu/gazebo-11/plugins::/home/swati/acados/lib:/home/swati/acados/mpcenv/lib:/home/swati/.casadi_cpp/lib:/opt/hsl/lib', 'ACADOS_SOURCE_DIR': '/home/swati/acados', 'HOME': '/home/swati', 'OLDPWD': '/home/swati/Quad_DR/RotorTM/src', 'DESKTOP_SESSION': 'ubuntu', 'GAZEBO_MASTER_URI': 'http://localhost:11345', 'ROS_PYTHON_VERSION': '3', 'GNOME_SHELL_SESSION_MODE': 'ubuntu', 'GTK_MODULES': 'gail:atk-bridge', 'SYSTEMD_EXEC_PID': '3446', 'DBUS_SESSION_BUS_ADDRESS': 'unix:path=/run/user/1000/bus', 'COLORTERM': 'truecolor', 'CARLA_ROOT': '/home/swati/carla_sim/', 'COLCON_PREFIX_PATH': '/home/swati/Quad_DR/RotorTM/install', 'ROS_DISTRO': 'humble', 'GTK_IM_MODULE': 'ibus', 'LOGNAME': 'swati', '_': '/usr/bin/colcon', 'ROS_VERSION': '2', 'XDG_SESSION_CLASS': 'user', 'USERNAME': 'swati', 'TERM': 'xterm-256color', 'GAZEBO_MODEL_PATH': '/usr/share/gazebo/../../share/gazebo-11/models:', 'GNOME_DESKTOP_SESSION_ID': 'this-is-deprecated', 'ROS_LOCALHOST_ONLY': '0', 'WINDOWPATH': '2', 'OGRE_RESOURCE_PATH': '/usr/lib/x86_64-linux-gnu/OGRE-1.9.0', 'PATH': '/opt/cmake-3.28.3-linux-x86_64/bin:/opt/ros/humble/bin:/home/swati/miniconda3/bin:/home/swati/.cargo/bin:/home/swati/.local/bin:/usr/local/sbin:/usr/local/bin:/usr/sbin:/usr/bin:/sbin:/bin:/usr/games:/usr/local/games:/snap/bin:/snap/bin', 'SESSION_MANAGER': 'local/swati-Legion-Slim-5-16IRH8:@/tmp/.ICE-unix/3157,unix/swati-Legion-Slim-5-16IRH8:/tmp/.ICE-unix/3157', 'XDG_MENU_PREFIX': 'gnome-', 'GNOME_TERMINAL_SCREEN': '/org/gnome/Terminal/screen/4377c507_a8f8_440a_80a2_e0efbbdc9216', 'XDG_RUNTIME_DIR': '/run/user/1000', 'DISPLAY': ':1', 'LANG': 'en_US.UTF-8', 'XDG_CURRENT_DESKTOP': 'ubuntu:GNOME', 'XMODIFIERS': '@im=ibus', 'XDG_SESSION_DESKTOP': 'ubuntu', 'XAUTHORITY': '/run/user/1000/gdm/Xauthority', 'LS_COLORS': 'rs=0:di=01;34:ln=01;36:mh=00:pi=40;33:so=01;35:do=01;35:bd=40;33;01:cd=40;33;01:or=40;31;01:mi=00:su=37;41:sg=30;43:ca=30;41:tw=30;42:ow=34;42:st=37;44:ex=01;32:*.tar=01;31:*.tgz=01;31:*.arc=01;31:*.arj=01;31:*.taz=01;31:*.lha=01;31:*.lz4=01;31:*.lzh=01;31:*.lzma=01;31:*.tlz=01;31:*.txz=01;31:*.tzo=01;31:*.t7z=01;31:*.zip=01;31:*.z=01;31:*.dz=01;31:*.gz=01;31:*.lrz=01;31:*.lz=01;31:*.lzo=01;31:*.xz=01;31:*.zst=01;31:*.tzst=01;31:*.bz2=01;31:*.bz=01;31:*.tbz=01;31:*.tbz2=01;31:*.tz=01;31:*.deb=01;31:*.rpm=01;31:*.jar=01;31:*.war=01;31:*.ear=01;31:*.sar=01;31:*.rar=01;31:*.alz=01;31:*.ace=01;31:*.zoo=01;31:*.cpio=01;31:*.7z=01;31:*.rz=01;31:*.cab=01;31:*.wim=01;31:*.swm=01;31:*.dwm=01;31:*.esd=01;31:*.jpg=01;35:*.jpeg=01;35:*.mjpg=01;35:*.mjpeg=01;35:*.gif=01;35:*.bmp=01;35:*.pbm=01;35:*.pgm=01;35:*.ppm=01;35:*.tga=01;35:*.xbm=01;35:*.xpm=01;35:*.tif=01;35:*.tiff=01;35:*.png=01;35:*.svg=01;35:*.svgz=01;35:*.mng=01;35:*.pcx=01;35:*.mov=01;35:*.mpg=01;35:*.mpeg=01;35:*.m2v=01;35:*.mkv=01;35:*.webm=01;35:*.webp=01;35:*.ogm=01;35:*.mp4=01;35:*.m4v=01;35:*.mp4v=01;35:*.vob=01;35:*.qt=01;35:*.nuv=01;35:*.wmv=01;35:*.asf=01;35:*.rm=01;35:*.rmvb=01;35:*.flc=01;35:*.avi=01;35:*.fli=01;35:*.flv=01;35:*.gl=01;35:*.dl=01;35:*.xcf=01;35:*.xwd=01;35:*.yuv=01;35:*.cgm=01;35:*.emf=01;35:*.ogv=01;35:*.ogx=01;35:*.aac=00;36:*.au=00;36:*.flac=00;36:*.m4a=00;36:*.mid=00;36:*.midi=00;36:*.mka=00;36:*.mp3=00;36:*.mpc=00;36:*.ogg=00;36:*.ra=00;36:*.wav=00;36:*.oga=00;36:*.opus=00;36:*.spx=00;36:*.xspf=00;36:', 'GNOME_TERMINAL_SERVICE': ':1.135', 'SSH_AGENT_LAUNCHER': 'gnome-keyring', 'SSH_AUTH_SOCK': '/run/user/1000/keyring/ssh', 'AMENT_PREFIX_PATH': '/home/swati/Quad_DR/RotorTM/install/rotor_tm_sim:/home/swati/Quad_DR/RotorTM/install/rotor_tm_control:/home/swati/Quad_DR/RotorTM/install/rotor_tm_utils:/home/swati/Quad_DR/RotorTM/install/rotor_tm_traj:/home/swati/Quad_DR/RotorTM/install/rotor_tm_msgs:/home/swati/Quad_DR/RotorTM/install/rotor_tm_keyboard2wrench:/home/swati/Quad_DR/RotorTM/install/rotor_tm_config:/opt/ros/humble', 'SHELL': '/bin/bash', 'QT_ACCESSIBILITY': '1', 'GDMSESSION': 'ubuntu', 'LESSCLOSE': '/usr/bin/lesspipe %s %s', 'GPG_AGENT_INFO': '/run/user/1000/gnupg/S.gpg-agent:0:1', 'GAZEBO_RESOURCE_PATH': '/usr/share/gazebo/../../share/gazebo-11:', 'GAZEBO_MODEL_DATABASE_URI': 'http://models.gazebosim.org', 'QT_IM_MODULE': 'ibus', 'PWD': '/home/swati/Quad_DR/RotorTM/build/rotor_tm_keyboard2wrench', 'LC_ALL': 'en_US.UTF-8', 'XDG_CONFIG_DIRS': '/etc/xdg/xdg-ubuntu:/etc/xdg', 'GAZEBO_PLUGIN_PATH': '/usr/share/gazebo/../../lib/x86_64-linux-gnu/gazebo-11/plugins:', 'XDG_DATA_DIRS': '/usr/share/ubuntu:/usr/share/gnome:/usr/local/share/:/usr/share/:/var/lib/snapd/desktop', 'PYTHONPATH': '/home/swati/Quad_DR/RotorTM/build/rotor_tm_keyboard2wrench/prefix_override:/usr/lib/python3/dist-packages/colcon_core/task/python/colcon_distutils_commands:/home/swati/Quad_DR/RotorTM/install/rotor_tm_keyboard2wrench/lib/python3.10/site-packages:/home/swati/Quad_DR/RotorTM/install/rotor_tm_sim/lib/python3.10/site-packages:/home/swati/Quad_DR/RotorTM/install/rotor_tm_control/lib/python3.10/site-packages:/home/swati/Quad_DR/RotorTM/install/rotor_tm_utils/lib/python3.10/site-packages:/home/swati/Quad_DR/RotorTM/install/rotor_tm_traj/lib/python3.10/site-packages:/home/swati/Quad_DR/RotorTM/install/rotor_tm_msgs/local/lib/python3.10/dist-packages:/home/swati/Quad_DR/RotorTM/install/rotor_tm_keyboard2wrench/lib/python3.10/site-packages:/home/swati/Quad_DR/RotorTM/install/rotor_tm_config/lib/python3.10/site-packages:/opt/ros/humble/lib/python3.10/site-packages:/opt/ros/humble/local/lib/python3.10/dist-packages:/PythonAPI/carla/dist/carla-0.9.14-py3.10-linux-x86_64.egg:/home/swati/carla_sim10/Carla-0.10.0-Linux-Shipping/PythonAPI/carla', 'CPATH': '/home/swati/.local/lib/python3.10/site-packages/casadi/include:', 'COLCON': '1', 'VTE_VERSION': '6800', 'CMAKE_PREFIX_PATH': '/home/swati/Quad_DR/RotorTM/install/rotor_tm_msgs'}, 'shell': False}
[1.283812] (rotor_tm_traj) Command: {'cmd': ['/usr/bin/python3', '-W', 'ignore:setup.py install is deprecated', 'setup.py', 'egg_info', '--egg-base', '../../build/rotor_tm_traj', 'build', '--build-base', '/home/swati/Quad_DR/RotorTM/build/rotor_tm_traj/build', 'install', '--record', '/home/swati/Quad_DR/RotorTM/build/rotor_tm_traj/install.log', '--single-version-externally-managed', 'install_data'], 'cwd': '/home/swati/Quad_DR/RotorTM/src/rotor_tm_traj', 'env': {'LESSOPEN': '| /usr/bin/lesspipe %s', 'USER': 'swati', 'XDG_SESSION_TYPE': 'x11', 'SHLVL': '1', 'LD_LIBRARY_PATH': '/home/swati/Quad_DR/RotorTM/install/rotor_tm_msgs/lib:/opt/hsl/ma27:/usr/lib/x86_64-linux-gnu/gazebo-11/plugins:/opt/ros/humble/opt/rviz_ogre_vendor/lib:/opt/ros/humble/lib/x86_64-linux-gnu:/opt/ros/humble/lib::/usr/share/gazebo/../../lib/x86_64-linux-gnu/gazebo-11/plugins::/home/swati/acados/lib:/home/swati/acados/mpcenv/lib:/home/swati/.casadi_cpp/lib:/opt/hsl/lib', 'ACADOS_SOURCE_DIR': '/home/swati/acados', 'HOME': '/home/swati', 'OLDPWD': '/home/swati/Quad_DR/RotorTM/src', 'DESKTOP_SESSION': 'ubuntu', 'GAZEBO_MASTER_URI': 'http://localhost:11345', 'ROS_PYTHON_VERSION': '3', 'GNOME_SHELL_SESSION_MODE': 'ubuntu', 'GTK_MODULES': 'gail:atk-bridge', 'SYSTEMD_EXEC_PID': '3446', 'DBUS_SESSION_BUS_ADDRESS': 'unix:path=/run/user/1000/bus', 'COLORTERM': 'truecolor', 'CARLA_ROOT': '/home/swati/carla_sim/', 'COLCON_PREFIX_PATH': '/home/swati/Quad_DR/RotorTM/install', 'ROS_DISTRO': 'humble', 'GTK_IM_MODULE': 'ibus', 'LOGNAME': 'swati', '_': '/usr/bin/colcon', 'ROS_VERSION': '2', 'XDG_SESSION_CLASS': 'user', 'USERNAME': 'swati', 'TERM': 'xterm-256color', 'GAZEBO_MODEL_PATH': '/usr/share/gazebo/../../share/gazebo-11/models:', 'GNOME_DESKTOP_SESSION_ID': 'this-is-deprecated', 'ROS_LOCALHOST_ONLY': '0', 'WINDOWPATH': '2', 'OGRE_RESOURCE_PATH': '/usr/lib/x86_64-linux-gnu/OGRE-1.9.0', 'PATH': '/opt/cmake-3.28.3-linux-x86_64/bin:/opt/ros/humble/bin:/home/swati/miniconda3/bin:/home/swati/.cargo/bin:/home/swati/.local/bin:/usr/local/sbin:/usr/local/bin:/usr/sbin:/usr/bin:/sbin:/bin:/usr/games:/usr/local/games:/snap/bin:/snap/bin', 'SESSION_MANAGER': 'local/swati-Legion-Slim-5-16IRH8:@/tmp/.ICE-unix/3157,unix/swati-Legion-Slim-5-16IRH8:/tmp/.ICE-unix/3157', 'XDG_MENU_PREFIX': 'gnome-', 'GNOME_TERMINAL_SCREEN': '/org/gnome/Terminal/screen/4377c507_a8f8_440a_80a2_e0efbbdc9216', 'XDG_RUNTIME_DIR': '/run/user/1000', 'DISPLAY': ':1', 'LANG': 'en_US.UTF-8', 'XDG_CURRENT_DESKTOP': 'ubuntu:GNOME', 'XMODIFIERS': '@im=ibus', 'XDG_SESSION_DESKTOP': 'ubuntu', 'XAUTHORITY': '/run/user/1000/gdm/Xauthority', 'LS_COLORS': 'rs=0:di=01;34:ln=01;36:mh=00:pi=40;33:so=01;35:do=01;35:bd=40;33;01:cd=40;33;01:or=40;31;01:mi=00:su=37;41:sg=30;43:ca=30;41:tw=30;42:ow=34;42:st=37;44:ex=01;32:*.tar=01;31:*.tgz=01;31:*.arc=01;31:*.arj=01;31:*.taz=01;31:*.lha=01;31:*.lz4=01;31:*.lzh=01;31:*.lzma=01;31:*.tlz=01;31:*.txz=01;31:*.tzo=01;31:*.t7z=01;31:*.zip=01;31:*.z=01;31:*.dz=01;31:*.gz=01;31:*.lrz=01;31:*.lz=01;31:*.lzo=01;31:*.xz=01;31:*.zst=01;31:*.tzst=01;31:*.bz2=01;31:*.bz=01;31:*.tbz=01;31:*.tbz2=01;31:*.tz=01;31:*.deb=01;31:*.rpm=01;31:*.jar=01;31:*.war=01;31:*.ear=01;31:*.sar=01;31:*.rar=01;31:*.alz=01;31:*.ace=01;31:*.zoo=01;31:*.cpio=01;31:*.7z=01;31:*.rz=01;31:*.cab=01;31:*.wim=01;31:*.swm=01;31:*.dwm=01;31:*.esd=01;31:*.jpg=01;35:*.jpeg=01;35:*.mjpg=01;35:*.mjpeg=01;35:*.gif=01;35:*.bmp=01;35:*.pbm=01;35:*.pgm=01;35:*.ppm=01;35:*.tga=01;35:*.xbm=01;35:*.xpm=01;35:*.tif=01;35:*.tiff=01;35:*.png=01;35:*.svg=01;35:*.svgz=01;35:*.mng=01;35:*.pcx=01;35:*.mov=01;35:*.mpg=01;35:*.mpeg=01;35:*.m2v=01;35:*.mkv=01;35:*.webm=01;35:*.webp=01;35:*.ogm=01;35:*.mp4=01;35:*.m4v=01;35:*.mp4v=01;35:*.vob=01;35:*.qt=01;35:*.nuv=01;35:*.wmv=01;35:*.asf=01;35:*.rm=01;35:*.rmvb=01;35:*.flc=01;35:*.avi=01;35:*.fli=01;35:*.flv=01;35:*.gl=01;35:*.dl=01;35:*.xcf=01;35:*.xwd=01;35:*.yuv=01;35:*.cgm=01;35:*.emf=01;35:*.ogv=01;35:*.ogx=01;35:*.aac=00;36:*.au=00;36:*.flac=00;36:*.m4a=00;36:*.mid=00;36:*.midi=00;36:*.mka=00;36:*.mp3=00;36:*.mpc=00;36:*.ogg=00;36:*.ra=00;36:*.wav=00;36:*.oga=00;36:*.opus=00;36:*.spx=00;36:*.xspf=00;36:', 'GNOME_TERMINAL_SERVICE': ':1.135', 'SSH_AGENT_LAUNCHER': 'gnome-keyring', 'SSH_AUTH_SOCK': '/run/user/1000/keyring/ssh', 'AMENT_PREFIX_PATH': '/home/swati/Quad_DR/RotorTM/install/rotor_tm_sim:/home/swati/Quad_DR/RotorTM/install/rotor_tm_control:/home/swati/Quad_DR/RotorTM/install/rotor_tm_utils:/home/swati/Quad_DR/RotorTM/install/rotor_tm_traj:/home/swati/Quad_DR/RotorTM/install/rotor_tm_msgs:/home/swati/Quad_DR/RotorTM/install/rotor_tm_keyboard2wrench:/home/swati/Quad_DR/RotorTM/install/rotor_tm_config:/opt/ros/humble', 'SHELL': '/bin/bash', 'QT_ACCESSIBILITY': '1', 'GDMSESSION': 'ubuntu', 'LESSCLOSE': '/usr/bin/lesspipe %s %s', 'GPG_AGENT_INFO': '/run/user/1000/gnupg/S.gpg-agent:0:1', 'GAZEBO_RESOURCE_PATH': '/usr/share/gazebo/../../share/gazebo-11:', 'GAZEBO_MODEL_DATABASE_URI': 'http://models.gazebosim.org', 'QT_IM_MODULE': 'ibus', 'PWD': '/home/swati/Quad_DR/RotorTM/build/rotor_tm_traj', 'LC_ALL': 'en_US.UTF-8', 'XDG_CONFIG_DIRS': '/etc/xdg/xdg-ubuntu:/etc/xdg', 'GAZEBO_PLUGIN_PATH': '/usr/share/gazebo/../../lib/x86_64-linux-gnu/gazebo-11/plugins:', 'XDG_DATA_DIRS': '/usr/share/ubuntu:/usr/share/gnome:/usr/local/share/:/usr/share/:/var/lib/snapd/desktop', 'PYTHONPATH': '/home/swati/Quad_DR/RotorTM/build/rotor_tm_traj/prefix_override:/usr/lib/python3/dist-packages/colcon_core/task/python/colcon_distutils_commands:/home/swati/Quad_DR/RotorTM/install/rotor_tm_traj/lib/python3.10/site-packages:/home/swati/Quad_DR/RotorTM/install/rotor_tm_sim/lib/python3.10/site-packages:/home/swati/Quad_DR/RotorTM/install/rotor_tm_control/lib/python3.10/site-packages:/home/swati/Quad_DR/RotorTM/install/rotor_tm_utils/lib/python3.10/site-packages:/home/swati/Quad_DR/RotorTM/install/rotor_tm_traj/lib/python3.10/site-packages:/home/swati/Quad_DR/RotorTM/install/rotor_tm_msgs/local/lib/python3.10/dist-packages:/home/swati/Quad_DR/RotorTM/install/rotor_tm_keyboard2wrench/lib/python3.10/site-packages:/home/swati/Quad_DR/RotorTM/install/rotor_tm_config/lib/python3.10/site-packages:/opt/ros/humble/lib/python3.10/site-packages:/opt/ros/humble/local/lib/python3.10/dist-packages:/PythonAPI/carla/dist/carla-0.9.14-py3.10-linux-x86_64.egg:/home/swati/carla_sim10/Carla-0.10.0-Linux-Shipping/PythonAPI/carla', 'CPATH': '/home/swati/.local/lib/python3.10/site-packages/casadi/include:', 'COLCON': '1', 'VTE_VERSION': '6800', 'CMAKE_PREFIX_PATH': '/home/swati/Quad_DR/RotorTM/install/rotor_tm_msgs'}, 'shell': False}
[1.285307] (rotor_tm_utils) Command: {'cmd': ['/usr/bin/python3', '-W', 'ignore:setup.py install is deprecated', 'setup.py', 'egg_info', '--egg-base', '../../build/rotor_tm_utils', 'build', '--build-base', '/home/swati/Quad_DR/RotorTM/build/rotor_tm_utils/build', 'install', '--record', '/home/swati/Quad_DR/RotorTM/build/rotor_tm_utils/install.log', '--single-version-externally-managed', 'install_data'], 'cwd': '/home/swati/Quad_DR/RotorTM/src/rotor_tm_utils', 'env': {'LESSOPEN': '| /usr/bin/lesspipe %s', 'USER': 'swati', 'XDG_SESSION_TYPE': 'x11', 'SHLVL': '1', 'LD_LIBRARY_PATH': '/home/swati/Quad_DR/RotorTM/install/rotor_tm_msgs/lib:/opt/hsl/ma27:/usr/lib/x86_64-linux-gnu/gazebo-11/plugins:/opt/ros/humble/opt/rviz_ogre_vendor/lib:/opt/ros/humble/lib/x86_64-linux-gnu:/opt/ros/humble/lib::/usr/share/gazebo/../../lib/x86_64-linux-gnu/gazebo-11/plugins::/home/swati/acados/lib:/home/swati/acados/mpcenv/lib:/home/swati/.casadi_cpp/lib:/opt/hsl/lib', 'ACADOS_SOURCE_DIR': '/home/swati/acados', 'HOME': '/home/swati', 'OLDPWD': '/home/swati/Quad_DR/RotorTM/src', 'DESKTOP_SESSION': 'ubuntu', 'GAZEBO_MASTER_URI': 'http://localhost:11345', 'ROS_PYTHON_VERSION': '3', 'GNOME_SHELL_SESSION_MODE': 'ubuntu', 'GTK_MODULES': 'gail:atk-bridge', 'SYSTEMD_EXEC_PID': '3446', 'DBUS_SESSION_BUS_ADDRESS': 'unix:path=/run/user/1000/bus', 'COLORTERM': 'truecolor', 'CARLA_ROOT': '/home/swati/carla_sim/', 'COLCON_PREFIX_PATH': '/home/swati/Quad_DR/RotorTM/install', 'ROS_DISTRO': 'humble', 'GTK_IM_MODULE': 'ibus', 'LOGNAME': 'swati', '_': '/usr/bin/colcon', 'ROS_VERSION': '2', 'XDG_SESSION_CLASS': 'user', 'USERNAME': 'swati', 'TERM': 'xterm-256color', 'GAZEBO_MODEL_PATH': '/usr/share/gazebo/../../share/gazebo-11/models:', 'GNOME_DESKTOP_SESSION_ID': 'this-is-deprecated', 'ROS_LOCALHOST_ONLY': '0', 'WINDOWPATH': '2', 'OGRE_RESOURCE_PATH': '/usr/lib/x86_64-linux-gnu/OGRE-1.9.0', 'PATH': '/opt/cmake-3.28.3-linux-x86_64/bin:/opt/ros/humble/bin:/home/swati/miniconda3/bin:/home/swati/.cargo/bin:/home/swati/.local/bin:/usr/local/sbin:/usr/local/bin:/usr/sbin:/usr/bin:/sbin:/bin:/usr/games:/usr/local/games:/snap/bin:/snap/bin', 'SESSION_MANAGER': 'local/swati-Legion-Slim-5-16IRH8:@/tmp/.ICE-unix/3157,unix/swati-Legion-Slim-5-16IRH8:/tmp/.ICE-unix/3157', 'XDG_MENU_PREFIX': 'gnome-', 'GNOME_TERMINAL_SCREEN': '/org/gnome/Terminal/screen/4377c507_a8f8_440a_80a2_e0efbbdc9216', 'XDG_RUNTIME_DIR': '/run/user/1000', 'DISPLAY': ':1', 'LANG': 'en_US.UTF-8', 'XDG_CURRENT_DESKTOP': 'ubuntu:GNOME', 'XMODIFIERS': '@im=ibus', 'XDG_SESSION_DESKTOP': 'ubuntu', 'XAUTHORITY': '/run/user/1000/gdm/Xauthority', 'LS_COLORS': 'rs=0:di=01;34:ln=01;36:mh=00:pi=40;33:so=01;35:do=01;35:bd=40;33;01:cd=40;33;01:or=40;31;01:mi=00:su=37;41:sg=30;43:ca=30;41:tw=30;42:ow=34;42:st=37;44:ex=01;32:*.tar=01;31:*.tgz=01;31:*.arc=01;31:*.arj=01;31:*.taz=01;31:*.lha=01;31:*.lz4=01;31:*.lzh=01;31:*.lzma=01;31:*.tlz=01;31:*.txz=01;31:*.tzo=01;31:*.t7z=01;31:*.zip=01;31:*.z=01;31:*.dz=01;31:*.gz=01;31:*.lrz=01;31:*.lz=01;31:*.lzo=01;31:*.xz=01;31:*.zst=01;31:*.tzst=01;31:*.bz2=01;31:*.bz=01;31:*.tbz=01;31:*.tbz2=01;31:*.tz=01;31:*.deb=01;31:*.rpm=01;31:*.jar=01;31:*.war=01;31:*.ear=01;31:*.sar=01;31:*.rar=01;31:*.alz=01;31:*.ace=01;31:*.zoo=01;31:*.cpio=01;31:*.7z=01;31:*.rz=01;31:*.cab=01;31:*.wim=01;31:*.swm=01;31:*.dwm=01;31:*.esd=01;31:*.jpg=01;35:*.jpeg=01;35:*.mjpg=01;35:*.mjpeg=01;35:*.gif=01;35:*.bmp=01;35:*.pbm=01;35:*.pgm=01;35:*.ppm=01;35:*.tga=01;35:*.xbm=01;35:*.xpm=01;35:*.tif=01;35:*.tiff=01;35:*.png=01;35:*.svg=01;35:*.svgz=01;35:*.mng=01;35:*.pcx=01;35:*.mov=01;35:*.mpg=01;35:*.mpeg=01;35:*.m2v=01;35:*.mkv=01;35:*.webm=01;35:*.webp=01;35:*.ogm=01;35:*.mp4=01;35:*.m4v=01;35:*.mp4v=01;35:*.vob=01;35:*.qt=01;35:*.nuv=01;35:*.wmv=01;35:*.asf=01;35:*.rm=01;35:*.rmvb=01;35:*.flc=01;35:*.avi=01;35:*.fli=01;35:*.flv=01;35:*.gl=01;35:*.dl=01;35:*.xcf=01;35:*.xwd=01;35:*.yuv=01;35:*.cgm=01;35:*.emf=01;35:*.ogv=01;35:*.ogx=01;35:*.aac=00;36:*.au=00;36:*.flac=00;36:*.m4a=00;36:*.mid=00;36:*.midi=00;36:*.mka=00;36:*.mp3=00;36:*.mpc=00;36:*.ogg=00;36:*.ra=00;36:*.wav=00;36:*.oga=00;36:*.opus=00;36:*.spx=00;36:*.xspf=00;36:', 'GNOME_TERMINAL_SERVICE': ':1.135', 'SSH_AGENT_LAUNCHER': 'gnome-keyring', 'SSH_AUTH_SOCK': '/run/user/1000/keyring/ssh', 'AMENT_PREFIX_PATH': '/home/swati/Quad_DR/RotorTM/install/rotor_tm_sim:/home/swati/Quad_DR/RotorTM/install/rotor_tm_control:/home/swati/Quad_DR/RotorTM/install/rotor_tm_utils:/home/swati/Quad_DR/RotorTM/install/rotor_tm_traj:/home/swati/Quad_DR/RotorTM/install/rotor_tm_msgs:/home/swati/Quad_DR/RotorTM/install/rotor_tm_keyboard2wrench:/home/swati/Quad_DR/RotorTM/install/rotor_tm_config:/opt/ros/humble', 'SHELL': '/bin/bash', 'QT_ACCESSIBILITY': '1', 'GDMSESSION': 'ubuntu', 'LESSCLOSE': '/usr/bin/lesspipe %s %s', 'GPG_AGENT_INFO': '/run/user/1000/gnupg/S.gpg-agent:0:1', 'GAZEBO_RESOURCE_PATH': '/usr/share/gazebo/../../share/gazebo-11:', 'GAZEBO_MODEL_DATABASE_URI': 'http://models.gazebosim.org', 'QT_IM_MODULE': 'ibus', 'PWD': '/home/swati/Quad_DR/RotorTM/build/rotor_tm_utils', 'LC_ALL': 'en_US.UTF-8', 'XDG_CONFIG_DIRS': '/etc/xdg/xdg-ubuntu:/etc/xdg', 'GAZEBO_PLUGIN_PATH': '/usr/share/gazebo/../../lib/x86_64-linux-gnu/gazebo-11/plugins:', 'XDG_DATA_DIRS': '/usr/share/ubuntu:/usr/share/gnome:/usr/local/share/:/usr/share/:/var/lib/snapd/desktop', 'PYTHONPATH': '/home/swati/Quad_DR/RotorTM/build/rotor_tm_utils/prefix_override:/usr/lib/python3/dist-packages/colcon_core/task/python/colcon_distutils_commands:/home/swati/Quad_DR/RotorTM/install/rotor_tm_utils/lib/python3.10/site-packages:/home/swati/Quad_DR/RotorTM/install/rotor_tm_sim/lib/python3.10/site-packages:/home/swati/Quad_DR/RotorTM/install/rotor_tm_control/lib/python3.10/site-packages:/home/swati/Quad_DR/RotorTM/install/rotor_tm_utils/lib/python3.10/site-packages:/home/swati/Quad_DR/RotorTM/install/rotor_tm_traj/lib/python3.10/site-packages:/home/swati/Quad_DR/RotorTM/install/rotor_tm_msgs/local/lib/python3.10/dist-packages:/home/swati/Quad_DR/RotorTM/install/rotor_tm_keyboard2wrench/lib/python3.10/site-packages:/home/swati/Quad_DR/RotorTM/install/rotor_tm_config/lib/python3.10/site-packages:/opt/ros/humble/lib/python3.10/site-packages:/opt/ros/humble/local/lib/python3.10/dist-packages:/PythonAPI/carla/dist/carla-0.9.14-py3.10-linux-x86_64.egg:/home/swati/carla_sim10/Carla-0.10.0-Linux-Shipping/PythonAPI/carla', 'CPATH': '/home/swati/.local/lib/python3.10/site-packages/casadi/include:', 'COLCON': '1', 'VTE_VERSION': '6800', 'CMAKE_PREFIX_PATH': '/home/swati/Quad_DR/RotorTM/install/rotor_tm_msgs'}, 'shell': False}
[1.302474] (-) TimerEvent: {}
[1.356862] (rotor_tm_msgs) JobEnded: {'identifier': 'rotor_tm_msgs', 'rc': 0}
[1.381312] (rotor_tm_config) Command: {'cmd': ['/usr/bin/python3', '-W', 'ignore:setup.py install is deprecated', 'setup.py', 'egg_info', '--egg-base', '../../build/rotor_tm_config', 'build', '--build-base', '/home/swati/Quad_DR/RotorTM/build/rotor_tm_config/build', 'install', '--record', '/home/swati/Quad_DR/RotorTM/build/rotor_tm_config/install.log', '--single-version-externally-managed', 'install_data'], 'cwd': '/home/swati/Quad_DR/RotorTM/src/rotor_tm_config', 'env': {'LESSOPEN': '| /usr/bin/lesspipe %s', 'USER': 'swati', 'XDG_SESSION_TYPE': 'x11', 'SHLVL': '1', 'LD_LIBRARY_PATH': '/home/swati/Quad_DR/RotorTM/install/rotor_tm_msgs/lib:/opt/hsl/ma27:/usr/lib/x86_64-linux-gnu/gazebo-11/plugins:/opt/ros/humble/opt/rviz_ogre_vendor/lib:/opt/ros/humble/lib/x86_64-linux-gnu:/opt/ros/humble/lib::/usr/share/gazebo/../../lib/x86_64-linux-gnu/gazebo-11/plugins::/home/swati/acados/lib:/home/swati/acados/mpcenv/lib:/home/swati/.casadi_cpp/lib:/opt/hsl/lib', 'ACADOS_SOURCE_DIR': '/home/swati/acados', 'HOME': '/home/swati', 'OLDPWD': '/home/swati/Quad_DR/RotorTM/src', 'DESKTOP_SESSION': 'ubuntu', 'GAZEBO_MASTER_URI': 'http://localhost:11345', 'ROS_PYTHON_VERSION': '3', 'GNOME_SHELL_SESSION_MODE': 'ubuntu', 'GTK_MODULES': 'gail:atk-bridge', 'SYSTEMD_EXEC_PID': '3446', 'DBUS_SESSION_BUS_ADDRESS': 'unix:path=/run/user/1000/bus', 'COLORTERM': 'truecolor', 'CARLA_ROOT': '/home/swati/carla_sim/', 'COLCON_PREFIX_PATH': '/home/swati/Quad_DR/RotorTM/install', 'ROS_DISTRO': 'humble', 'GTK_IM_MODULE': 'ibus', 'LOGNAME': 'swati', '_': '/usr/bin/colcon', 'ROS_VERSION': '2', 'XDG_SESSION_CLASS': 'user', 'USERNAME': 'swati', 'TERM': 'xterm-256color', 'GAZEBO_MODEL_PATH': '/usr/share/gazebo/../../share/gazebo-11/models:', 'GNOME_DESKTOP_SESSION_ID': 'this-is-deprecated', 'ROS_LOCALHOST_ONLY': '0', 'WINDOWPATH': '2', 'OGRE_RESOURCE_PATH': '/usr/lib/x86_64-linux-gnu/OGRE-1.9.0', 'PATH': '/opt/cmake-3.28.3-linux-x86_64/bin:/opt/ros/humble/bin:/home/swati/miniconda3/bin:/home/swati/.cargo/bin:/home/swati/.local/bin:/usr/local/sbin:/usr/local/bin:/usr/sbin:/usr/bin:/sbin:/bin:/usr/games:/usr/local/games:/snap/bin:/snap/bin', 'SESSION_MANAGER': 'local/swati-Legion-Slim-5-16IRH8:@/tmp/.ICE-unix/3157,unix/swati-Legion-Slim-5-16IRH8:/tmp/.ICE-unix/3157', 'XDG_MENU_PREFIX': 'gnome-', 'GNOME_TERMINAL_SCREEN': '/org/gnome/Terminal/screen/4377c507_a8f8_440a_80a2_e0efbbdc9216', 'XDG_RUNTIME_DIR': '/run/user/1000', 'DISPLAY': ':1', 'LANG': 'en_US.UTF-8', 'XDG_CURRENT_DESKTOP': 'ubuntu:GNOME', 'XMODIFIERS': '@im=ibus', 'XDG_SESSION_DESKTOP': 'ubuntu', 'XAUTHORITY': '/run/user/1000/gdm/Xauthority', 'LS_COLORS': 'rs=0:di=01;34:ln=01;36:mh=00:pi=40;33:so=01;35:do=01;35:bd=40;33;01:cd=40;33;01:or=40;31;01:mi=00:su=37;41:sg=30;43:ca=30;41:tw=30;42:ow=34;42:st=37;44:ex=01;32:*.tar=01;31:*.tgz=01;31:*.arc=01;31:*.arj=01;31:*.taz=01;31:*.lha=01;31:*.lz4=01;31:*.lzh=01;31:*.lzma=01;31:*.tlz=01;31:*.txz=01;31:*.tzo=01;31:*.t7z=01;31:*.zip=01;31:*.z=01;31:*.dz=01;31:*.gz=01;31:*.lrz=01;31:*.lz=01;31:*.lzo=01;31:*.xz=01;31:*.zst=01;31:*.tzst=01;31:*.bz2=01;31:*.bz=01;31:*.tbz=01;31:*.tbz2=01;31:*.tz=01;31:*.deb=01;31:*.rpm=01;31:*.jar=01;31:*.war=01;31:*.ear=01;31:*.sar=01;31:*.rar=01;31:*.alz=01;31:*.ace=01;31:*.zoo=01;31:*.cpio=01;31:*.7z=01;31:*.rz=01;31:*.cab=01;31:*.wim=01;31:*.swm=01;31:*.dwm=01;31:*.esd=01;31:*.jpg=01;35:*.jpeg=01;35:*.mjpg=01;35:*.mjpeg=01;35:*.gif=01;35:*.bmp=01;35:*.pbm=01;35:*.pgm=01;35:*.ppm=01;35:*.tga=01;35:*.xbm=01;35:*.xpm=01;35:*.tif=01;35:*.tiff=01;35:*.png=01;35:*.svg=01;35:*.svgz=01;35:*.mng=01;35:*.pcx=01;35:*.mov=01;35:*.mpg=01;35:*.mpeg=01;35:*.m2v=01;35:*.mkv=01;35:*.webm=01;35:*.webp=01;35:*.ogm=01;35:*.mp4=01;35:*.m4v=01;35:*.mp4v=01;35:*.vob=01;35:*.qt=01;35:*.nuv=01;35:*.wmv=01;35:*.asf=01;35:*.rm=01;35:*.rmvb=01;35:*.flc=01;35:*.avi=01;35:*.fli=01;35:*.flv=01;35:*.gl=01;35:*.dl=01;35:*.xcf=01;35:*.xwd=01;35:*.yuv=01;35:*.cgm=01;35:*.emf=01;35:*.ogv=01;35:*.ogx=01;35:*.aac=00;36:*.au=00;36:*.flac=00;36:*.m4a=00;36:*.mid=00;36:*.midi=00;36:*.mka=00;36:*.mp3=00;36:*.mpc=00;36:*.ogg=00;36:*.ra=00;36:*.wav=00;36:*.oga=00;36:*.opus=00;36:*.spx=00;36:*.xspf=00;36:', 'GNOME_TERMINAL_SERVICE': ':1.135', 'SSH_AGENT_LAUNCHER': 'gnome-keyring', 'SSH_AUTH_SOCK': '/run/user/1000/keyring/ssh', 'AMENT_PREFIX_PATH': '/home/swati/Quad_DR/RotorTM/install/rotor_tm_sim:/home/swati/Quad_DR/RotorTM/install/rotor_tm_control:/home/swati/Quad_DR/RotorTM/install/rotor_tm_utils:/home/swati/Quad_DR/RotorTM/install/rotor_tm_traj:/home/swati/Quad_DR/RotorTM/install/rotor_tm_msgs:/home/swati/Quad_DR/RotorTM/install/rotor_tm_keyboard2wrench:/home/swati/Quad_DR/RotorTM/install/rotor_tm_config:/opt/ros/humble', 'SHELL': '/bin/bash', 'QT_ACCESSIBILITY': '1', 'GDMSESSION': 'ubuntu', 'LESSCLOSE': '/usr/bin/lesspipe %s %s', 'GPG_AGENT_INFO': '/run/user/1000/gnupg/S.gpg-agent:0:1', 'GAZEBO_RESOURCE_PATH': '/usr/share/gazebo/../../share/gazebo-11:', 'GAZEBO_MODEL_DATABASE_URI': 'http://models.gazebosim.org', 'QT_IM_MODULE': 'ibus', 'PWD': '/home/swati/Quad_DR/RotorTM/build/rotor_tm_config', 'LC_ALL': 'en_US.UTF-8', 'XDG_CONFIG_DIRS': '/etc/xdg/xdg-ubuntu:/etc/xdg', 'GAZEBO_PLUGIN_PATH': '/usr/share/gazebo/../../lib/x86_64-linux-gnu/gazebo-11/plugins:', 'XDG_DATA_DIRS': '/usr/share/ubuntu:/usr/share/gnome:/usr/local/share/:/usr/share/:/var/lib/snapd/desktop', 'PYTHONPATH': '/home/swati/Quad_DR/RotorTM/build/rotor_tm_config/prefix_override:/usr/lib/python3/dist-packages/colcon_core/task/python/colcon_distutils_commands:/home/swati/Quad_DR/RotorTM/install/rotor_tm_config/lib/python3.10/site-packages:/home/swati/Quad_DR/RotorTM/install/rotor_tm_sim/lib/python3.10/site-packages:/home/swati/Quad_DR/RotorTM/install/rotor_tm_control/lib/python3.10/site-packages:/home/swati/Quad_DR/RotorTM/install/rotor_tm_utils/lib/python3.10/site-packages:/home/swati/Quad_DR/RotorTM/install/rotor_tm_traj/lib/python3.10/site-packages:/home/swati/Quad_DR/RotorTM/install/rotor_tm_msgs/local/lib/python3.10/dist-packages:/home/swati/Quad_DR/RotorTM/install/rotor_tm_keyboard2wrench/lib/python3.10/site-packages:/home/swati/Quad_DR/RotorTM/install/rotor_tm_config/lib/python3.10/site-packages:/opt/ros/humble/lib/python3.10/site-packages:/opt/ros/humble/local/lib/python3.10/dist-packages:/PythonAPI/carla/dist/carla-0.9.14-py3.10-linux-x86_64.egg:/home/swati/carla_sim10/Carla-0.10.0-Linux-Shipping/PythonAPI/carla', 'CPATH': '/home/swati/.local/lib/python3.10/site-packages/casadi/include:', 'COLCON': '1', 'VTE_VERSION': '6800', 'CMAKE_PREFIX_PATH': '/home/swati/Quad_DR/RotorTM/install/rotor_tm_msgs'}, 'shell': False}
[1.392421] (rotor_tm_traj) StderrLine: {'line': b"/home/swati/.local/lib/python3.10/site-packages/setuptools/_distutils/dist.py:261: UserWarning: Unknown distribution option: 'tests_require'\n"}
[1.392506] (rotor_tm_traj) StderrLine: {'line': b'  warnings.warn(msg)\n'}
[1.392702] (rotor_tm_utils) StderrLine: {'line': b"/home/swati/.local/lib/python3.10/site-packages/setuptools/_distutils/dist.py:261: UserWarning: Unknown distribution option: 'tests_require'\n"}
[1.392753] (rotor_tm_utils) StderrLine: {'line': b'  warnings.warn(msg)\n'}
[1.402541] (-) TimerEvent: {}
[1.408209] (rotor_tm_keyboard2wrench) StderrLine: {'line': b"/home/swati/.local/lib/python3.10/site-packages/setuptools/_distutils/dist.py:261: UserWarning: Unknown distribution option: 'tests_require'\n"}
[1.408311] (rotor_tm_keyboard2wrench) StderrLine: {'line': b'  warnings.warn(msg)\n'}
[1.474923] (rotor_tm_utils) StdoutLine: {'line': b'running egg_info\n'}
[1.475466] (rotor_tm_traj) StdoutLine: {'line': b'running egg_info\n'}
[1.485406] (rotor_tm_utils) StdoutLine: {'line': b'writing ../../build/rotor_tm_utils/rotor_tm_utils.egg-info/PKG-INFO\n'}
[1.485680] (rotor_tm_utils) StdoutLine: {'line': b'writing dependency_links to ../../build/rotor_tm_utils/rotor_tm_utils.egg-info/dependency_links.txt\n'}
[1.485885] (rotor_tm_utils) StdoutLine: {'line': b'writing requirements to ../../build/rotor_tm_utils/rotor_tm_utils.egg-info/requires.txt\n'}
[1.485964] (rotor_tm_utils) StdoutLine: {'line': b'writing top-level names to ../../build/rotor_tm_utils/rotor_tm_utils.egg-info/top_level.txt\n'}
[1.486143] (rotor_tm_traj) StdoutLine: {'line': b'writing ../../build/rotor_tm_traj/rotor_tm_traj.egg-info/PKG-INFO\n'}
[1.486475] (rotor_tm_traj) StdoutLine: {'line': b'writing dependency_links to ../../build/rotor_tm_traj/rotor_tm_traj.egg-info/dependency_links.txt\n'}
[1.486555] (rotor_tm_traj) StdoutLine: {'line': b'writing entry points to ../../build/rotor_tm_traj/rotor_tm_traj.egg-info/entry_points.txt\n'}
[1.486659] (rotor_tm_traj) StdoutLine: {'line': b'writing requirements to ../../build/rotor_tm_traj/rotor_tm_traj.egg-info/requires.txt\n'}
[1.486720] (rotor_tm_traj) StdoutLine: {'line': b'writing top-level names to ../../build/rotor_tm_traj/rotor_tm_traj.egg-info/top_level.txt\n'}
[1.491916] (rotor_tm_keyboard2wrench) StdoutLine: {'line': b'running egg_info\n'}
[1.492677] (rotor_tm_config) StderrLine: {'line': b"/home/swati/.local/lib/python3.10/site-packages/setuptools/_distutils/dist.py:261: UserWarning: Unknown distribution option: 'tests_require'\n"}
[1.492728] (rotor_tm_config) StderrLine: {'line': b'  warnings.warn(msg)\n'}
[1.502633] (rotor_tm_keyboard2wrench) StdoutLine: {'line': b'writing ../../build/rotor_tm_keyboard2wrench/rotor_tm_keyboard2wrench.egg-info/PKG-INFO\n'}
[1.502671] (-) TimerEvent: {}
[1.502939] (rotor_tm_keyboard2wrench) StdoutLine: {'line': b'writing dependency_links to ../../build/rotor_tm_keyboard2wrench/rotor_tm_keyboard2wrench.egg-info/dependency_links.txt\n'}
[1.503117] (rotor_tm_keyboard2wrench) StdoutLine: {'line': b'writing entry points to ../../build/rotor_tm_keyboard2wrench/rotor_tm_keyboard2wrench.egg-info/entry_points.txt\n'}
[1.503199] (rotor_tm_keyboard2wrench) StdoutLine: {'line': b'writing requirements to ../../build/rotor_tm_keyboard2wrench/rotor_tm_keyboard2wrench.egg-info/requires.txt\n'}
[1.503234] (rotor_tm_keyboard2wrench) StdoutLine: {'line': b'writing top-level names to ../../build/rotor_tm_keyboard2wrench/rotor_tm_keyboard2wrench.egg-info/top_level.txt\n'}
[1.518197] (rotor_tm_utils) StdoutLine: {'line': b"reading manifest file '../../build/rotor_tm_utils/rotor_tm_utils.egg-info/SOURCES.txt'\n"}
[1.518430] (rotor_tm_utils) StdoutLine: {'line': b"adding license file 'LICENSE'\n"}
[1.519257] (rotor_tm_utils) StdoutLine: {'line': b"writing manifest file '../../build/rotor_tm_utils/rotor_tm_utils.egg-info/SOURCES.txt'\n"}
[1.519445] (rotor_tm_utils) StdoutLine: {'line': b'running build\n'}
[1.519490] (rotor_tm_utils) StdoutLine: {'line': b'running build_py\n'}
[1.519523] (rotor_tm_traj) StdoutLine: {'line': b"reading manifest file '../../build/rotor_tm_traj/rotor_tm_traj.egg-info/SOURCES.txt'\n"}
[1.519669] (rotor_tm_utils) StdoutLine: {'line': b'copying rotor_tm_utils/rosutilslib.py -> /home/swati/Quad_DR/RotorTM/build/rotor_tm_utils/build/lib/rotor_tm_utils\n'}
[1.519864] (rotor_tm_utils) StdoutLine: {'line': b'copying rotor_tm_utils/__init__.py -> /home/swati/Quad_DR/RotorTM/build/rotor_tm_utils/build/lib/rotor_tm_utils\n'}
[1.519907] (rotor_tm_utils) StdoutLine: {'line': b'copying rotor_tm_utils/QuatToRot.py -> /home/swati/Quad_DR/RotorTM/build/rotor_tm_utils/build/lib/rotor_tm_utils\n'}
[1.519940] (rotor_tm_traj) StdoutLine: {'line': b"adding license file 'LICENSE'\n"}
[1.519972] (rotor_tm_utils) StdoutLine: {'line': b'copying rotor_tm_utils/read_params.py -> /home/swati/Quad_DR/RotorTM/build/rotor_tm_utils/build/lib/rotor_tm_utils\n'}
[1.520106] (rotor_tm_utils) StdoutLine: {'line': b'running install\n'}
[1.520649] (rotor_tm_traj) StdoutLine: {'line': b"writing manifest file '../../build/rotor_tm_traj/rotor_tm_traj.egg-info/SOURCES.txt'\n"}
[1.520691] (rotor_tm_traj) StdoutLine: {'line': b'running build\n'}
[1.520722] (rotor_tm_traj) StdoutLine: {'line': b'running build_py\n'}
[1.520785] (rotor_tm_traj) StdoutLine: {'line': b'copying rotor_tm_traj/traj.py -> /home/swati/Quad_DR/RotorTM/build/rotor_tm_traj/build/lib/rotor_tm_traj\n'}
[1.520982] (rotor_tm_traj) StdoutLine: {'line': b'copying rotor_tm_traj/traj_node.py -> /home/swati/Quad_DR/RotorTM/build/rotor_tm_traj/build/lib/rotor_tm_traj\n'}
[1.521678] (rotor_tm_traj) StdoutLine: {'line': b'copying rotor_tm_traj/Optimization/entire_path/__init__.py -> /home/swati/Quad_DR/RotorTM/build/rotor_tm_traj/build/lib/rotor_tm_traj/Optimization/entire_path\n'}
[1.521978] (rotor_tm_traj) StdoutLine: {'line': b'running install\n'}
[1.523148] (rotor_tm_utils) StdoutLine: {'line': b'running install_lib\n'}
[1.525087] (rotor_tm_traj) StdoutLine: {'line': b'running install_lib\n'}
[1.534530] (rotor_tm_utils) StdoutLine: {'line': b'running install_data\n'}
[1.534764] (rotor_tm_utils) StdoutLine: {'line': b'copying resource/rotor_tm_utils -> /home/swati/Quad_DR/RotorTM/install/rotor_tm_utils/share/ament_index/resource_index/packages\n'}
[1.535037] (rotor_tm_utils) StdoutLine: {'line': b'copying package.xml -> /home/swati/Quad_DR/RotorTM/install/rotor_tm_utils/share/rotor_tm_utils\n'}
[1.535109] (rotor_tm_utils) StdoutLine: {'line': b'running install_egg_info\n'}
[1.536032] (rotor_tm_keyboard2wrench) StdoutLine: {'line': b"reading manifest file '../../build/rotor_tm_keyboard2wrench/rotor_tm_keyboard2wrench.egg-info/SOURCES.txt'\n"}
[1.536412] (rotor_tm_keyboard2wrench) StdoutLine: {'line': b"adding license file 'LICENSE'\n"}
[1.536722] (rotor_tm_traj) StdoutLine: {'line': b'running install_data\n'}
[1.536968] (rotor_tm_traj) StdoutLine: {'line': b'copying resource/rotor_tm_traj -> /home/swati/Quad_DR/RotorTM/install/rotor_tm_traj/share/ament_index/resource_index/packages\n'}
[1.537131] (rotor_tm_traj) StdoutLine: {'line': b'copying package.xml -> /home/swati/Quad_DR/RotorTM/install/rotor_tm_traj/share/rotor_tm_traj\n'}
[1.537253] (rotor_tm_traj) StdoutLine: {'line': b'running install_egg_info\n'}
[1.537674] (rotor_tm_keyboard2wrench) StdoutLine: {'line': b"writing manifest file '../../build/rotor_tm_keyboard2wrench/rotor_tm_keyboard2wrench.egg-info/SOURCES.txt'\n"}
[1.537801] (rotor_tm_keyboard2wrench) StdoutLine: {'line': b'running build\n'}
[1.537860] (rotor_tm_keyboard2wrench) StdoutLine: {'line': b'running build_py\n'}
[1.538185] (rotor_tm_keyboard2wrench) StdoutLine: {'line': b'copying rotor_tm_keyboard2wrench/ext_wrench_sub.py -> /home/swati/Quad_DR/RotorTM/build/rotor_tm_keyboard2wrench/build/lib/rotor_tm_keyboard2wrench\n'}
[1.538446] (rotor_tm_keyboard2wrench) StdoutLine: {'line': b'copying rotor_tm_keyboard2wrench/__init__.py -> /home/swati/Quad_DR/RotorTM/build/rotor_tm_keyboard2wrench/build/lib/rotor_tm_keyboard2wrench\n'}
[1.538595] (rotor_tm_keyboard2wrench) StdoutLine: {'line': b'copying rotor_tm_keyboard2wrench/keyboard2wrench.py -> /home/swati/Quad_DR/RotorTM/build/rotor_tm_keyboard2wrench/build/lib/rotor_tm_keyboard2wrench\n'}
[1.539021] (rotor_tm_keyboard2wrench) StdoutLine: {'line': b'running install\n'}
[1.543733] (rotor_tm_keyboard2wrench) StdoutLine: {'line': b'running install_lib\n'}
[1.546571] (rotor_tm_utils) StdoutLine: {'line': b"removing '/home/swati/Quad_DR/RotorTM/install/rotor_tm_utils/lib/python3.10/site-packages/rotor_tm_utils-0.0.0-py3.10.egg-info' (and everything under it)\n"}
[1.546795] (rotor_tm_utils) StdoutLine: {'line': b'Copying ../../build/rotor_tm_utils/rotor_tm_utils.egg-info to /home/swati/Quad_DR/RotorTM/install/rotor_tm_utils/lib/python3.10/site-packages/rotor_tm_utils-0.0.0-py3.10.egg-info\n'}
[1.547227] (rotor_tm_utils) StdoutLine: {'line': b'running install_scripts\n'}
[1.548876] (rotor_tm_traj) StdoutLine: {'line': b"removing '/home/swati/Quad_DR/RotorTM/install/rotor_tm_traj/lib/python3.10/site-packages/rotor_tm_traj-0.0.0-py3.10.egg-info' (and everything under it)\n"}
[1.549057] (rotor_tm_traj) StdoutLine: {'line': b'Copying ../../build/rotor_tm_traj/rotor_tm_traj.egg-info to /home/swati/Quad_DR/RotorTM/install/rotor_tm_traj/lib/python3.10/site-packages/rotor_tm_traj-0.0.0-py3.10.egg-info\n'}
[1.549581] (rotor_tm_traj) StdoutLine: {'line': b'running install_scripts\n'}
[1.561430] (rotor_tm_keyboard2wrench) StdoutLine: {'line': b'running install_data\n'}
[1.561597] (rotor_tm_keyboard2wrench) StdoutLine: {'line': b'copying resource/rotor_tm_keyboard2wrench -> /home/swati/Quad_DR/RotorTM/install/rotor_tm_keyboard2wrench/share/ament_index/resource_index/packages\n'}
[1.561708] (rotor_tm_keyboard2wrench) StdoutLine: {'line': b'copying package.xml -> /home/swati/Quad_DR/RotorTM/install/rotor_tm_keyboard2wrench/share/rotor_tm_keyboard2wrench\n'}
[1.561820] (rotor_tm_keyboard2wrench) StdoutLine: {'line': b'running install_egg_info\n'}
[1.573611] (rotor_tm_keyboard2wrench) StdoutLine: {'line': b"removing '/home/swati/Quad_DR/RotorTM/install/rotor_tm_keyboard2wrench/lib/python3.10/site-packages/rotor_tm_keyboard2wrench-0.0.0-py3.10.egg-info' (and everything under it)\n"}
[1.573809] (rotor_tm_keyboard2wrench) StdoutLine: {'line': b'Copying ../../build/rotor_tm_keyboard2wrench/rotor_tm_keyboard2wrench.egg-info to /home/swati/Quad_DR/RotorTM/install/rotor_tm_keyboard2wrench/lib/python3.10/site-packages/rotor_tm_keyboard2wrench-0.0.0-py3.10.egg-info\n'}
[1.574574] (rotor_tm_keyboard2wrench) StdoutLine: {'line': b'running install_scripts\n'}
[1.577710] (rotor_tm_config) StdoutLine: {'line': b'running egg_info\n'}
[1.588483] (rotor_tm_config) StdoutLine: {'line': b'writing ../../build/rotor_tm_config/rotor_tm_config.egg-info/PKG-INFO\n'}
[1.588728] (rotor_tm_config) StdoutLine: {'line': b'writing dependency_links to ../../build/rotor_tm_config/rotor_tm_config.egg-info/dependency_links.txt\n'}
[1.588917] (rotor_tm_config) StdoutLine: {'line': b'writing requirements to ../../build/rotor_tm_config/rotor_tm_config.egg-info/requires.txt\n'}
[1.589026] (rotor_tm_config) StdoutLine: {'line': b'writing top-level names to ../../build/rotor_tm_config/rotor_tm_config.egg-info/top_level.txt\n'}
[1.602888] (-) TimerEvent: {}
[1.622437] (rotor_tm_config) StdoutLine: {'line': b"reading manifest file '../../build/rotor_tm_config/rotor_tm_config.egg-info/SOURCES.txt'\n"}
[1.623309] (rotor_tm_config) StdoutLine: {'line': b"adding license file 'LICENSE'\n"}
[1.624248] (rotor_tm_config) StdoutLine: {'line': b"writing manifest file '../../build/rotor_tm_config/rotor_tm_config.egg-info/SOURCES.txt'\n"}
[1.624359] (rotor_tm_config) StdoutLine: {'line': b'running build\n'}
[1.624435] (rotor_tm_config) StdoutLine: {'line': b'running build_py\n'}
[1.624624] (rotor_tm_config) StdoutLine: {'line': b'copying rotor_tm_config/__init__.py -> /home/swati/Quad_DR/RotorTM/build/rotor_tm_config/build/lib/rotor_tm_config\n'}
[1.625322] (rotor_tm_config) StdoutLine: {'line': b'running install\n'}
[1.628614] (rotor_tm_config) StdoutLine: {'line': b'running install_lib\n'}
[1.633815] (rotor_tm_utils) StdoutLine: {'line': b"writing list of installed files to '/home/swati/Quad_DR/RotorTM/build/rotor_tm_utils/install.log'\n"}
[1.635738] (rotor_tm_traj) StdoutLine: {'line': b'Installing traj_node script to /home/swati/Quad_DR/RotorTM/install/rotor_tm_traj/lib/rotor_tm_traj\n'}
[1.636159] (rotor_tm_traj) StdoutLine: {'line': b"writing list of installed files to '/home/swati/Quad_DR/RotorTM/build/rotor_tm_traj/install.log'\n"}
[1.640978] (rotor_tm_config) StdoutLine: {'line': b'running install_data\n'}
[1.641181] (rotor_tm_config) StdoutLine: {'line': b'copying resource/rotor_tm_config -> /home/swati/Quad_DR/RotorTM/install/rotor_tm_config/share/ament_index/resource_index/packages\n'}
[1.641353] (rotor_tm_config) StdoutLine: {'line': b'copying package.xml -> /home/swati/Quad_DR/RotorTM/install/rotor_tm_config/share/rotor_tm_config\n'}
[1.641601] (rotor_tm_config) StdoutLine: {'line': b'copying config/1_robot_point_mass_0-5m.yaml -> /home/swati/Quad_DR/RotorTM/install/rotor_tm_config/share/rotor_tm_config/config\n'}
[1.642944] (rotor_tm_config) StdoutLine: {'line': b'copying config/load_params/pointmass_payload.yaml -> /home/swati/Quad_DR/RotorTM/install/rotor_tm_config/share/rotor_tm_config/config/load_params\n'}
[1.643164] (rotor_tm_config) StdoutLine: {'line': b'copying config/load_params/triangular_payload.yaml -> /home/swati/Quad_DR/RotorTM/install/rotor_tm_config/share/rotor_tm_config/config/load_params\n'}
[1.643342] (rotor_tm_config) StdoutLine: {'line': b'copying config/load_params/long_bar_wood_payload.yaml -> /home/swati/Quad_DR/RotorTM/install/rotor_tm_config/share/rotor_tm_config/config/load_params\n'}
[1.643531] (rotor_tm_config) StdoutLine: {'line': b'copying config/load_params/fedex_box_payload.yaml -> /home/swati/Quad_DR/RotorTM/install/rotor_tm_config/share/rotor_tm_config/config/load_params\n'}
[1.644285] (rotor_tm_config) StdoutLine: {'line': b'copying config/control_params/snapdragonfly_control_gains.yaml -> /home/swati/Quad_DR/RotorTM/install/rotor_tm_config/share/rotor_tm_config/config/control_params\n'}
[1.644734] (rotor_tm_config) StdoutLine: {'line': b'copying config/cable/3_robots_triangular_payload_1m_bullnose_dragonfly.yaml -> /home/swati/Quad_DR/RotorTM/install/rotor_tm_config/share/rotor_tm_config/config/cable\n'}
[1.644916] (rotor_tm_config) StdoutLine: {'line': b'copying config/cable/2_robots_long_bar_payload_0-5m.yaml -> /home/swati/Quad_DR/RotorTM/install/rotor_tm_config/share/rotor_tm_config/config/cable\n'}
[1.645123] (rotor_tm_config) StdoutLine: {'line': b'copying config/cable/3_robots_triangular_payload_1m_0-5m_different_cable_length.yaml -> /home/swati/Quad_DR/RotorTM/install/rotor_tm_config/share/rotor_tm_config/config/cable\n'}
[1.645369] (rotor_tm_config) StdoutLine: {'line': b'copying config/cable/1_robot_point_mass_0-5m.yaml -> /home/swati/Quad_DR/RotorTM/install/rotor_tm_config/share/rotor_tm_config/config/cable\n'}
[1.645586] (rotor_tm_config) StdoutLine: {'line': b'copying config/cable/3_robots_triangular_payload_1m.yaml -> /home/swati/Quad_DR/RotorTM/install/rotor_tm_config/share/rotor_tm_config/config/cable\n'}
[1.645805] (rotor_tm_config) StdoutLine: {'line': b'copying config/cable/3_robots_triangular_payload_1-2m_1m_0-8m_different_cable_length.yaml -> /home/swati/Quad_DR/RotorTM/install/rotor_tm_config/share/rotor_tm_config/config/cable\n'}
[1.645921] (rotor_tm_config) StdoutLine: {'line': b'copying config/cable/6_robots_fedex_box_0_5m.yaml -> /home/swati/Quad_DR/RotorTM/install/rotor_tm_config/share/rotor_tm_config/config/cable\n'}
[1.646117] (rotor_tm_config) StdoutLine: {'line': b'copying config/cable/3_robots_triangular_payload_1m_different_robots_dynamics.yaml -> /home/swati/Quad_DR/RotorTM/install/rotor_tm_config/share/rotor_tm_config/config/cable\n'}
[1.646378] (rotor_tm_config) StdoutLine: {'line': b'copying config/cable/3_robots_triangular_payload_0-5m.yaml -> /home/swati/Quad_DR/RotorTM/install/rotor_tm_config/share/rotor_tm_config/config/cable\n'}
[1.646572] (rotor_tm_config) StdoutLine: {'line': b'copying config/cable/4_robots_fedex_box_0_5m.yaml -> /home/swati/Quad_DR/RotorTM/install/rotor_tm_config/share/rotor_tm_config/config/cable\n'}
[1.646885] (rotor_tm_config) StdoutLine: {'line': b'copying config/uav_params/hummingbird.yaml -> /home/swati/Quad_DR/RotorTM/install/rotor_tm_config/share/rotor_tm_config/config/uav_params\n'}
[1.647120] (rotor_tm_config) StdoutLine: {'line': b'copying config/uav_params/race.yaml -> /home/swati/Quad_DR/RotorTM/install/rotor_tm_config/share/rotor_tm_config/config/uav_params\n'}
[1.647397] (rotor_tm_config) StdoutLine: {'line': b'copying config/uav_params/snapdragonfly.yaml -> /home/swati/Quad_DR/RotorTM/install/rotor_tm_config/share/rotor_tm_config/config/uav_params\n'}
[1.647547] (rotor_tm_config) StdoutLine: {'line': b'copying config/uav_params/snapdragonfly_bullnose_prop.yaml -> /home/swati/Quad_DR/RotorTM/install/rotor_tm_config/share/rotor_tm_config/config/uav_params\n'}
[1.647789] (rotor_tm_config) StdoutLine: {'line': b'running install_egg_info\n'}
[1.653824] (rotor_tm_utils) CommandEnded: {'returncode': 0}
[1.657472] (rotor_tm_utils) JobEnded: {'identifier': 'rotor_tm_utils', 'rc': 0}
[1.657684] (rotor_tm_control) JobStarted: {'identifier': 'rotor_tm_control'}
[1.661754] (rotor_tm_traj) CommandEnded: {'returncode': 0}
[1.662097] (rotor_tm_config) StdoutLine: {'line': b"removing '/home/swati/Quad_DR/RotorTM/install/rotor_tm_config/lib/python3.10/site-packages/rotor_tm_config-0.0.0-py3.10.egg-info' (and everything under it)\n"}
[1.662458] (rotor_tm_config) StdoutLine: {'line': b'Copying ../../build/rotor_tm_config/rotor_tm_config.egg-info to /home/swati/Quad_DR/RotorTM/install/rotor_tm_config/lib/python3.10/site-packages/rotor_tm_config-0.0.0-py3.10.egg-info\n'}
[1.662589] (rotor_tm_config) StdoutLine: {'line': b'running install_scripts\n'}
[1.663547] (rotor_tm_keyboard2wrench) StdoutLine: {'line': b'Installing keyboard_input script to /home/swati/Quad_DR/RotorTM/install/rotor_tm_keyboard2wrench/lib/rotor_tm_keyboard2wrench\n'}
[1.663885] (rotor_tm_keyboard2wrench) StdoutLine: {'line': b"writing list of installed files to '/home/swati/Quad_DR/RotorTM/build/rotor_tm_keyboard2wrench/install.log'\n"}
[1.666014] (rotor_tm_traj) JobEnded: {'identifier': 'rotor_tm_traj', 'rc': 0}
[1.703027] (-) TimerEvent: {}
[1.750742] (rotor_tm_config) StdoutLine: {'line': b"writing list of installed files to '/home/swati/Quad_DR/RotorTM/build/rotor_tm_config/install.log'\n"}
[1.803187] (-) TimerEvent: {}
[1.844857] (rotor_tm_config) CommandEnded: {'returncode': 0}
[1.848685] (rotor_tm_config) JobEnded: {'identifier': 'rotor_tm_config', 'rc': 0}
[1.849862] (rotor_tm_sim) JobStarted: {'identifier': 'rotor_tm_sim'}
[1.852831] (rotor_tm_keyboard2wrench) CommandEnded: {'returncode': 0}
[1.856654] (rotor_tm_keyboard2wrench) JobEnded: {'identifier': 'rotor_tm_keyboard2wrench', 'rc': 0}
[1.903283] (-) TimerEvent: {}
[2.003596] (-) TimerEvent: {}
[2.103861] (-) TimerEvent: {}
[2.204261] (-) TimerEvent: {}
[2.304437] (rotor_tm_control) Command: {'cmd': ['/usr/bin/python3', '-W', 'ignore:setup.py install is deprecated', 'setup.py', 'egg_info', '--egg-base', '../../build/rotor_tm_control', 'build', '--build-base', '/home/swati/Quad_DR/RotorTM/build/rotor_tm_control/build', 'install', '--record', '/home/swati/Quad_DR/RotorTM/build/rotor_tm_control/install.log', '--single-version-externally-managed', 'install_data'], 'cwd': '/home/swati/Quad_DR/RotorTM/src/rotor_tm_control', 'env': {'LESSOPEN': '| /usr/bin/lesspipe %s', 'USER': 'swati', 'XDG_SESSION_TYPE': 'x11', 'SHLVL': '1', 'LD_LIBRARY_PATH': '/home/swati/Quad_DR/RotorTM/install/rotor_tm_msgs/lib:/opt/hsl/ma27:/usr/lib/x86_64-linux-gnu/gazebo-11/plugins:/opt/ros/humble/opt/rviz_ogre_vendor/lib:/opt/ros/humble/lib/x86_64-linux-gnu:/opt/ros/humble/lib:/usr/share/gazebo/../../lib/x86_64-linux-gnu/gazebo-11/plugins:/home/swati/acados/lib:/home/swati/acados/mpcenv/lib:/home/swati/.casadi_cpp/lib:/opt/hsl/lib', 'ACADOS_SOURCE_DIR': '/home/swati/acados', 'HOME': '/home/swati', 'OLDPWD': '/home/swati/Quad_DR/RotorTM/src', 'DESKTOP_SESSION': 'ubuntu', 'GAZEBO_MASTER_URI': 'http://localhost:11345', 'ROS_PYTHON_VERSION': '3', 'GNOME_SHELL_SESSION_MODE': 'ubuntu', 'GTK_MODULES': 'gail:atk-bridge', 'SYSTEMD_EXEC_PID': '3446', 'DBUS_SESSION_BUS_ADDRESS': 'unix:path=/run/user/1000/bus', 'COLORTERM': 'truecolor', 'CARLA_ROOT': '/home/swati/carla_sim/', 'COLCON_PREFIX_PATH': '/home/swati/Quad_DR/RotorTM/install', 'ROS_DISTRO': 'humble', 'GTK_IM_MODULE': 'ibus', 'LOGNAME': 'swati', '_': '/usr/bin/colcon', 'ROS_VERSION': '2', 'XDG_SESSION_CLASS': 'user', 'USERNAME': 'swati', 'TERM': 'xterm-256color', 'GAZEBO_MODEL_PATH': '/usr/share/gazebo/../../share/gazebo-11/models:', 'GNOME_DESKTOP_SESSION_ID': 'this-is-deprecated', 'ROS_LOCALHOST_ONLY': '0', 'WINDOWPATH': '2', 'OGRE_RESOURCE_PATH': '/usr/lib/x86_64-linux-gnu/OGRE-1.9.0', 'PATH': '/opt/cmake-3.28.3-linux-x86_64/bin:/opt/ros/humble/bin:/home/swati/miniconda3/bin:/home/swati/.cargo/bin:/home/swati/.local/bin:/usr/local/sbin:/usr/local/bin:/usr/sbin:/usr/bin:/sbin:/bin:/usr/games:/usr/local/games:/snap/bin:/snap/bin', 'SESSION_MANAGER': 'local/swati-Legion-Slim-5-16IRH8:@/tmp/.ICE-unix/3157,unix/swati-Legion-Slim-5-16IRH8:/tmp/.ICE-unix/3157', 'XDG_MENU_PREFIX': 'gnome-', 'GNOME_TERMINAL_SCREEN': '/org/gnome/Terminal/screen/4377c507_a8f8_440a_80a2_e0efbbdc9216', 'XDG_RUNTIME_DIR': '/run/user/1000', 'DISPLAY': ':1', 'LANG': 'en_US.UTF-8', 'XDG_CURRENT_DESKTOP': 'ubuntu:GNOME', 'XMODIFIERS': '@im=ibus', 'XDG_SESSION_DESKTOP': 'ubuntu', 'XAUTHORITY': '/run/user/1000/gdm/Xauthority', 'LS_COLORS': 'rs=0:di=01;34:ln=01;36:mh=00:pi=40;33:so=01;35:do=01;35:bd=40;33;01:cd=40;33;01:or=40;31;01:mi=00:su=37;41:sg=30;43:ca=30;41:tw=30;42:ow=34;42:st=37;44:ex=01;32:*.tar=01;31:*.tgz=01;31:*.arc=01;31:*.arj=01;31:*.taz=01;31:*.lha=01;31:*.lz4=01;31:*.lzh=01;31:*.lzma=01;31:*.tlz=01;31:*.txz=01;31:*.tzo=01;31:*.t7z=01;31:*.zip=01;31:*.z=01;31:*.dz=01;31:*.gz=01;31:*.lrz=01;31:*.lz=01;31:*.lzo=01;31:*.xz=01;31:*.zst=01;31:*.tzst=01;31:*.bz2=01;31:*.bz=01;31:*.tbz=01;31:*.tbz2=01;31:*.tz=01;31:*.deb=01;31:*.rpm=01;31:*.jar=01;31:*.war=01;31:*.ear=01;31:*.sar=01;31:*.rar=01;31:*.alz=01;31:*.ace=01;31:*.zoo=01;31:*.cpio=01;31:*.7z=01;31:*.rz=01;31:*.cab=01;31:*.wim=01;31:*.swm=01;31:*.dwm=01;31:*.esd=01;31:*.jpg=01;35:*.jpeg=01;35:*.mjpg=01;35:*.mjpeg=01;35:*.gif=01;35:*.bmp=01;35:*.pbm=01;35:*.pgm=01;35:*.ppm=01;35:*.tga=01;35:*.xbm=01;35:*.xpm=01;35:*.tif=01;35:*.tiff=01;35:*.png=01;35:*.svg=01;35:*.svgz=01;35:*.mng=01;35:*.pcx=01;35:*.mov=01;35:*.mpg=01;35:*.mpeg=01;35:*.m2v=01;35:*.mkv=01;35:*.webm=01;35:*.webp=01;35:*.ogm=01;35:*.mp4=01;35:*.m4v=01;35:*.mp4v=01;35:*.vob=01;35:*.qt=01;35:*.nuv=01;35:*.wmv=01;35:*.asf=01;35:*.rm=01;35:*.rmvb=01;35:*.flc=01;35:*.avi=01;35:*.fli=01;35:*.flv=01;35:*.gl=01;35:*.dl=01;35:*.xcf=01;35:*.xwd=01;35:*.yuv=01;35:*.cgm=01;35:*.emf=01;35:*.ogv=01;35:*.ogx=01;35:*.aac=00;36:*.au=00;36:*.flac=00;36:*.m4a=00;36:*.mid=00;36:*.midi=00;36:*.mka=00;36:*.mp3=00;36:*.mpc=00;36:*.ogg=00;36:*.ra=00;36:*.wav=00;36:*.oga=00;36:*.opus=00;36:*.spx=00;36:*.xspf=00;36:', 'GNOME_TERMINAL_SERVICE': ':1.135', 'SSH_AGENT_LAUNCHER': 'gnome-keyring', 'SSH_AUTH_SOCK': '/run/user/1000/keyring/ssh', 'AMENT_PREFIX_PATH': '/home/swati/Quad_DR/RotorTM/install/rotor_tm_utils:/home/swati/Quad_DR/RotorTM/install/rotor_tm_sim:/home/swati/Quad_DR/RotorTM/install/rotor_tm_control:/home/swati/Quad_DR/RotorTM/install/rotor_tm_traj:/home/swati/Quad_DR/RotorTM/install/rotor_tm_msgs:/home/swati/Quad_DR/RotorTM/install/rotor_tm_keyboard2wrench:/home/swati/Quad_DR/RotorTM/install/rotor_tm_config:/opt/ros/humble', 'SHELL': '/bin/bash', 'QT_ACCESSIBILITY': '1', 'GDMSESSION': 'ubuntu', 'LESSCLOSE': '/usr/bin/lesspipe %s %s', 'GPG_AGENT_INFO': '/run/user/1000/gnupg/S.gpg-agent:0:1', 'GAZEBO_RESOURCE_PATH': '/usr/share/gazebo/../../share/gazebo-11:', 'GAZEBO_MODEL_DATABASE_URI': 'http://models.gazebosim.org', 'QT_IM_MODULE': 'ibus', 'PWD': '/home/swati/Quad_DR/RotorTM/build/rotor_tm_control', 'LC_ALL': 'en_US.UTF-8', 'XDG_CONFIG_DIRS': '/etc/xdg/xdg-ubuntu:/etc/xdg', 'GAZEBO_PLUGIN_PATH': '/usr/share/gazebo/../../lib/x86_64-linux-gnu/gazebo-11/plugins:', 'XDG_DATA_DIRS': '/usr/share/ubuntu:/usr/share/gnome:/usr/local/share/:/usr/share/:/var/lib/snapd/desktop', 'PYTHONPATH': '/home/swati/Quad_DR/RotorTM/build/rotor_tm_control/prefix_override:/usr/lib/python3/dist-packages/colcon_core/task/python/colcon_distutils_commands:/home/swati/Quad_DR/RotorTM/install/rotor_tm_control/lib/python3.10/site-packages:/home/swati/Quad_DR/RotorTM/install/rotor_tm_utils/lib/python3.10/site-packages:/home/swati/Quad_DR/RotorTM/install/rotor_tm_sim/lib/python3.10/site-packages:/home/swati/Quad_DR/RotorTM/install/rotor_tm_control/lib/python3.10/site-packages:/home/swati/Quad_DR/RotorTM/install/rotor_tm_traj/lib/python3.10/site-packages:/home/swati/Quad_DR/RotorTM/install/rotor_tm_msgs/local/lib/python3.10/dist-packages:/home/swati/Quad_DR/RotorTM/install/rotor_tm_keyboard2wrench/lib/python3.10/site-packages:/home/swati/Quad_DR/RotorTM/install/rotor_tm_config/lib/python3.10/site-packages:/opt/ros/humble/lib/python3.10/site-packages:/opt/ros/humble/local/lib/python3.10/dist-packages:/PythonAPI/carla/dist/carla-0.9.14-py3.10-linux-x86_64.egg:/home/swati/carla_sim10/Carla-0.10.0-Linux-Shipping/PythonAPI/carla', 'CPATH': '/home/swati/.local/lib/python3.10/site-packages/casadi/include:', 'COLCON': '1', 'VTE_VERSION': '6800', 'CMAKE_PREFIX_PATH': '/home/swati/Quad_DR/RotorTM/install/rotor_tm_msgs'}, 'shell': False}
[2.306203] (-) TimerEvent: {}
[2.406443] (-) TimerEvent: {}
[2.418977] (rotor_tm_control) StderrLine: {'line': b"/home/swati/.local/lib/python3.10/site-packages/setuptools/_distutils/dist.py:261: UserWarning: Unknown distribution option: 'tests_require'\n"}
[2.419194] (rotor_tm_control) StderrLine: {'line': b'  warnings.warn(msg)\n'}
[2.487761] (rotor_tm_sim) Command: {'cmd': ['/usr/bin/python3', '-W', 'ignore:setup.py install is deprecated', 'setup.py', 'egg_info', '--egg-base', '../../build/rotor_tm_sim', 'build', '--build-base', '/home/swati/Quad_DR/RotorTM/build/rotor_tm_sim/build', 'install', '--record', '/home/swati/Quad_DR/RotorTM/build/rotor_tm_sim/install.log', '--single-version-externally-managed', 'install_data'], 'cwd': '/home/swati/Quad_DR/RotorTM/src/rotor_tm_sim', 'env': {'LESSOPEN': '| /usr/bin/lesspipe %s', 'USER': 'swati', 'XDG_SESSION_TYPE': 'x11', 'SHLVL': '1', 'LD_LIBRARY_PATH': '/home/swati/Quad_DR/RotorTM/install/rotor_tm_msgs/lib:/opt/hsl/ma27:/usr/lib/x86_64-linux-gnu/gazebo-11/plugins:/opt/ros/humble/opt/rviz_ogre_vendor/lib:/opt/ros/humble/lib/x86_64-linux-gnu:/opt/ros/humble/lib:/usr/share/gazebo/../../lib/x86_64-linux-gnu/gazebo-11/plugins:/home/swati/acados/lib:/home/swati/acados/mpcenv/lib:/home/swati/.casadi_cpp/lib:/opt/hsl/lib', 'ACADOS_SOURCE_DIR': '/home/swati/acados', 'HOME': '/home/swati', 'OLDPWD': '/home/swati/Quad_DR/RotorTM/src', 'DESKTOP_SESSION': 'ubuntu', 'GAZEBO_MASTER_URI': 'http://localhost:11345', 'ROS_PYTHON_VERSION': '3', 'GNOME_SHELL_SESSION_MODE': 'ubuntu', 'GTK_MODULES': 'gail:atk-bridge', 'SYSTEMD_EXEC_PID': '3446', 'DBUS_SESSION_BUS_ADDRESS': 'unix:path=/run/user/1000/bus', 'COLORTERM': 'truecolor', 'CARLA_ROOT': '/home/swati/carla_sim/', 'COLCON_PREFIX_PATH': '/home/swati/Quad_DR/RotorTM/install', 'ROS_DISTRO': 'humble', 'GTK_IM_MODULE': 'ibus', 'LOGNAME': 'swati', '_': '/usr/bin/colcon', 'ROS_VERSION': '2', 'XDG_SESSION_CLASS': 'user', 'USERNAME': 'swati', 'TERM': 'xterm-256color', 'GAZEBO_MODEL_PATH': '/usr/share/gazebo/../../share/gazebo-11/models:', 'GNOME_DESKTOP_SESSION_ID': 'this-is-deprecated', 'ROS_LOCALHOST_ONLY': '0', 'WINDOWPATH': '2', 'OGRE_RESOURCE_PATH': '/usr/lib/x86_64-linux-gnu/OGRE-1.9.0', 'PATH': '/opt/cmake-3.28.3-linux-x86_64/bin:/opt/ros/humble/bin:/home/swati/miniconda3/bin:/home/swati/.cargo/bin:/home/swati/.local/bin:/usr/local/sbin:/usr/local/bin:/usr/sbin:/usr/bin:/sbin:/bin:/usr/games:/usr/local/games:/snap/bin:/snap/bin', 'SESSION_MANAGER': 'local/swati-Legion-Slim-5-16IRH8:@/tmp/.ICE-unix/3157,unix/swati-Legion-Slim-5-16IRH8:/tmp/.ICE-unix/3157', 'XDG_MENU_PREFIX': 'gnome-', 'GNOME_TERMINAL_SCREEN': '/org/gnome/Terminal/screen/4377c507_a8f8_440a_80a2_e0efbbdc9216', 'XDG_RUNTIME_DIR': '/run/user/1000', 'DISPLAY': ':1', 'LANG': 'en_US.UTF-8', 'XDG_CURRENT_DESKTOP': 'ubuntu:GNOME', 'XMODIFIERS': '@im=ibus', 'XDG_SESSION_DESKTOP': 'ubuntu', 'XAUTHORITY': '/run/user/1000/gdm/Xauthority', 'LS_COLORS': 'rs=0:di=01;34:ln=01;36:mh=00:pi=40;33:so=01;35:do=01;35:bd=40;33;01:cd=40;33;01:or=40;31;01:mi=00:su=37;41:sg=30;43:ca=30;41:tw=30;42:ow=34;42:st=37;44:ex=01;32:*.tar=01;31:*.tgz=01;31:*.arc=01;31:*.arj=01;31:*.taz=01;31:*.lha=01;31:*.lz4=01;31:*.lzh=01;31:*.lzma=01;31:*.tlz=01;31:*.txz=01;31:*.tzo=01;31:*.t7z=01;31:*.zip=01;31:*.z=01;31:*.dz=01;31:*.gz=01;31:*.lrz=01;31:*.lz=01;31:*.lzo=01;31:*.xz=01;31:*.zst=01;31:*.tzst=01;31:*.bz2=01;31:*.bz=01;31:*.tbz=01;31:*.tbz2=01;31:*.tz=01;31:*.deb=01;31:*.rpm=01;31:*.jar=01;31:*.war=01;31:*.ear=01;31:*.sar=01;31:*.rar=01;31:*.alz=01;31:*.ace=01;31:*.zoo=01;31:*.cpio=01;31:*.7z=01;31:*.rz=01;31:*.cab=01;31:*.wim=01;31:*.swm=01;31:*.dwm=01;31:*.esd=01;31:*.jpg=01;35:*.jpeg=01;35:*.mjpg=01;35:*.mjpeg=01;35:*.gif=01;35:*.bmp=01;35:*.pbm=01;35:*.pgm=01;35:*.ppm=01;35:*.tga=01;35:*.xbm=01;35:*.xpm=01;35:*.tif=01;35:*.tiff=01;35:*.png=01;35:*.svg=01;35:*.svgz=01;35:*.mng=01;35:*.pcx=01;35:*.mov=01;35:*.mpg=01;35:*.mpeg=01;35:*.m2v=01;35:*.mkv=01;35:*.webm=01;35:*.webp=01;35:*.ogm=01;35:*.mp4=01;35:*.m4v=01;35:*.mp4v=01;35:*.vob=01;35:*.qt=01;35:*.nuv=01;35:*.wmv=01;35:*.asf=01;35:*.rm=01;35:*.rmvb=01;35:*.flc=01;35:*.avi=01;35:*.fli=01;35:*.flv=01;35:*.gl=01;35:*.dl=01;35:*.xcf=01;35:*.xwd=01;35:*.yuv=01;35:*.cgm=01;35:*.emf=01;35:*.ogv=01;35:*.ogx=01;35:*.aac=00;36:*.au=00;36:*.flac=00;36:*.m4a=00;36:*.mid=00;36:*.midi=00;36:*.mka=00;36:*.mp3=00;36:*.mpc=00;36:*.ogg=00;36:*.ra=00;36:*.wav=00;36:*.oga=00;36:*.opus=00;36:*.spx=00;36:*.xspf=00;36:', 'GNOME_TERMINAL_SERVICE': ':1.135', 'SSH_AGENT_LAUNCHER': 'gnome-keyring', 'SSH_AUTH_SOCK': '/run/user/1000/keyring/ssh', 'AMENT_PREFIX_PATH': '/home/swati/Quad_DR/RotorTM/install/rotor_tm_utils:/home/swati/Quad_DR/RotorTM/install/rotor_tm_config:/home/swati/Quad_DR/RotorTM/install/rotor_tm_sim:/home/swati/Quad_DR/RotorTM/install/rotor_tm_control:/home/swati/Quad_DR/RotorTM/install/rotor_tm_traj:/home/swati/Quad_DR/RotorTM/install/rotor_tm_msgs:/home/swati/Quad_DR/RotorTM/install/rotor_tm_keyboard2wrench:/opt/ros/humble', 'SHELL': '/bin/bash', 'QT_ACCESSIBILITY': '1', 'GDMSESSION': 'ubuntu', 'LESSCLOSE': '/usr/bin/lesspipe %s %s', 'GPG_AGENT_INFO': '/run/user/1000/gnupg/S.gpg-agent:0:1', 'GAZEBO_RESOURCE_PATH': '/usr/share/gazebo/../../share/gazebo-11:', 'GAZEBO_MODEL_DATABASE_URI': 'http://models.gazebosim.org', 'QT_IM_MODULE': 'ibus', 'PWD': '/home/swati/Quad_DR/RotorTM/build/rotor_tm_sim', 'LC_ALL': 'en_US.UTF-8', 'XDG_CONFIG_DIRS': '/etc/xdg/xdg-ubuntu:/etc/xdg', 'GAZEBO_PLUGIN_PATH': '/usr/share/gazebo/../../lib/x86_64-linux-gnu/gazebo-11/plugins:', 'XDG_DATA_DIRS': '/usr/share/ubuntu:/usr/share/gnome:/usr/local/share/:/usr/share/:/var/lib/snapd/desktop', 'PYTHONPATH': '/home/swati/Quad_DR/RotorTM/build/rotor_tm_sim/prefix_override:/usr/lib/python3/dist-packages/colcon_core/task/python/colcon_distutils_commands:/home/swati/Quad_DR/RotorTM/install/rotor_tm_sim/lib/python3.10/site-packages:/home/swati/Quad_DR/RotorTM/install/rotor_tm_utils/lib/python3.10/site-packages:/home/swati/Quad_DR/RotorTM/install/rotor_tm_config/lib/python3.10/site-packages:/home/swati/Quad_DR/RotorTM/install/rotor_tm_sim/lib/python3.10/site-packages:/home/swati/Quad_DR/RotorTM/install/rotor_tm_control/lib/python3.10/site-packages:/home/swati/Quad_DR/RotorTM/install/rotor_tm_traj/lib/python3.10/site-packages:/home/swati/Quad_DR/RotorTM/install/rotor_tm_msgs/local/lib/python3.10/dist-packages:/home/swati/Quad_DR/RotorTM/install/rotor_tm_keyboard2wrench/lib/python3.10/site-packages:/opt/ros/humble/lib/python3.10/site-packages:/opt/ros/humble/local/lib/python3.10/dist-packages:/PythonAPI/carla/dist/carla-0.9.14-py3.10-linux-x86_64.egg:/home/swati/carla_sim10/Carla-0.10.0-Linux-Shipping/PythonAPI/carla', 'CPATH': '/home/swati/.local/lib/python3.10/site-packages/casadi/include:', 'COLCON': '1', 'VTE_VERSION': '6800', 'CMAKE_PREFIX_PATH': '/home/swati/Quad_DR/RotorTM/install/rotor_tm_msgs'}, 'shell': False}
[2.502941] (rotor_tm_control) StdoutLine: {'line': b'running egg_info\n'}
[2.506506] (-) TimerEvent: {}
[2.513587] (rotor_tm_control) StdoutLine: {'line': b'writing ../../build/rotor_tm_control/rotor_tm_control.egg-info/PKG-INFO\n'}
[2.513821] (rotor_tm_control) StdoutLine: {'line': b'writing dependency_links to ../../build/rotor_tm_control/rotor_tm_control.egg-info/dependency_links.txt\n'}
[2.513940] (rotor_tm_control) StdoutLine: {'line': b'writing entry points to ../../build/rotor_tm_control/rotor_tm_control.egg-info/entry_points.txt\n'}
[2.514056] (rotor_tm_control) StdoutLine: {'line': b'writing requirements to ../../build/rotor_tm_control/rotor_tm_control.egg-info/requires.txt\n'}
[2.514171] (rotor_tm_control) StdoutLine: {'line': b'writing top-level names to ../../build/rotor_tm_control/rotor_tm_control.egg-info/top_level.txt\n'}
[2.547003] (rotor_tm_control) StdoutLine: {'line': b"reading manifest file '../../build/rotor_tm_control/rotor_tm_control.egg-info/SOURCES.txt'\n"}
[2.547319] (rotor_tm_control) StdoutLine: {'line': b"adding license file 'LICENSE'\n"}
[2.548046] (rotor_tm_control) StdoutLine: {'line': b"writing manifest file '../../build/rotor_tm_control/rotor_tm_control.egg-info/SOURCES.txt'\n"}
[2.548202] (rotor_tm_control) StdoutLine: {'line': b'running build\n'}
[2.548284] (rotor_tm_control) StdoutLine: {'line': b'running build_py\n'}
[2.548476] (rotor_tm_control) StdoutLine: {'line': b'copying rotor_tm_control/temp.py -> /home/swati/Quad_DR/RotorTM/build/rotor_tm_control/build/lib/rotor_tm_control\n'}
[2.548558] (rotor_tm_control) StdoutLine: {'line': b'copying rotor_tm_control/controller_node.py -> /home/swati/Quad_DR/RotorTM/build/rotor_tm_control/build/lib/rotor_tm_control\n'}
[2.548725] (rotor_tm_control) StdoutLine: {'line': b'copying rotor_tm_control/controller.py -> /home/swati/Quad_DR/RotorTM/build/rotor_tm_control/build/lib/rotor_tm_control\n'}
[2.548847] (rotor_tm_control) StdoutLine: {'line': b'copying rotor_tm_control/__init__.py -> /home/swati/Quad_DR/RotorTM/build/rotor_tm_control/build/lib/rotor_tm_control\n'}
[2.548922] (rotor_tm_control) StdoutLine: {'line': b'running install\n'}
[2.551845] (rotor_tm_control) StdoutLine: {'line': b'running install_lib\n'}
[2.563357] (rotor_tm_control) StdoutLine: {'line': b'running install_data\n'}
[2.563533] (rotor_tm_control) StdoutLine: {'line': b'copying resource/rotor_tm_control -> /home/swati/Quad_DR/RotorTM/install/rotor_tm_control/share/ament_index/resource_index/packages\n'}
[2.563704] (rotor_tm_control) StdoutLine: {'line': b'copying package.xml -> /home/swati/Quad_DR/RotorTM/install/rotor_tm_control/share/rotor_tm_control\n'}
[2.563804] (rotor_tm_control) StdoutLine: {'line': b'running install_egg_info\n'}
[2.575334] (rotor_tm_control) StdoutLine: {'line': b"removing '/home/swati/Quad_DR/RotorTM/install/rotor_tm_control/lib/python3.10/site-packages/rotor_tm_control-0.0.0-py3.10.egg-info' (and everything under it)\n"}
[2.575582] (rotor_tm_control) StdoutLine: {'line': b'Copying ../../build/rotor_tm_control/rotor_tm_control.egg-info to /home/swati/Quad_DR/RotorTM/install/rotor_tm_control/lib/python3.10/site-packages/rotor_tm_control-0.0.0-py3.10.egg-info\n'}
[2.575822] (rotor_tm_control) StdoutLine: {'line': b'running install_scripts\n'}
[2.596505] (rotor_tm_sim) StderrLine: {'line': b"/home/swati/.local/lib/python3.10/site-packages/setuptools/_distutils/dist.py:261: UserWarning: Unknown distribution option: 'tests_require'\n"}
[2.596677] (rotor_tm_sim) StderrLine: {'line': b'  warnings.warn(msg)\n'}
[2.606636] (-) TimerEvent: {}
[2.663350] (rotor_tm_control) StdoutLine: {'line': b'Installing controller_node script to /home/swati/Quad_DR/RotorTM/install/rotor_tm_control/lib/rotor_tm_control\n'}
[2.663565] (rotor_tm_control) StdoutLine: {'line': b"writing list of installed files to '/home/swati/Quad_DR/RotorTM/build/rotor_tm_control/install.log'\n"}
[2.678621] (rotor_tm_sim) StdoutLine: {'line': b'running egg_info\n'}
[2.681524] (rotor_tm_control) CommandEnded: {'returncode': 0}
[2.685407] (rotor_tm_control) JobEnded: {'identifier': 'rotor_tm_control', 'rc': 0}
[2.689028] (rotor_tm_sim) StdoutLine: {'line': b'writing ../../build/rotor_tm_sim/rotor_tm_sim.egg-info/PKG-INFO\n'}
[2.689313] (rotor_tm_sim) StdoutLine: {'line': b'writing dependency_links to ../../build/rotor_tm_sim/rotor_tm_sim.egg-info/dependency_links.txt\n'}
[2.689441] (rotor_tm_sim) StdoutLine: {'line': b'writing entry points to ../../build/rotor_tm_sim/rotor_tm_sim.egg-info/entry_points.txt\n'}
[2.689553] (rotor_tm_sim) StdoutLine: {'line': b'writing requirements to ../../build/rotor_tm_sim/rotor_tm_sim.egg-info/requires.txt\n'}
[2.689676] (rotor_tm_sim) StdoutLine: {'line': b'writing top-level names to ../../build/rotor_tm_sim/rotor_tm_sim.egg-info/top_level.txt\n'}
[2.706724] (-) TimerEvent: {}
[2.723014] (rotor_tm_sim) StdoutLine: {'line': b"reading manifest file '../../build/rotor_tm_sim/rotor_tm_sim.egg-info/SOURCES.txt'\n"}
[2.723353] (rotor_tm_sim) StdoutLine: {'line': b"adding license file 'LICENSE'\n"}
[2.724122] (rotor_tm_sim) StdoutLine: {'line': b"writing manifest file '../../build/rotor_tm_sim/rotor_tm_sim.egg-info/SOURCES.txt'\n"}
[2.724265] (rotor_tm_sim) StdoutLine: {'line': b'running build\n'}
[2.724339] (rotor_tm_sim) StdoutLine: {'line': b'running build_py\n'}
[2.724456] (rotor_tm_sim) StdoutLine: {'line': b'copying rotor_tm_sim/temp.py -> /home/swati/Quad_DR/RotorTM/build/rotor_tm_sim/build/lib/rotor_tm_sim\n'}
[2.724579] (rotor_tm_sim) StdoutLine: {'line': b'copying rotor_tm_sim/sim_utils.py -> /home/swati/Quad_DR/RotorTM/build/rotor_tm_sim/build/lib/rotor_tm_sim\n'}
[2.724701] (rotor_tm_sim) StdoutLine: {'line': b'copying rotor_tm_sim/simulation_base.py -> /home/swati/Quad_DR/RotorTM/build/rotor_tm_sim/build/lib/rotor_tm_sim\n'}
[2.724823] (rotor_tm_sim) StdoutLine: {'line': b'copying rotor_tm_sim/__init__.py -> /home/swati/Quad_DR/RotorTM/build/rotor_tm_sim/build/lib/rotor_tm_sim\n'}
[2.724894] (rotor_tm_sim) StdoutLine: {'line': b'copying rotor_tm_sim/runsim.py -> /home/swati/Quad_DR/RotorTM/build/rotor_tm_sim/build/lib/rotor_tm_sim\n'}
[2.725064] (rotor_tm_sim) StdoutLine: {'line': b'running install\n'}
[2.728059] (rotor_tm_sim) StdoutLine: {'line': b'running install_lib\n'}
[2.739518] (rotor_tm_sim) StdoutLine: {'line': b'running install_data\n'}
[2.739750] (rotor_tm_sim) StdoutLine: {'line': b'copying resource/rotor_tm_sim -> /home/swati/Quad_DR/RotorTM/install/rotor_tm_sim/share/ament_index/resource_index/packages\n'}
[2.739859] (rotor_tm_sim) StdoutLine: {'line': b'copying package.xml -> /home/swati/Quad_DR/RotorTM/install/rotor_tm_sim/share/rotor_tm_sim\n'}
[2.740015] (rotor_tm_sim) StdoutLine: {'line': b'copying launch/sim_launch.py -> /home/swati/Quad_DR/RotorTM/install/rotor_tm_sim/share/rotor_tm_sim/launch\n'}
[2.740132] (rotor_tm_sim) StdoutLine: {'line': b'copying launch/rotortm_single_controller_node.py -> /home/swati/Quad_DR/RotorTM/install/rotor_tm_sim/share/rotor_tm_sim/launch\n'}
[2.740247] (rotor_tm_sim) StdoutLine: {'line': b'copying launch/editable_launch.py -> /home/swati/Quad_DR/RotorTM/install/rotor_tm_sim/share/rotor_tm_sim/launch\n'}
[2.740319] (rotor_tm_sim) StdoutLine: {'line': b'copying launch/rviz.py -> /home/swati/Quad_DR/RotorTM/install/rotor_tm_sim/share/rotor_tm_sim/launch\n'}
[2.740413] (rotor_tm_sim) StdoutLine: {'line': b'copying launch/controller_launcher.py -> /home/swati/Quad_DR/RotorTM/install/rotor_tm_sim/share/rotor_tm_sim/launch\n'}
[2.740613] (rotor_tm_sim) StdoutLine: {'line': b'running install_egg_info\n'}
[2.752575] (rotor_tm_sim) StdoutLine: {'line': b"removing '/home/swati/Quad_DR/RotorTM/install/rotor_tm_sim/lib/python3.10/site-packages/rotor_tm_sim-0.0.0-py3.10.egg-info' (and everything under it)\n"}
[2.752742] (rotor_tm_sim) StdoutLine: {'line': b'Copying ../../build/rotor_tm_sim/rotor_tm_sim.egg-info to /home/swati/Quad_DR/RotorTM/install/rotor_tm_sim/lib/python3.10/site-packages/rotor_tm_sim-0.0.0-py3.10.egg-info\n'}
[2.753225] (rotor_tm_sim) StdoutLine: {'line': b'running install_scripts\n'}
[2.806850] (-) TimerEvent: {}
[2.841226] (rotor_tm_sim) StdoutLine: {'line': b'Installing sim_node script to /home/swati/Quad_DR/RotorTM/install/rotor_tm_sim/lib/rotor_tm_sim\n'}
[2.841576] (rotor_tm_sim) StdoutLine: {'line': b"writing list of installed files to '/home/swati/Quad_DR/RotorTM/build/rotor_tm_sim/install.log'\n"}
[2.860488] (rotor_tm_sim) CommandEnded: {'returncode': 0}
[2.866811] (rotor_tm_sim) JobEnded: {'identifier': 'rotor_tm_sim', 'rc': 0}
[2.867227] (-) EventReactorShutdown: {}
